HYDROLAB MS5 64822,,,,,,,,,,,,,,,,,
Log File Name : Beaver_071316_080516,,,,,,,,,,,,,,,,,
Setup Date (MMDDYY) : 071116,,,,,,,,,,,,,,,,,
Setup Time (HHMMSS) : 151826,,,,,,,,,,,,,,,,,
Starting Date (MMDDYY) : 071316,,,,,,,,,,,,,,,,,
Starting Time (HHMMSS) : 080000,,,,,,,,,,,,,,,,,
Stopping Date (MMDDYY) : 080516,,,,,,,,,,,,,,,,,
Stopping Time (HHMMSS) : 235959,,,,,,,,,,,,,,,,,
Interval (HHMMSS) : 001500,,,,,,,,,,,,,,,,,
Sensor warmup (HHMMSS) : 000030,,,,,,,,,,,,,,,,,
Circltr warmup (HHMMSS) : 000030,,,,,,,,,,,,,,,,,
,,,,,,,,,,,,,,,,,
,,,,,,,,,,,,,,,,,
Date,Time,,Temp,,pH,,Sal,,TurbSC,,LDO%,,LDO,,IBatt,,SpCond
MMDDYY,HHMMSS,,øC,,Units,,ppt,,NTU,,Sat,,mg/l,,Volts,,æS/cm
,,,,,,,,,,,,,,,,,
7/13/2016,8:00:00,,21.9,,7.1,,0.2,,0,,107.6,,7.83,,12.6,,405
7/13/2016,8:15:00,,21.9,,7.16,,0.2,,0,,108.9,,7.92,,12.6,,405
7/13/2016,8:30:00,,21.9,,7.17,,0.2,,0,,109.2,,7.95,,12.6,,405
7/13/2016,8:45:00,,21.9,,7.17,,0.2,,0,,109.2,,7.94,,12.6,,405
7/13/2016,9:00:00,,21.9,,7.15,,0.2,,0,,108.6,,7.9,,12.6,,405
7/13/2016,9:15:00,,21.9,,7.14,,0.2,,0,,108.1,,7.86,,12.6,,405
7/13/2016,9:30:00,,21.9,,7.13,,0.2,,0,,108,,7.85,,12.6,,406
7/13/2016,9:45:00,,21.89,,7.13,,0.2,,0,,107.6,,7.83,,12.6,,406
7/13/2016,10:00:00,,21.88,,7.13,,0.2,,0,,107,,7.79,,12.6,,406
7/13/2016,10:15:00,,21.88,,7.13,,0.2,,0,,106.8,,7.77,,12.6,,407
7/13/2016,10:30:00,,21.89,,7.13,,0.2,,0,,106.6,,7.76,,12.6,,407
7/13/2016,10:45:00,,21.92,,7.13,,0.2,,0,,106.4,,7.74,,12.7,,407
7/13/2016,11:00:00,,21.94,,7.12,,0.2,,0,,108,,7.85,,12.6,,403
7/13/2016,11:15:00,,21.98,,7.11,,0.2,,0,,109,,7.91,,12.7,,403
7/13/2016,11:30:00,,22.02,,7.11,,0.2,,0,,109.7,,7.96,,12.7,,402
7/13/2016,11:45:00,,22.06,,7.11,,0.2,,0,,110,,7.98,,12.7,,402
7/13/2016,12:00:00,,22.09,,7.1,,0.2,,0,,109.4,,7.93,,12.7,,402
7/13/2016,12:15:00,,22.13,,7.11,,0.2,,0,,109.2,,7.91,,12.7,,402
7/13/2016,12:30:00,,22.16,,7.11,,0.2,,0,,108.9,,7.88,,12.7,,402
7/13/2016,12:45:00,,22.18,,7.1,,0.2,,0,,108.7,,7.86,,12.7,,402
7/13/2016,13:00:00,,22.2,,7.09,,0.2,,0,,108.5,,7.84,,12.7,,402
7/13/2016,13:15:00,,22.21,,7.1,,0.2,,0,,108.3,,7.83,,12.7,,402
7/13/2016,13:30:00,,23.4,,7.11,,-0.01,,0,,110.2,,7.8,,12.7,,0.3
7/13/2016,13:45:00,,25.41,,7.03,,0,,0,,114.4,,7.79,,12.7,,0.9
7/13/2016,14:00:00,,14.94,,7.16,,0.06,,4.8,,116.1,,9.76,,12.7,,138.3
7/13/2016,14:15:00,,14.99,,7.36,,0.06,,1.7,,116.2,,9.76,,12.6,,138.4
7/13/2016,14:30:00,,15.11,,7.39,,0.06,,0.9,,116.8,,9.78,,12.5,,138.6
7/13/2016,14:45:00,,15.2,,7.41,,0.06,,1.4,,117,,9.78,,12.5,,138.7
7/13/2016,15:00:00,,15.33,,7.42,,0.06,,0.9,,117.6,,9.8,,12.5,,138.6
7/13/2016,15:15:00,,15.46,,7.43,,0.06,,1,,118.3,,9.83,,12.5,,138.8
7/13/2016,15:30:00,,15.47,,7.43,,0.06,,0.9,,117.8,,9.79,,12.5,,139
7/13/2016,15:45:00,,15.48,,7.44,,0.06,,0.8,,118,,9.8,,12.5,,138.8
7/13/2016,16:00:00,,15.49,,7.45,,0.06,,0.9,,117.7,,9.78,,12.5,,139
7/13/2016,16:15:00,,15.54,,7.45,,0.06,,1.2,,118.1,,9.8,,12.5,,138.9
7/13/2016,16:30:00,,15.64,,7.45,,0.06,,1.2,,118.5,,9.81,,12.5,,139
7/13/2016,16:45:00,,15.64,,7.46,,0.06,,0.9,,118.3,,9.8,,12.5,,139.2
7/13/2016,17:00:00,,15.61,,7.46,,0.06,,1,,118.2,,9.79,,12.5,,139
7/13/2016,17:15:00,,15.57,,7.46,,0.06,,1,,117.6,,9.75,,12.5,,139
7/13/2016,17:30:00,,15.54,,7.46,,0.06,,1,,117.3,,9.73,,12.5,,139.1
7/13/2016,17:45:00,,15.51,,7.46,,0.06,,1,,117.2,,9.73,,12.5,,139.1
7/13/2016,18:00:00,,15.51,,7.46,,0.06,,0.9,,117,,9.72,,12.5,,139.4
7/13/2016,18:15:00,,15.48,,7.46,,0.06,,0.9,,116.4,,9.67,,12.5,,139.1
7/13/2016,18:30:00,,15.44,,7.46,,0.06,,1.1,,116.1,,9.65,,12.5,,139.4
7/13/2016,18:45:00,,15.44,,7.46,,0.06,,1.3,,115.7,,9.62,,12.5,,139.4
7/13/2016,19:00:00,,15.45,,7.46,,0.06,,0.7,,115.9,,9.63,,12.6,,139.5
7/13/2016,19:15:00,,15.46,,7.46,,0.06,,1,,115.9,,9.63,,12.5,,139.2
7/13/2016,19:30:00,,15.44,,7.46,,0.06,,1.3,,115.5,,9.6,,12.6,,139.6
7/13/2016,19:45:00,,15.43,,7.46,,0.06,,0.8,,114.7,,9.54,,12.5,,139.6
7/13/2016,20:00:00,,15.4,,7.45,,0.06,,1,,114.1,,9.5,,12.6,,139.7
7/13/2016,20:15:00,,15.37,,7.45,,0.06,,0.9,,114.1,,9.5,,12.6,,139.5
7/13/2016,20:30:00,,15.34,,7.45,,0.06,,1.1,,113.4,,9.45,,12.6,,139.7
7/13/2016,20:45:00,,15.3,,7.45,,0.06,,0.9,,112.7,,9.4,,12.6,,139.6
7/13/2016,21:00:00,,15.26,,7.44,,0.06,,1.2,,112.6,,9.4,,12.6,,139.8
7/13/2016,21:15:00,,15.21,,7.44,,0.06,,1.2,,112.4,,9.39,,12.6,,139.9
7/13/2016,21:30:00,,15.18,,7.43,,0.06,,2.1,,111.2,,9.3,,12.6,,139.8
7/13/2016,21:45:00,,15.15,,7.43,,0.06,,2.2,,110.9,,9.28,,12.6,,139.7
7/13/2016,22:00:00,,15.11,,7.43,,0.06,,1.3,,110.5,,9.25,,12.6,,140
7/13/2016,22:15:00,,15.07,,7.42,,0.06,,0.8,,109.9,,9.21,,12.6,,139.9
7/13/2016,22:30:00,,15.03,,7.41,,0.06,,1.6,,109.1,,9.15,,12.6,,140.1
7/13/2016,22:45:00,,14.99,,7.41,,0.06,,0.9,,108.6,,9.12,,12.6,,140.2
7/13/2016,23:00:00,,14.94,,7.4,,0.06,,1.2,,108,,9.07,,12.6,,140.2
7/13/2016,23:15:00,,14.89,,7.4,,0.06,,1.2,,107.5,,9.05,,12.6,,140.2
7/13/2016,23:30:00,,14.84,,7.39,,0.06,,1.4,,107,,9.01,,12.6,,140.4
7/13/2016,23:45:00,,14.79,,7.39,,0.06,,0.9,,106.4,,8.97,,12.6,,140.5
7/14/2016,0:00:00,,14.73,,7.38,,0.06,,0.8,,105.8,,8.93,,12.6,,140.2
7/14/2016,0:15:00,,14.66,,7.38,,0.06,,1,,105.5,,8.92,,12.6,,140.5
7/14/2016,0:30:00,,14.6,,7.37,,0.06,,1.1,,105.1,,8.9,,12.6,,140.4
7/14/2016,0:45:00,,14.53,,7.37,,0.06,,1.2,,104.6,,8.87,,12.6,,140.4
7/14/2016,1:00:00,,14.47,,7.36,,0.06,,1.5,,103.8,,8.81,,12.6,,140.6
7/14/2016,1:15:00,,14.41,,7.36,,0.06,,1.1,,103.2,,8.78,,12.6,,140.7
7/14/2016,1:30:00,,14.35,,7.36,,0.06,,1.5,,103.2,,8.79,,12.6,,140.6
7/14/2016,1:45:00,,14.28,,7.35,,0.06,,1.3,,102.4,,8.73,,12.6,,140.4
7/14/2016,2:00:00,,14.21,,7.35,,0.06,,1.5,,102.2,,8.73,,12.5,,140.4
7/14/2016,2:15:00,,14.15,,7.34,,0.06,,1.4,,101.8,,8.7,,12.5,,140.7
7/14/2016,2:30:00,,14.08,,7.34,,0.06,,2.7,,101.4,,8.69,,12.6,,140.6
7/14/2016,2:45:00,,14.01,,7.34,,0.06,,2,,101.1,,8.68,,12.5,,140.6
7/14/2016,3:00:00,,13.94,,7.33,,0.06,,1.3,,101,,8.68,,12.5,,140.6
7/14/2016,3:15:00,,13.87,,7.33,,0.06,,1.1,,100.6,,8.65,,12.5,,140.4
7/14/2016,3:30:00,,13.8,,7.33,,0.06,,1.8,,100.6,,8.67,,12.5,,140.6
7/14/2016,3:45:00,,13.74,,7.32,,0.06,,1.7,,100.3,,8.65,,12.5,,140.7
7/14/2016,4:00:00,,13.67,,7.32,,0.06,,1.9,,100.2,,8.66,,12.5,,140.4
7/14/2016,4:15:00,,13.6,,7.32,,0.06,,1.5,,100,,8.66,,12.5,,140.3
7/14/2016,4:30:00,,13.54,,7.31,,0.06,,2.1,,100.1,,8.68,,12.5,,140.5
7/14/2016,4:45:00,,13.48,,7.31,,0.06,,1.4,,99.8,,8.67,,12.5,,140.4
7/14/2016,5:00:00,,13.42,,7.31,,0.06,,1.5,,99.6,,8.66,,12.5,,140.6
7/14/2016,5:15:00,,13.35,,7.31,,0.06,,1.2,,99.5,,8.66,,12.5,,140.6
7/14/2016,5:30:00,,13.29,,7.31,,0.06,,1.8,,99.5,,8.67,,12.5,,140.5
7/14/2016,5:45:00,,13.24,,7.31,,0.06,,1.1,,99.7,,8.7,,12.5,,140.3
7/14/2016,6:00:00,,13.18,,7.31,,0.06,,1.4,,99.5,,8.69,,12.5,,140.4
7/14/2016,6:15:00,,13.13,,7.3,,0.06,,1.1,,99.6,,8.71,,12.5,,140.4
7/14/2016,6:30:00,,13.09,,7.31,,0.06,,1.7,,99.5,,8.71,,12.5,,140.4
7/14/2016,6:45:00,,13.06,,7.31,,0.06,,1.6,,99.7,,8.74,,12.5,,140.2
7/14/2016,7:00:00,,13.03,,7.31,,0.06,,1.4,,100.1,,8.78,,12.5,,140.4
7/14/2016,7:15:00,,13.01,,7.31,,0.06,,1.1,,100.1,,8.78,,12.5,,140.2
7/14/2016,7:30:00,,12.99,,7.31,,0.06,,1,,100.3,,8.8,,12.5,,140.4
7/14/2016,7:45:00,,12.98,,7.31,,0.06,,0.7,,100.7,,8.84,,12.5,,140.7
7/14/2016,8:00:00,,12.98,,7.32,,0.06,,0.8,,101,,8.87,,12.5,,140.2
7/14/2016,8:15:00,,12.99,,7.32,,0.06,,1,,101.2,,8.88,,12.5,,140.3
7/14/2016,8:30:00,,13.02,,7.32,,0.06,,1.4,,101.5,,8.91,,12.5,,140.6
7/14/2016,8:45:00,,13.04,,7.33,,0.06,,1.2,,102.1,,8.95,,12.5,,140.5
7/14/2016,9:00:00,,13.07,,7.33,,0.06,,1.2,,102.6,,8.99,,12.5,,140.4
7/14/2016,9:15:00,,13.1,,7.34,,0.06,,1.4,,103.1,,9.02,,12.5,,140.4
7/14/2016,9:30:00,,13.16,,7.34,,0.06,,1,,103.8,,9.08,,12.5,,140.3
7/14/2016,9:45:00,,13.22,,7.35,,0.06,,1.2,,104.5,,9.13,,12.5,,140.5
7/14/2016,10:00:00,,13.29,,7.35,,0.06,,1,,105.2,,9.17,,12.5,,140.4
7/14/2016,10:15:00,,13.37,,7.36,,0.06,,0.9,,106.1,,9.23,,12.5,,140.5
7/14/2016,10:30:00,,13.44,,7.36,,0.06,,1.1,,106.4,,9.24,,12.5,,140.4
7/14/2016,10:45:00,,13.54,,7.37,,0.06,,0.9,,107.2,,9.29,,12.5,,140.5
7/14/2016,11:00:00,,13.6,,7.38,,0.06,,1.7,,108.2,,9.36,,12.5,,140.3
7/14/2016,11:15:00,,13.71,,7.39,,0.06,,1.2,,108.9,,9.41,,12.5,,140.6
7/14/2016,11:30:00,,13.83,,7.4,,0.06,,1.9,,109.6,,9.44,,12.5,,140.4
7/14/2016,11:45:00,,13.94,,7.4,,0.06,,1.1,,110.7,,9.51,,12.5,,140.4
7/14/2016,12:00:00,,14.03,,7.41,,0.06,,1.2,,111.2,,9.53,,12.6,,140.4
7/14/2016,12:15:00,,14.06,,7.42,,0.06,,1.2,,112,,9.6,,12.6,,140.6
7/14/2016,12:30:00,,14.12,,7.42,,0.06,,1.3,,112.7,,9.65,,12.6,,140.4
7/14/2016,12:45:00,,14.17,,7.43,,0.06,,1,,113.2,,9.68,,12.6,,140.7
7/14/2016,13:00:00,,14.31,,7.44,,0.06,,2.3,,114.1,,9.72,,12.6,,140.5
7/14/2016,13:15:00,,14.45,,7.45,,0.06,,1.2,,114.7,,9.74,,12.6,,140.6
7/14/2016,13:30:00,,14.59,,7.46,,0.06,,1.3,,115.4,,9.77,,12.6,,140.7
7/14/2016,13:45:00,,14.74,,7.47,,0.06,,1.6,,116,,9.79,,12.6,,140.7
7/14/2016,14:00:00,,14.87,,7.47,,0.06,,1.1,,116.8,,9.83,,12.6,,140.8
7/14/2016,14:15:00,,15.03,,7.48,,0.06,,1.3,,117.2,,9.83,,12.6,,140.8
7/14/2016,14:30:00,,15.15,,7.49,,0.06,,1.3,,118.2,,9.89,,12.6,,140.9
7/14/2016,14:45:00,,15.26,,7.49,,0.06,,1.4,,118.6,,9.9,,12.7,,141.2
7/14/2016,15:00:00,,15.38,,7.5,,0.06,,1.1,,118.9,,9.9,,12.7,,141.1
7/14/2016,15:15:00,,15.49,,7.51,,0.06,,1.4,,119.4,,9.92,,12.7,,141.2
7/14/2016,15:30:00,,15.61,,7.51,,0.06,,1.1,,119.7,,9.92,,12.7,,141.4
7/14/2016,15:45:00,,15.72,,7.52,,0.06,,1.1,,119.5,,9.88,,12.7,,141.2
7/14/2016,16:00:00,,15.82,,7.52,,0.06,,1.6,,120.1,,9.91,,12.7,,141.5
7/14/2016,16:15:00,,15.92,,7.52,,0.06,,4.5,,120.5,,9.91,,12.7,,141.4
7/14/2016,16:30:00,,16.02,,7.53,,0.06,,1.2,,120.2,,9.87,,12.7,,141.6
7/14/2016,16:45:00,,16.11,,7.53,,0.06,,1.6,,120.3,,9.86,,12.7,,141.4
7/14/2016,17:00:00,,16.17,,7.53,,0.06,,1.2,,120.6,,9.87,,12.7,,141.5
7/14/2016,17:15:00,,16.22,,7.54,,0.06,,1.6,,120.6,,9.86,,12.7,,141.6
7/14/2016,17:30:00,,16.25,,7.54,,0.06,,1.6,,120.4,,9.84,,12.7,,141.8
7/14/2016,17:45:00,,16.28,,7.54,,0.06,,1.6,,120.1,,9.81,,12.7,,141.6
7/14/2016,18:00:00,,16.29,,7.54,,0.06,,1.7,,119.9,,9.79,,12.7,,141.9
7/14/2016,18:15:00,,16.3,,7.54,,0.06,,1.6,,119.4,,9.75,,12.7,,141.9
7/14/2016,18:30:00,,16.29,,7.53,,0.06,,2.1,,119.4,,9.75,,12.7,,142.1
7/14/2016,18:45:00,,16.28,,7.53,,0.06,,3.5,,118.8,,9.7,,12.7,,141.8
7/14/2016,19:00:00,,16.25,,7.53,,0.06,,1.7,,118.5,,9.69,,12.7,,141.9
7/14/2016,19:15:00,,16.22,,7.53,,0.06,,1.8,,118.2,,9.67,,12.7,,141.9
7/14/2016,19:30:00,,16.19,,7.53,,0.06,,1.4,,117.6,,9.62,,12.7,,142
7/14/2016,19:45:00,,16.15,,7.52,,0.06,,1.7,,117.3,,9.61,,12.7,,142.1
7/14/2016,20:00:00,,16.1,,7.53,,0.06,,1.8,,116.5,,9.55,,12.7,,141.9
7/14/2016,20:15:00,,16.05,,7.52,,0.06,,1.9,,116,,9.52,,12.7,,142.3
7/14/2016,20:30:00,,15.98,,7.51,,0.06,,2,,115.4,,9.48,,12.7,,142.4
7/14/2016,20:45:00,,15.93,,7.51,,0.06,,1.6,,114.7,,9.44,,12.7,,142
7/14/2016,21:00:00,,15.87,,7.5,,0.06,,1.4,,114,,9.39,,12.7,,142.3
7/14/2016,21:15:00,,15.81,,7.49,,0.06,,1.4,,113.1,,9.33,,12.7,,142.3
7/14/2016,21:30:00,,15.76,,7.5,,0.06,,1.1,,112.8,,9.31,,12.7,,142.4
7/14/2016,21:45:00,,15.7,,7.49,,0.06,,1.5,,111.8,,9.24,,12.7,,142.2
7/14/2016,22:00:00,,15.64,,7.48,,0.06,,1.6,,111.2,,9.21,,12.7,,142.3
7/14/2016,22:15:00,,15.58,,7.48,,0.06,,1.3,,110.3,,9.14,,12.7,,142.4
7/14/2016,22:30:00,,15.53,,7.46,,0.06,,1.4,,109.7,,9.11,,12.7,,142.4
7/14/2016,22:45:00,,15.47,,7.47,,0.06,,1.8,,109.5,,9.1,,12.7,,142.8
7/14/2016,23:00:00,,15.42,,7.45,,0.06,,1.9,,108.3,,9.01,,12.7,,142.7
7/14/2016,23:15:00,,15.36,,7.45,,0.06,,1.7,,108,,9,,12.7,,142.6
7/14/2016,23:30:00,,15.29,,7.44,,0.06,,1.8,,107.1,,8.93,,12.7,,142.5
7/14/2016,23:45:00,,15.23,,7.43,,0.06,,1.6,,106.5,,8.9,,12.7,,142.6
7/15/2016,0:00:00,,15.17,,7.43,,0.06,,1.8,,106.4,,8.9,,12.7,,142.7
7/15/2016,0:15:00,,15.1,,7.43,,0.06,,1.7,,105.3,,8.82,,12.7,,142.8
7/15/2016,0:30:00,,15.04,,7.42,,0.06,,1.5,,105,,8.81,,12.7,,142.7
7/15/2016,0:45:00,,14.97,,7.41,,0.06,,1.7,,104.7,,8.8,,12.7,,143
7/15/2016,1:00:00,,14.9,,7.4,,0.06,,2.7,,104.2,,8.77,,12.7,,142.7
7/15/2016,1:15:00,,14.83,,7.4,,0.06,,1.4,,103.6,,8.73,,12.7,,142.7
7/15/2016,1:30:00,,14.76,,7.4,,0.06,,1.6,,103.1,,8.7,,12.7,,142.7
7/15/2016,1:45:00,,14.69,,7.39,,0.06,,1.4,,102.5,,8.66,,12.7,,142.7
7/15/2016,2:00:00,,14.61,,7.38,,0.06,,1.6,,102.3,,8.66,,12.7,,143
7/15/2016,2:15:00,,14.54,,7.38,,0.06,,1.6,,101.9,,8.64,,12.7,,143
7/15/2016,2:30:00,,14.47,,7.37,,0.06,,2.4,,101.8,,8.65,,12.7,,143.1
7/15/2016,2:45:00,,14.39,,7.37,,0.06,,1.5,,101.4,,8.63,,12.6,,143.1
7/15/2016,3:00:00,,14.32,,7.36,,0.06,,1.5,,101,,8.6,,12.6,,143.1
7/15/2016,3:15:00,,14.25,,7.36,,0.06,,1.3,,101,,8.62,,12.6,,142.8
7/15/2016,3:30:00,,14.17,,7.36,,0.06,,1.9,,100.5,,8.59,,12.6,,142.9
7/15/2016,3:45:00,,14.1,,7.35,,0.06,,2.9,,100.5,,8.61,,12.6,,143
7/15/2016,4:00:00,,14.02,,7.36,,0.06,,1.9,,100,,8.58,,12.6,,142.9
7/15/2016,4:15:00,,13.95,,7.35,,0.06,,1.4,,100.2,,8.61,,12.6,,143
7/15/2016,4:30:00,,13.9,,7.35,,0.06,,1.7,,100,,8.6,,12.6,,143.1
7/15/2016,4:45:00,,13.86,,7.35,,0.06,,1.9,,100.2,,8.62,,12.6,,143.1
7/15/2016,5:00:00,,13.81,,7.35,,0.06,,1.3,,99.6,,8.58,,12.6,,143.1
7/15/2016,5:15:00,,13.75,,7.35,,0.06,,1.4,,99.6,,8.59,,12.6,,143
7/15/2016,5:30:00,,13.7,,7.35,,0.06,,1.3,,99.7,,8.61,,12.6,,143
7/15/2016,5:45:00,,13.64,,7.35,,0.06,,2.4,,99.7,,8.62,,12.6,,142.7
7/15/2016,6:00:00,,13.58,,7.35,,0.06,,1.4,,100,,8.66,,12.6,,143.1
7/15/2016,6:15:00,,13.52,,7.35,,0.06,,1.1,,99.6,,8.64,,12.6,,142.7
7/15/2016,6:30:00,,13.47,,7.35,,0.06,,1.5,,99.7,,8.65,,12.6,,142.7
7/15/2016,6:45:00,,13.43,,7.35,,0.06,,2.1,,99.5,,8.65,,12.6,,142.7
7/15/2016,7:00:00,,13.38,,7.35,,0.06,,1.2,,100,,8.7,,12.6,,143
7/15/2016,7:15:00,,13.35,,7.35,,0.06,,1.6,,100,,8.7,,12.6,,143.1
7/15/2016,7:30:00,,13.32,,7.35,,0.06,,1,,100.5,,8.76,,12.6,,142.8
7/15/2016,7:45:00,,13.29,,7.36,,0.06,,1.4,,100.1,,8.72,,12.6,,142.9
7/15/2016,8:00:00,,13.26,,7.36,,0.06,,1.2,,100.4,,8.76,,12.6,,142.8
7/15/2016,8:15:00,,13.26,,7.36,,0.06,,1.4,,100.7,,8.79,,12.6,,142.9
7/15/2016,8:30:00,,13.26,,7.36,,0.06,,1.8,,101,,8.81,,12.6,,142.9
7/15/2016,8:45:00,,13.28,,7.36,,0.06,,1.7,,101.7,,8.87,,12.5,,143.1
7/15/2016,9:00:00,,13.3,,7.36,,0.06,,2,,102.2,,8.91,,12.5,,142.9
7/15/2016,9:15:00,,13.33,,7.37,,0.06,,1,,102.4,,8.92,,12.5,,142.9
7/15/2016,9:30:00,,13.34,,7.37,,0.06,,1.2,,103.2,,8.98,,12.5,,143.1
7/15/2016,9:45:00,,13.38,,7.38,,0.06,,1.3,,104,,9.05,,12.5,,142.7
7/15/2016,10:00:00,,13.45,,7.39,,0.06,,1.5,,104.7,,9.1,,12.5,,142.8
7/15/2016,10:15:00,,13.52,,7.4,,0.06,,1.3,,105.3,,9.13,,12.5,,142.9
7/15/2016,10:30:00,,13.57,,7.4,,0.06,,1.4,,105.9,,9.17,,12.5,,142.8
7/15/2016,10:45:00,,13.64,,7.41,,0.06,,1.3,,106.6,,9.22,,12.6,,143
7/15/2016,11:00:00,,13.73,,7.41,,0.06,,1.4,,107.2,,9.26,,12.6,,142.9
7/15/2016,11:15:00,,13.83,,7.42,,0.06,,1.1,,108.3,,9.33,,12.6,,142.9
7/15/2016,11:30:00,,13.94,,7.43,,0.06,,1.2,,109.4,,9.4,,12.6,,143.1
7/15/2016,11:45:00,,14.07,,7.43,,0.06,,1.2,,110.4,,9.46,,12.6,,143
7/15/2016,12:00:00,,14.19,,7.44,,0.06,,1.5,,110.9,,9.47,,12.6,,143
7/15/2016,12:15:00,,14.32,,7.45,,0.06,,1.2,,112,,9.54,,12.6,,143
7/15/2016,12:30:00,,14.44,,7.46,,0.06,,1.6,,112.9,,9.59,,12.6,,143.2
7/15/2016,12:45:00,,14.58,,7.46,,0.06,,1.4,,113.3,,9.6,,12.6,,143
7/15/2016,13:00:00,,14.71,,7.47,,0.06,,1.3,,113.8,,9.62,,12.6,,143.2
7/15/2016,13:15:00,,14.85,,7.48,,0.06,,1.4,,114.5,,9.64,,12.6,,143.4
7/15/2016,13:30:00,,14.97,,7.49,,0.06,,1.3,,115.4,,9.69,,12.6,,143.4
7/15/2016,13:45:00,,15.11,,7.5,,0.06,,1.2,,116.4,,9.75,,12.7,,143.5
7/15/2016,14:00:00,,15.24,,7.5,,0.06,,1.2,,117,,9.77,,12.7,,143.3
7/15/2016,14:15:00,,15.35,,7.51,,0.06,,1.3,,117.2,,9.76,,12.7,,143.3
7/15/2016,14:30:00,,15.47,,7.51,,0.06,,1.5,,118,,9.8,,12.7,,143.7
7/15/2016,14:45:00,,15.57,,7.52,,0.06,,1.6,,117.8,,9.77,,12.7,,143.6
7/15/2016,15:00:00,,15.68,,7.52,,0.06,,2.2,,118.6,,9.81,,12.7,,143.4
7/15/2016,15:15:00,,15.78,,7.53,,0.06,,1.2,,119.1,,9.83,,12.7,,143.7
7/15/2016,15:30:00,,15.87,,7.53,,0.06,,1.6,,119.2,,9.82,,12.7,,143.6
7/15/2016,15:45:00,,15.96,,7.54,,0.06,,1.3,,119.6,,9.83,,12.7,,143.7
7/15/2016,16:00:00,,16.03,,7.54,,0.06,,1.3,,119.4,,9.8,,12.7,,143.7
7/15/2016,16:15:00,,16.1,,7.54,,0.06,,1.8,,120,,9.84,,12.7,,144
7/15/2016,16:30:00,,16.17,,7.55,,0.06,,1.4,,119.6,,9.79,,12.7,,144.1
7/15/2016,16:45:00,,16.22,,7.56,,0.06,,1.4,,119.8,,9.8,,12.7,,143.9
7/15/2016,17:00:00,,16.26,,7.55,,0.06,,2.2,,120.1,,9.81,,12.7,,143.9
7/15/2016,17:15:00,,16.29,,7.56,,0.06,,1.7,,119.7,,9.77,,12.8,,144.1
7/15/2016,17:30:00,,16.33,,7.55,,0.06,,1.9,,120,,9.79,,12.7,,144.2
7/15/2016,17:45:00,,16.35,,7.55,,0.06,,1.6,,119.3,,9.73,,12.7,,144.2
7/15/2016,18:00:00,,16.35,,7.55,,0.06,,1.6,,119.3,,9.73,,12.7,,144.1
7/15/2016,18:15:00,,16.35,,7.56,,0.06,,1.9,,119.3,,9.73,,12.7,,144.3
7/15/2016,18:30:00,,16.34,,7.56,,0.06,,1.5,,119,,9.7,,12.7,,144.2
7/15/2016,18:45:00,,16.31,,7.55,,0.06,,1.8,,118.7,,9.68,,12.7,,144.2
7/15/2016,19:00:00,,16.28,,7.55,,0.06,,2.1,,117.9,,9.63,,12.8,,144.3
7/15/2016,19:15:00,,16.24,,7.55,,0.06,,1.6,,117.4,,9.59,,12.8,,144.4
7/15/2016,19:30:00,,16.2,,7.55,,0.06,,2.1,,116.8,,9.55,,12.7,,144.3
7/15/2016,19:45:00,,16.14,,7.54,,0.06,,1.6,,116.6,,9.55,,12.7,,144.6
7/15/2016,20:00:00,,16.09,,7.54,,0.06,,1.5,,116.1,,9.52,,12.7,,144.7
7/15/2016,20:15:00,,16.02,,7.54,,0.06,,1.7,,115.3,,9.47,,12.7,,144.8
7/15/2016,20:30:00,,15.96,,7.53,,0.06,,1.7,,114.6,,9.42,,12.7,,144.7
7/15/2016,20:45:00,,15.89,,7.52,,0.06,,2.8,,113.6,,9.35,,12.7,,144.7
7/15/2016,21:00:00,,15.82,,7.52,,0.06,,1.8,,113.2,,9.34,,12.7,,144.7
7/15/2016,21:15:00,,15.75,,7.51,,0.06,,1.7,,112.6,,9.3,,12.7,,144.9
7/15/2016,21:30:00,,15.7,,7.51,,0.06,,2.1,,112.1,,9.27,,12.7,,145.1
7/15/2016,21:45:00,,15.64,,7.51,,0.06,,1.3,,111.3,,9.22,,12.7,,145.1
7/15/2016,22:00:00,,15.58,,7.5,,0.06,,1.6,,110.5,,9.16,,12.7,,144.9
7/15/2016,22:15:00,,15.53,,7.49,,0.06,,1.5,,110.1,,9.14,,12.7,,145.1
7/15/2016,22:30:00,,15.47,,7.48,,0.06,,1.5,,109,,9.06,,12.7,,145.4
7/15/2016,22:45:00,,15.41,,7.47,,0.06,,1.8,,108.2,,9,,12.7,,145.5
7/15/2016,23:00:00,,15.36,,7.47,,0.06,,2,,108.1,,9.01,,12.7,,145.2
7/15/2016,23:15:00,,15.3,,7.46,,0.06,,1.7,,107.2,,8.94,,12.7,,145.5
7/15/2016,23:30:00,,15.24,,7.46,,0.06,,1.9,,107.3,,8.96,,12.7,,145.2
7/15/2016,23:45:00,,15.18,,7.45,,0.06,,2.5,,106.1,,8.87,,12.7,,145.6
7/16/2016,0:00:00,,15.11,,7.45,,0.06,,1.8,,105.6,,8.84,,12.7,,145.2
7/16/2016,0:15:00,,15.05,,7.44,,0.06,,1.7,,105,,8.81,,12.7,,145.6
7/16/2016,0:30:00,,14.99,,7.43,,0.06,,2,,104.7,,8.79,,12.7,,145.4
7/16/2016,0:45:00,,14.92,,7.43,,0.06,,1.7,,103.5,,8.7,,12.7,,145.4
7/16/2016,1:00:00,,14.85,,7.42,,0.06,,4.4,,104.2,,8.78,,12.7,,145.6
7/16/2016,1:15:00,,14.78,,7.42,,0.06,,2.7,,103.2,,8.71,,12.7,,145.4
7/16/2016,1:30:00,,14.7,,7.41,,0.06,,1.9,,102.6,,8.67,,12.7,,145.7
7/16/2016,1:45:00,,14.62,,7.4,,0.06,,1.5,,101.9,,8.62,,12.7,,145.8
7/16/2016,2:00:00,,14.54,,7.4,,0.06,,1.9,,101.7,,8.62,,12.7,,145.6
7/16/2016,2:15:00,,14.46,,7.4,,0.06,,1.6,,101.7,,8.63,,12.7,,145.7
7/16/2016,2:30:00,,14.38,,7.39,,0.06,,1.9,,101.1,,8.61,,12.7,,145.5
7/16/2016,2:45:00,,14.3,,7.39,,0.06,,2.2,,100.9,,8.6,,12.7,,145.7
7/16/2016,3:00:00,,14.23,,7.38,,0.06,,1.5,,100.6,,8.59,,12.7,,145.6
7/16/2016,3:15:00,,14.15,,7.38,,0.06,,1.7,,100.5,,8.6,,12.6,,145.6
7/16/2016,3:30:00,,14.07,,7.38,,0.06,,2.1,,100.2,,8.59,,12.6,,145.6
7/16/2016,3:45:00,,13.99,,7.38,,0.06,,1.2,,100.1,,8.59,,12.6,,145.3
7/16/2016,4:00:00,,13.91,,7.37,,0.06,,1.7,,100.2,,8.62,,12.6,,145.4
7/16/2016,4:15:00,,13.84,,7.37,,0.06,,1.6,,99.7,,8.59,,12.6,,145.4
7/16/2016,4:30:00,,13.76,,7.37,,0.06,,1.5,,99.9,,8.61,,12.6,,145.4
7/16/2016,4:45:00,,13.68,,7.37,,0.06,,1.4,,100,,8.64,,12.6,,145.2
7/16/2016,5:00:00,,13.6,,7.36,,0.06,,1.6,,99.8,,8.64,,12.6,,145.4
7/16/2016,5:15:00,,13.52,,7.36,,0.06,,1.6,,99.6,,8.64,,12.6,,145.3
7/16/2016,5:30:00,,13.45,,7.36,,0.06,,1.8,,99.4,,8.64,,12.6,,145.3
7/16/2016,5:45:00,,13.37,,7.36,,0.06,,1.2,,99.3,,8.64,,12.6,,144.9
7/16/2016,6:00:00,,13.3,,7.36,,0.06,,1.4,,99.1,,8.64,,12.6,,144.1
7/16/2016,6:15:00,,13.23,,7.36,,0.06,,1.5,,99.4,,8.68,,12.5,,144.6
7/16/2016,6:30:00,,13.17,,7.36,,0.06,,1.8,,99.4,,8.69,,12.5,,143.8
7/16/2016,6:45:00,,13.11,,7.36,,0.06,,1.4,,99.4,,8.7,,12.5,,143.7
7/16/2016,7:00:00,,13.06,,7.36,,0.06,,1.3,,99.2,,8.69,,12.5,,145
7/16/2016,7:15:00,,13.01,,7.36,,0.06,,1.6,,99.7,,8.74,,12.5,,145
7/16/2016,7:30:00,,12.97,,7.35,,0.06,,1.5,,99.8,,8.76,,12.5,,144.9
7/16/2016,7:45:00,,12.94,,7.36,,0.06,,1.5,,100,,8.79,,12.5,,144.9
7/16/2016,8:00:00,,12.93,,7.36,,0.06,,1.1,,100.2,,8.8,,12.5,,144.9
7/16/2016,8:15:00,,12.94,,7.36,,0.06,,1.4,,100.9,,8.87,,12.5,,144.5
7/16/2016,8:30:00,,12.95,,7.37,,0.06,,1.4,,101.4,,8.91,,12.5,,144.6
7/16/2016,8:45:00,,12.96,,7.37,,0.06,,1.1,,101.6,,8.92,,12.5,,144.9
7/16/2016,9:00:00,,13,,7.38,,0.06,,1.4,,102.3,,8.98,,12.5,,143.4
7/16/2016,9:15:00,,13.03,,7.38,,0.06,,1.5,,102.7,,9.01,,12.5,,144.7
7/16/2016,9:30:00,,13.07,,7.39,,0.06,,1.2,,103.4,,9.06,,12.5,,144.6
7/16/2016,9:45:00,,13.12,,7.39,,0.06,,1.1,,104.2,,9.12,,12.5,,144.5
7/16/2016,10:00:00,,13.17,,7.4,,0.06,,1.2,,104.6,,9.15,,12.5,,144.8
7/16/2016,10:15:00,,13.23,,7.41,,0.06,,1.2,,105.1,,9.18,,12.5,,144.7
7/16/2016,10:30:00,,13.28,,7.41,,0.06,,1.1,,106.3,,9.27,,12.5,,144.8
7/16/2016,10:45:00,,13.39,,7.42,,0.06,,1.8,,106.8,,9.29,,12.5,,144.8
7/16/2016,11:00:00,,13.52,,7.43,,0.06,,2,,107.7,,9.34,,12.5,,144.4
7/16/2016,11:15:00,,13.63,,7.44,,0.06,,1.2,,108.9,,9.42,,12.5,,144.7
7/16/2016,11:30:00,,13.7,,7.44,,0.06,,1.7,,109,,9.42,,12.5,,144.6
7/16/2016,11:45:00,,13.81,,7.45,,0.06,,1.3,,109.8,,9.46,,12.5,,144.3
7/16/2016,12:00:00,,13.93,,7.46,,0.06,,1.5,,110.7,,9.51,,12.5,,144.5
7/16/2016,12:15:00,,14.06,,7.46,,0.06,,1.7,,111.3,,9.54,,12.5,,144.6
7/16/2016,12:30:00,,14.18,,7.47,,0.06,,1.3,,111.8,,9.55,,12.5,,144.5
7/16/2016,12:45:00,,14.31,,7.48,,0.06,,1.7,,112.9,,9.62,,12.5,,144.3
7/16/2016,13:00:00,,14.39,,7.49,,0.06,,1.7,,113.2,,9.63,,12.5,,144.4
7/16/2016,13:15:00,,14.5,,7.5,,0.06,,1.4,,114.1,,9.69,,12.5,,144.7
7/16/2016,13:30:00,,14.61,,7.5,,0.06,,1.6,,114.7,,9.71,,12.5,,144.4
7/16/2016,13:45:00,,14.75,,7.5,,0.06,,2.3,,115.4,,9.74,,12.5,,144.5
7/16/2016,14:00:00,,14.91,,7.51,,0.06,,1.7,,115.7,,9.73,,12.5,,144.5
7/16/2016,14:15:00,,15.04,,7.52,,0.06,,1.9,,116.5,,9.78,,12.5,,144.4
7/16/2016,14:30:00,,15.18,,7.53,,0.06,,1.4,,117.1,,9.79,,12.5,,144.5
7/16/2016,14:45:00,,15.31,,7.53,,0.06,,1.5,,117.7,,9.82,,12.5,,144.4
7/16/2016,15:00:00,,15.43,,7.54,,0.06,,1.8,,118.2,,9.83,,12.5,,144.8
7/16/2016,15:15:00,,15.54,,7.54,,0.06,,1.9,,118.9,,9.86,,12.6,,144.8
7/16/2016,15:30:00,,15.65,,7.55,,0.06,,1.7,,118.8,,9.83,,12.6,,144.6
7/16/2016,15:45:00,,15.75,,7.55,,0.06,,1.5,,119.2,,9.85,,12.6,,144.6
7/16/2016,16:00:00,,15.84,,7.55,,0.06,,1.4,,119.4,,9.84,,12.6,,144.8
7/16/2016,16:15:00,,15.93,,7.55,,0.06,,2.4,,119,,9.79,,12.6,,144.9
7/16/2016,16:30:00,,16.01,,7.56,,0.06,,1.4,,119.6,,9.82,,12.6,,144.8
7/16/2016,16:45:00,,16.08,,7.56,,0.06,,1.3,,119.6,,9.81,,12.7,,145
7/16/2016,17:00:00,,16.15,,7.56,,0.06,,1.9,,119.9,,9.82,,12.7,,145.1
7/16/2016,17:15:00,,16.21,,7.57,,0.06,,2.1,,120,,9.81,,12.7,,145
7/16/2016,17:30:00,,16.26,,7.57,,0.06,,1.8,,119.8,,9.79,,12.7,,145.1
7/16/2016,17:45:00,,16.31,,7.57,,0.06,,1.4,,119.4,,9.75,,12.7,,145
7/16/2016,18:00:00,,16.33,,7.57,,0.06,,1.3,,119.4,,9.74,,12.7,,145.2
7/16/2016,18:15:00,,16.34,,7.57,,0.06,,1.9,,119.3,,9.73,,12.7,,145.3
7/16/2016,18:30:00,,16.35,,7.57,,0.06,,3.8,,119,,9.7,,12.7,,145.3
7/16/2016,18:45:00,,16.34,,7.57,,0.06,,1.5,,118.9,,9.69,,12.7,,145.1
7/16/2016,19:00:00,,16.32,,7.57,,0.06,,1.6,,118.5,,9.67,,12.7,,145.2
7/16/2016,19:15:00,,16.3,,7.56,,0.06,,1.3,,117.8,,9.62,,12.7,,145.2
7/16/2016,19:30:00,,16.26,,7.57,,0.06,,1.4,,117.5,,9.6,,12.7,,145.2
7/16/2016,19:45:00,,16.23,,7.56,,0.06,,1.9,,116.7,,9.54,,12.7,,145.3
7/16/2016,20:00:00,,16.18,,7.55,,0.06,,1.4,,116.2,,9.51,,12.7,,145.3
7/16/2016,20:15:00,,16.13,,7.55,,0.06,,1.8,,115.4,,9.45,,12.7,,145.4
7/16/2016,20:30:00,,16.08,,7.55,,0.06,,1.5,,114.9,,9.42,,12.7,,145.5
7/16/2016,20:45:00,,16.02,,7.54,,0.06,,1.5,,114.1,,9.37,,12.7,,145.6
7/16/2016,21:00:00,,15.97,,7.53,,0.06,,2.2,,113.3,,9.32,,12.7,,145.5
7/16/2016,21:15:00,,15.91,,7.53,,0.06,,1.3,,112.6,,9.27,,12.7,,145.7
7/16/2016,21:30:00,,15.86,,7.52,,0.06,,4.7,,111.8,,9.21,,12.7,,145.5
7/16/2016,21:45:00,,15.8,,7.52,,0.06,,1.5,,111.4,,9.19,,12.7,,145.7
7/16/2016,22:00:00,,15.75,,7.51,,0.06,,1.6,,110.8,,9.15,,12.7,,145.7
7/16/2016,22:15:00,,15.7,,7.5,,0.06,,1.6,,110.1,,9.1,,12.7,,145.6
7/16/2016,22:30:00,,15.64,,7.49,,0.06,,1.8,,109.3,,9.05,,12.7,,145.6
7/16/2016,22:45:00,,15.59,,7.49,,0.06,,1.8,,108.7,,9.01,,12.7,,145.8
7/16/2016,23:00:00,,15.53,,7.48,,0.06,,1.9,,108.1,,8.97,,12.7,,145.9
7/16/2016,23:15:00,,15.47,,7.48,,0.06,,1.2,,107.5,,8.94,,12.7,,145.9
7/16/2016,23:30:00,,15.41,,7.47,,0.06,,1.3,,106.8,,8.88,,12.7,,145.9
7/16/2016,23:45:00,,15.35,,7.46,,0.06,,1.3,,106.1,,8.84,,12.7,,145.9
7/17/2016,0:00:00,,15.29,,7.46,,0.06,,1.9,,105.6,,8.81,,12.7,,146.1
7/17/2016,0:15:00,,15.23,,7.45,,0.06,,1.7,,105.1,,8.78,,12.7,,145.9
7/17/2016,0:30:00,,15.17,,7.44,,0.06,,2,,104.8,,8.76,,12.7,,146
7/17/2016,0:45:00,,15.1,,7.43,,0.06,,2.1,,104.1,,8.72,,12.7,,146
7/17/2016,1:00:00,,15.04,,7.42,,0.06,,1.5,,103.6,,8.69,,12.7,,146.1
7/17/2016,1:15:00,,14.96,,7.42,,0.06,,1.7,,103.2,,8.67,,12.7,,146.3
7/17/2016,1:30:00,,14.89,,7.41,,0.06,,2.1,,102.7,,8.64,,12.7,,146.3
7/17/2016,1:45:00,,14.81,,7.41,,0.06,,1.7,,102.1,,8.61,,12.7,,146.1
7/17/2016,2:00:00,,14.74,,7.4,,0.06,,1.8,,101.8,,8.59,,12.7,,146.3
7/17/2016,2:15:00,,14.66,,7.4,,0.06,,1.8,,101.1,,8.55,,12.7,,146.2
7/17/2016,2:30:00,,14.59,,7.4,,0.06,,1.6,,101.2,,8.58,,12.6,,146.2
7/17/2016,2:45:00,,14.51,,7.39,,0.06,,1.3,,101,,8.57,,12.6,,146.2
7/17/2016,3:00:00,,14.43,,7.38,,0.06,,1.8,,100.8,,8.57,,12.6,,146.5
7/17/2016,3:15:00,,14.35,,7.38,,0.06,,1.5,,100.6,,8.56,,12.6,,146.2
7/17/2016,3:30:00,,14.27,,7.38,,0.06,,1.5,,100.2,,8.55,,12.6,,146.5
7/17/2016,3:45:00,,14.19,,7.38,,0.06,,1.6,,99.9,,8.54,,12.6,,146.6
7/17/2016,4:00:00,,14.11,,7.38,,0.06,,1.6,,99.9,,8.55,,12.6,,146.3
7/17/2016,4:15:00,,14.03,,7.37,,0.06,,1.6,,99.9,,8.57,,12.6,,146.5
7/17/2016,4:30:00,,13.95,,7.37,,0.06,,1.5,,99.4,,8.54,,12.6,,146.4
7/17/2016,4:45:00,,13.87,,7.36,,0.06,,2.4,,99.4,,8.55,,12.6,,146.4
7/17/2016,5:00:00,,13.79,,7.37,,0.06,,1.7,,99.6,,8.59,,12.6,,146.6
7/17/2016,5:15:00,,13.71,,7.36,,0.06,,1.6,,98.9,,8.54,,12.5,,146.4
7/17/2016,5:30:00,,13.63,,7.36,,0.06,,1.6,,99,,8.57,,12.5,,146.5
7/17/2016,5:45:00,,13.56,,7.35,,0.06,,1.3,,99,,8.57,,12.5,,146.3
7/17/2016,6:00:00,,13.48,,7.35,,0.06,,1.5,,98.8,,8.57,,12.5,,146.6
7/17/2016,6:15:00,,13.42,,7.35,,0.06,,1.5,,98.7,,8.58,,12.5,,146.5
7/17/2016,6:30:00,,13.35,,7.35,,0.06,,1.6,,98.9,,8.61,,12.5,,146.5
7/17/2016,6:45:00,,13.3,,7.35,,0.06,,1.4,,99,,8.63,,12.5,,146.4
7/17/2016,7:00:00,,13.24,,7.36,,0.06,,1.3,,99.1,,8.65,,12.5,,146.3
7/17/2016,7:15:00,,13.2,,7.35,,0.06,,1.3,,99.2,,8.66,,12.5,,146.4
7/17/2016,7:30:00,,13.17,,7.36,,0.06,,1.5,,99.4,,8.69,,12.5,,146.5
7/17/2016,7:45:00,,13.14,,7.35,,0.06,,1.6,,99.6,,8.71,,12.5,,146.3
7/17/2016,8:00:00,,13.13,,7.36,,0.06,,2.1,,99.9,,8.74,,12.5,,146.6
7/17/2016,8:15:00,,13.14,,7.36,,0.06,,1.2,,100.1,,8.76,,12.5,,146.5
7/17/2016,8:30:00,,13.16,,7.37,,0.06,,1.2,,100.9,,8.82,,12.5,,146.4
7/17/2016,8:45:00,,13.18,,7.37,,0.06,,1.6,,101.2,,8.84,,12.4,,146.4
7/17/2016,9:00:00,,13.22,,7.38,,0.06,,2.1,,101.6,,8.87,,12.4,,146.7
7/17/2016,9:15:00,,13.27,,7.38,,0.06,,1.6,,102,,8.89,,12.4,,146.6
7/17/2016,9:30:00,,13.32,,7.39,,0.06,,1.2,,102.5,,8.93,,12.3,,146.5
7/17/2016,9:45:00,,13.38,,7.4,,0.06,,1.5,,103.7,,9.02,,12.3,,146.5
7/17/2016,10:00:00,,13.46,,7.4,,0.06,,1.8,,104.1,,9.04,,12.3,,146.7
7/17/2016,10:15:00,,13.54,,7.41,,0.06,,1.8,,104.9,,9.09,,12.3,,146.6
7/17/2016,10:30:00,,13.63,,7.42,,0.06,,1.3,,105.9,,9.17,,12.3,,146.7
7/17/2016,10:45:00,,13.72,,7.42,,0.06,,1.5,,106.1,,9.16,,12.3,,146.5
7/17/2016,11:00:00,,13.82,,7.43,,0.06,,1.1,,107.4,,9.25,,12.3,,146.4
7/17/2016,11:15:00,,13.93,,7.44,,0.06,,1.4,,108.1,,9.29,,12.3,,146.5
7/17/2016,11:30:00,,14.04,,7.45,,0.06,,1.7,,109.2,,9.36,,12.3,,146.4
7/17/2016,11:45:00,,14.17,,7.46,,0.06,,1.4,,109.7,,9.38,,12.3,,146.6
7/17/2016,12:00:00,,14.29,,7.46,,0.06,,2,,110.5,,9.42,,12.3,,146.5
7/17/2016,12:15:00,,14.42,,7.47,,0.06,,1.4,,111.5,,9.48,,12.3,,146.5
7/17/2016,12:30:00,,14.56,,7.48,,0.06,,2,,112,,9.49,,12.3,,146.4
7/17/2016,12:45:00,,14.68,,7.48,,0.06,,1.5,,112.9,,9.54,,12.3,,146.2
7/17/2016,13:00:00,,14.82,,7.49,,0.06,,1.7,,113.5,,9.57,,12.4,,146.1
7/17/2016,13:15:00,,14.97,,7.5,,0.06,,2.3,,114.5,,9.62,,12.4,,146.3
7/17/2016,13:30:00,,15.09,,7.51,,0.06,,2,,115.2,,9.65,,12.4,,146.4
7/17/2016,13:45:00,,15.17,,7.52,,0.06,,1.5,,115.4,,9.66,,12.5,,146.4
7/17/2016,14:00:00,,15.3,,7.52,,0.06,,2,,116.1,,9.69,,12.5,,146.4
7/17/2016,14:15:00,,15.43,,7.53,,0.06,,1.7,,117.1,,9.74,,12.5,,146.5
7/17/2016,14:30:00,,15.57,,7.53,,0.06,,1.7,,117,,9.7,,12.5,,146.4
7/17/2016,14:45:00,,15.7,,7.54,,0.06,,1.7,,117.8,,9.74,,12.5,,146.5
7/17/2016,15:00:00,,15.82,,7.54,,0.06,,1.5,,118.3,,9.76,,12.5,,146.3
7/17/2016,15:15:00,,15.93,,7.55,,0.06,,1.6,,118.7,,9.76,,12.5,,146.6
7/17/2016,15:30:00,,16.03,,7.55,,0.06,,1.8,,118.6,,9.73,,12.5,,146.5
7/17/2016,15:45:00,,16.14,,7.56,,0.06,,3.4,,119.1,,9.75,,12.5,,146.4
7/17/2016,16:00:00,,16.24,,7.56,,0.06,,1.9,,119,,9.72,,12.5,,146.3
7/17/2016,16:15:00,,16.33,,7.56,,0.06,,1.7,,119.4,,9.74,,12.5,,146.5
7/17/2016,16:30:00,,16.41,,7.57,,0.06,,1.5,,119.7,,9.75,,12.5,,146.8
7/17/2016,16:45:00,,16.48,,7.57,,0.06,,1.5,,119.7,,9.73,,12.5,,146.7
7/17/2016,17:00:00,,16.55,,7.57,,0.06,,1.9,,119.5,,9.7,,12.5,,146.6
7/17/2016,17:15:00,,16.6,,7.57,,0.06,,1.6,,119.3,,9.67,,12.5,,146.8
7/17/2016,17:30:00,,16.64,,7.57,,0.06,,2.1,,119.3,,9.67,,12.5,,146.9
7/17/2016,17:45:00,,16.66,,7.58,,0.06,,1.8,,119.5,,9.68,,12.6,,146.9
7/17/2016,18:00:00,,16.69,,7.57,,0.06,,1.7,,119.5,,9.67,,12.6,,146.7
7/17/2016,18:15:00,,16.71,,7.57,,0.06,,1.7,,119,,9.63,,12.6,,146.7
7/17/2016,18:30:00,,16.7,,7.57,,0.06,,2.8,,118.9,,9.63,,12.6,,147.1
7/17/2016,18:45:00,,16.67,,7.57,,0.06,,1.9,,118.3,,9.58,,12.6,,146.8
7/17/2016,19:00:00,,16.64,,7.56,,0.06,,1.9,,117.9,,9.55,,12.6,,147.1
7/17/2016,19:15:00,,16.61,,7.56,,0.06,,2.7,,117.5,,9.53,,12.6,,146.9
7/17/2016,19:30:00,,16.59,,7.56,,0.06,,2.2,,117,,9.49,,12.6,,147.2
7/17/2016,19:45:00,,16.56,,7.57,,0.06,,1.6,,116.4,,9.45,,12.6,,147
7/17/2016,20:00:00,,16.52,,7.56,,0.06,,1.6,,116.4,,9.45,,12.6,,147
7/17/2016,20:15:00,,16.46,,7.55,,0.06,,1.8,,115.3,,9.38,,12.6,,147.3
7/17/2016,20:30:00,,16.4,,7.55,,0.06,,1.7,,114.8,,9.35,,12.6,,147.3
7/17/2016,20:45:00,,16.34,,7.54,,0.06,,1.5,,113.8,,9.28,,12.6,,147.3
7/17/2016,21:00:00,,16.3,,7.54,,0.06,,1.7,,113.4,,9.25,,12.6,,147.4
7/17/2016,21:15:00,,16.25,,7.53,,0.06,,1.7,,112.8,,9.22,,12.6,,147.4
7/17/2016,21:30:00,,16.2,,7.53,,0.06,,1.6,,111.9,,9.15,,12.6,,147.2
7/17/2016,21:45:00,,16.14,,7.52,,0.06,,1.8,,111.5,,9.13,,12.6,,147.5
7/17/2016,22:00:00,,16.08,,7.51,,0.06,,1.5,,111.1,,9.11,,12.6,,147.3
7/17/2016,22:15:00,,16.02,,7.51,,0.06,,1.4,,109.9,,9.03,,12.6,,147.3
7/17/2016,22:30:00,,15.96,,7.5,,0.06,,1.7,,109.3,,8.99,,12.6,,147.7
7/17/2016,22:45:00,,15.91,,7.49,,0.06,,3.6,,108.4,,8.92,,12.6,,147.5
7/17/2016,23:00:00,,15.85,,7.48,,0.06,,2.1,,107.7,,8.88,,12.6,,147.8
7/17/2016,23:15:00,,15.79,,7.47,,0.06,,2.1,,106.8,,8.81,,12.6,,147.5
7/17/2016,23:30:00,,15.72,,7.46,,0.06,,2.1,,106.5,,8.8,,12.6,,147.6
7/17/2016,23:45:00,,15.66,,7.45,,0.06,,2.5,,105.9,,8.76,,12.6,,147.9
7/18/2016,0:00:00,,15.6,,7.46,,0.06,,1.7,,105,,8.7,,12.6,,147.6
7/18/2016,0:15:00,,15.54,,7.44,,0.06,,1.5,,104.5,,8.67,,12.6,,147.6
7/18/2016,0:30:00,,15.47,,7.43,,0.06,,1.9,,103.8,,8.62,,12.6,,148
7/18/2016,0:45:00,,15.41,,7.43,,0.06,,2,,103.3,,8.59,,12.6,,147.7
7/18/2016,1:00:00,,15.34,,7.42,,0.06,,2.7,,102.9,,8.57,,12.6,,147.7
7/18/2016,1:15:00,,15.28,,7.42,,0.06,,1.8,,102.2,,8.53,,12.6,,147.7
7/18/2016,1:30:00,,15.21,,7.41,,0.06,,2.4,,101.9,,8.52,,12.6,,147.7
7/18/2016,1:45:00,,15.14,,7.41,,0.06,,1.9,,101.3,,8.48,,12.6,,147.7
7/18/2016,2:00:00,,15.07,,7.4,,0.06,,2,,101,,8.47,,12.6,,147.9
7/18/2016,2:15:00,,15,,7.39,,0.06,,1.9,,100.5,,8.44,,12.5,,148
7/18/2016,2:30:00,,14.93,,7.39,,0.06,,1.9,,100.6,,8.46,,12.5,,148
7/18/2016,2:45:00,,14.86,,7.38,,0.06,,2.1,,100.1,,8.43,,12.5,,148
7/18/2016,3:00:00,,14.79,,7.38,,0.06,,1.8,,100.2,,8.45,,12.5,,148
7/18/2016,3:15:00,,14.72,,7.38,,0.06,,1.7,,99.7,,8.42,,12.5,,147.9
7/18/2016,3:30:00,,14.64,,7.38,,0.06,,1.4,,99.8,,8.44,,12.5,,148
7/18/2016,3:45:00,,14.56,,7.37,,0.06,,1.9,,99.4,,8.42,,12.5,,148.1
7/18/2016,4:00:00,,14.49,,7.37,,0.06,,2,,99,,8.41,,12.5,,148
7/18/2016,4:15:00,,14.42,,7.37,,0.06,,2,,99.1,,8.43,,12.5,,148.1
7/18/2016,4:30:00,,14.34,,7.36,,0.06,,1.8,,99,,8.43,,12.5,,147.8
7/18/2016,4:45:00,,14.27,,7.37,,0.06,,1.5,,98.8,,8.43,,12.5,,147.9
7/18/2016,5:00:00,,14.19,,7.36,,0.06,,1.9,,98.7,,8.43,,12.5,,147.7
7/18/2016,5:15:00,,14.12,,7.36,,0.06,,2.4,,98.6,,8.43,,12.5,,148
7/18/2016,5:30:00,,14.05,,7.35,,0.06,,2.4,,98.3,,8.42,,12.5,,148
7/18/2016,5:45:00,,13.98,,7.35,,0.06,,1.9,,98.4,,8.45,,12.5,,148
7/18/2016,6:00:00,,13.91,,7.35,,0.06,,1.5,,98.3,,8.45,,12.5,,147.9
7/18/2016,6:15:00,,13.85,,7.35,,0.06,,2,,98.5,,8.48,,12.4,,148
7/18/2016,6:30:00,,13.8,,7.35,,0.06,,2.1,,98.5,,8.49,,12.4,,147.8
7/18/2016,6:45:00,,13.76,,7.35,,0.06,,1.6,,98.5,,8.5,,12.4,,148
7/18/2016,7:00:00,,13.72,,7.35,,0.06,,2.2,,98.9,,8.54,,12.3,,148
7/18/2016,7:15:00,,13.68,,7.35,,0.06,,1.2,,99.4,,8.59,,12.3,,147.7
7/18/2016,7:30:00,,13.65,,7.35,,0.06,,1.3,,99.2,,8.58,,12.3,,147.7
7/18/2016,7:45:00,,13.63,,7.36,,0.06,,1.5,,99.5,,8.61,,12.3,,147.9
7/18/2016,8:00:00,,13.63,,7.36,,0.06,,1.3,,100.2,,8.67,,12.3,,147.9
7/18/2016,8:15:00,,13.62,,7.36,,0.06,,1.6,,100.3,,8.68,,12.3,,148
7/18/2016,8:30:00,,13.62,,7.36,,0.06,,2.5,,100.6,,8.71,,12.3,,147.8
7/18/2016,8:45:00,,13.64,,7.37,,0.06,,2,,101.5,,8.78,,12.3,,147.9
7/18/2016,9:00:00,,13.67,,7.38,,0.06,,1.4,,101.7,,8.79,,12.3,,147.8
7/18/2016,9:15:00,,13.7,,7.38,,0.06,,1.8,,102.5,,8.85,,12.3,,147.9
7/18/2016,9:30:00,,13.74,,7.39,,0.06,,1.1,,103.1,,8.9,,12.3,,147.8
7/18/2016,9:45:00,,13.78,,7.4,,0.06,,1.1,,103.5,,8.93,,12.3,,148
7/18/2016,10:00:00,,13.83,,7.41,,0.06,,1.2,,104.4,,9,,12.3,,147.8
7/18/2016,10:15:00,,13.87,,7.41,,0.06,,1.4,,104.9,,9.03,,12.3,,148
7/18/2016,10:30:00,,13.91,,7.42,,0.06,,1.3,,105.4,,9.06,,12.3,,148
7/18/2016,10:45:00,,13.98,,7.43,,0.06,,1.3,,106.1,,9.1,,12.3,,147.9
7/18/2016,11:00:00,,14.08,,7.44,,0.06,,1.5,,107.1,,9.17,,12.3,,147.9
7/18/2016,11:15:00,,14.19,,7.44,,0.06,,1.6,,107.5,,9.18,,12.3,,148
7/18/2016,11:30:00,,14.31,,7.45,,0.06,,1.3,,108.5,,9.25,,12.3,,147.9
7/18/2016,11:45:00,,14.41,,7.46,,0.06,,1.5,,109.3,,9.29,,12.3,,148.1
7/18/2016,12:00:00,,14.51,,7.47,,0.06,,1.9,,109.7,,9.31,,12.3,,148
7/18/2016,12:15:00,,14.63,,7.47,,0.06,,1.8,,110.6,,9.36,,12.3,,147.7
7/18/2016,12:30:00,,14.74,,7.48,,0.06,,2,,111.2,,9.39,,12.3,,147.9
7/18/2016,12:45:00,,14.85,,7.49,,0.06,,1.7,,112.3,,9.46,,12.3,,147.9
7/18/2016,13:00:00,,14.98,,7.5,,0.06,,1.9,,112.8,,9.47,,12.3,,148
7/18/2016,13:15:00,,15.12,,7.5,,0.06,,1.7,,113.3,,9.49,,12.3,,147.8
7/18/2016,13:30:00,,15.26,,7.51,,0.06,,1.7,,114.2,,9.53,,12.3,,147.9
7/18/2016,13:45:00,,15.4,,7.51,,0.06,,1.5,,114.7,,9.55,,12.3,,147.8
7/18/2016,14:00:00,,15.54,,7.52,,0.06,,1.4,,115.6,,9.59,,12.3,,147.8
7/18/2016,14:15:00,,15.68,,7.53,,0.06,,1.6,,116,,9.6,,12.3,,148
7/18/2016,14:30:00,,15.81,,7.53,,0.06,,1.7,,116.5,,9.61,,12.3,,148
7/18/2016,14:45:00,,15.95,,7.54,,0.06,,1.9,,117,,9.62,,12.3,,148.2
7/18/2016,15:00:00,,16.07,,7.55,,0.06,,1.5,,117.5,,9.64,,12.3,,148.2
7/18/2016,15:15:00,,16.19,,7.56,,0.06,,1.6,,118,,9.65,,12.3,,148.3
7/18/2016,15:30:00,,16.31,,7.56,,0.06,,2.3,,118.2,,9.65,,12.3,,148.4
7/18/2016,15:45:00,,16.42,,7.57,,0.06,,1.5,,118.3,,9.63,,12.3,,148.2
7/18/2016,16:00:00,,16.52,,7.57,,0.06,,1.5,,119,,9.67,,12.3,,148.4
7/18/2016,16:15:00,,16.61,,7.57,,0.06,,1.5,,118.8,,9.64,,12.3,,148.2
7/18/2016,16:30:00,,16.7,,7.58,,0.06,,2.1,,118.7,,9.61,,12.3,,148.2
7/18/2016,16:45:00,,16.77,,7.58,,0.06,,1.8,,118.8,,9.6,,12.3,,148.5
7/18/2016,17:00:00,,16.84,,7.58,,0.06,,1.7,,118.6,,9.57,,12.3,,148.6
7/18/2016,17:15:00,,16.9,,7.58,,0.06,,1.8,,118.6,,9.56,,12.3,,148.6
7/18/2016,17:30:00,,16.95,,7.59,,0.06,,1.7,,118.9,,9.57,,12.3,,148.4
7/18/2016,17:45:00,,17,,7.58,,0.06,,1.6,,118.7,,9.55,,12.4,,148.5
7/18/2016,18:00:00,,17.02,,7.58,,0.06,,1.7,,118.7,,9.54,,12.3,,148.7
7/18/2016,18:15:00,,17.04,,7.58,,0.06,,1.5,,118.1,,9.49,,12.4,,148.6
7/18/2016,18:30:00,,17.04,,7.58,,0.06,,2.1,,118.2,,9.49,,12.4,,148.6
7/18/2016,18:45:00,,17.03,,7.58,,0.06,,1.9,,117.8,,9.47,,12.4,,148.8
7/18/2016,19:00:00,,17.01,,7.58,,0.06,,1.5,,117.4,,9.44,,12.4,,148.7
7/18/2016,19:15:00,,16.98,,7.58,,0.06,,1.6,,116.8,,9.4,,12.4,,148.8
7/18/2016,19:30:00,,16.95,,7.57,,0.06,,1.8,,116.5,,9.38,,12.5,,148.8
7/18/2016,19:45:00,,16.91,,7.56,,0.06,,2.1,,115.6,,9.32,,12.4,,148.7
7/18/2016,20:00:00,,16.87,,7.56,,0.06,,2,,114.6,,9.24,,12.5,,148.7
7/18/2016,20:15:00,,16.82,,7.56,,0.06,,1.6,,114.3,,9.23,,12.4,,148.9
7/18/2016,20:30:00,,16.76,,7.56,,0.06,,1.6,,113.5,,9.17,,12.4,,149
7/18/2016,20:45:00,,16.7,,7.55,,0.06,,1.8,,112.8,,9.13,,12.5,,148.9
7/18/2016,21:00:00,,16.64,,7.54,,0.06,,2.6,,112,,9.08,,12.4,,148.9
7/18/2016,21:15:00,,16.59,,7.55,,0.06,,1.4,,111.6,,9.06,,12.4,,149
7/18/2016,21:30:00,,16.54,,7.53,,0.06,,1.6,,110.8,,9,,12.4,,149
7/18/2016,21:45:00,,16.48,,7.53,,0.06,,1.4,,110.4,,8.98,,12.4,,149.3
7/18/2016,22:00:00,,16.42,,7.52,,0.06,,1.7,,109.5,,8.92,,12.4,,149.2
7/18/2016,22:15:00,,16.37,,7.51,,0.06,,1.8,,108.6,,8.85,,12.4,,149.4
7/18/2016,22:30:00,,16.31,,7.5,,0.06,,2.1,,108.2,,8.83,,12.4,,149.4
7/18/2016,22:45:00,,16.25,,7.5,,0.06,,1.9,,107.3,,8.77,,12.3,,149.3
7/18/2016,23:00:00,,16.18,,7.49,,0.06,,2,,106.8,,8.74,,12.3,,149.3
7/18/2016,23:15:00,,16.12,,7.48,,0.06,,1.8,,106.1,,8.69,,12.3,,149.6
7/18/2016,23:30:00,,16.05,,7.47,,0.06,,1.5,,105.7,,8.67,,12.3,,149.7
7/18/2016,23:45:00,,15.99,,7.47,,0.06,,1.8,,104.8,,8.61,,12.3,,149.8
7/19/2016,0:00:00,,15.92,,7.46,,0.06,,1.5,,104.1,,8.57,,12.3,,149.7
7/19/2016,0:15:00,,15.85,,7.45,,0.06,,1.7,,104,,8.57,,12.3,,149.7
7/19/2016,0:30:00,,15.78,,7.44,,0.06,,1.5,,103.2,,8.52,,12.3,,149.9
7/19/2016,0:45:00,,15.71,,7.43,,0.06,,1.7,,102.7,,8.49,,12.3,,150
7/19/2016,1:00:00,,15.64,,7.43,,0.06,,1.4,,102.2,,8.46,,12.3,,149.9
7/19/2016,1:15:00,,15.58,,7.43,,0.06,,1.5,,101.7,,8.43,,12.3,,149.8
7/19/2016,1:30:00,,15.5,,7.42,,0.06,,1.8,,101,,8.39,,12.3,,150.1
7/19/2016,1:45:00,,15.43,,7.41,,0.06,,1.2,,100.7,,8.37,,12.3,,149.9
7/19/2016,2:00:00,,15.36,,7.41,,0.06,,1.5,,100.2,,8.34,,12.3,,150.2
7/19/2016,2:15:00,,15.29,,7.4,,0.06,,1.9,,100.3,,8.37,,12.3,,150
7/19/2016,2:30:00,,15.21,,7.4,,0.06,,2,,99.5,,8.32,,12.3,,150.2
7/19/2016,2:45:00,,15.13,,7.4,,0.06,,1.8,,99.3,,8.31,,12.3,,150.2
7/19/2016,3:00:00,,15.06,,7.39,,0.06,,1.8,,99.4,,8.33,,12.3,,150.2
7/19/2016,3:15:00,,14.98,,7.38,,0.06,,1.5,,98.8,,8.3,,12.3,,150
7/19/2016,3:30:00,,14.9,,7.38,,0.06,,2.2,,98.9,,8.33,,12.3,,150
7/19/2016,3:45:00,,14.82,,7.38,,0.06,,1.4,,98.3,,8.29,,12.3,,150
7/19/2016,4:00:00,,14.74,,7.38,,0.06,,1.7,,98.5,,8.31,,12.3,,149.9
7/19/2016,4:15:00,,14.66,,7.37,,0.06,,1.9,,98.4,,8.32,,12.3,,150
7/19/2016,4:30:00,,14.58,,7.37,,0.06,,1.8,,98,,8.31,,12.3,,150.1
7/19/2016,4:45:00,,14.5,,7.37,,0.06,,1.9,,97.9,,8.31,,12.3,,150
7/19/2016,5:00:00,,14.42,,7.37,,0.06,,2.2,,98,,8.33,,12.2,,150.1
7/19/2016,5:15:00,,14.34,,7.36,,0.06,,2.3,,97.7,,8.33,,12.2,,150
7/19/2016,5:30:00,,14.26,,7.37,,0.06,,1.4,,97.7,,8.34,,12.2,,149.9
7/19/2016,5:45:00,,14.18,,7.36,,0.06,,1.7,,97.8,,8.36,,12.2,,149.9
7/19/2016,6:00:00,,14.1,,7.36,,0.06,,1.2,,97.7,,8.36,,12.2,,149.9
7/19/2016,6:15:00,,14.02,,7.36,,0.06,,1.8,,97.4,,8.35,,12.2,,150
7/19/2016,6:30:00,,13.95,,7.35,,0.06,,1.7,,97.7,,8.39,,12.2,,150
7/19/2016,6:45:00,,13.89,,7.35,,0.06,,1.8,,97.6,,8.4,,12.1,,149.8
7/19/2016,7:00:00,,13.83,,7.35,,0.06,,3,,97.9,,8.43,,12.1,,149.9
7/19/2016,7:15:00,,13.78,,7.35,,0.06,,2.1,,98,,8.45,,12.1,,150
7/19/2016,7:30:00,,13.73,,7.35,,0.06,,1.5,,98.2,,8.47,,12.1,,149.8
7/19/2016,7:45:00,,13.71,,7.36,,0.06,,2.1,,98.3,,8.49,,12.1,,150
7/19/2016,8:00:00,,13.69,,7.35,,0.06,,1.9,,99,,8.56,,12.1,,149.8
7/19/2016,8:15:00,,13.68,,7.36,,0.06,,2.3,,99.1,,8.56,,12.1,,149.9
7/19/2016,8:30:00,,13.68,,7.37,,0.06,,1.4,,99.5,,8.6,,12.1,,149.9
7/19/2016,8:45:00,,13.7,,7.37,,0.06,,1.6,,99.8,,8.62,,12.1,,150
7/19/2016,9:00:00,,13.73,,7.38,,0.06,,1.4,,100.7,,8.69,,12.1,,149.9
7/19/2016,9:15:00,,13.77,,7.38,,0.06,,3,,101,,8.72,,12.1,,149.9
7/19/2016,9:30:00,,13.81,,7.39,,0.06,,1.7,,101.4,,8.74,,12.1,,150.1
7/19/2016,9:45:00,,13.87,,7.39,,0.06,,1.8,,101.9,,8.77,,12.1,,150
7/19/2016,10:00:00,,13.94,,7.4,,0.07,,1.8,,102.6,,8.81,,12.1,,150.2
7/19/2016,10:15:00,,14.02,,7.41,,0.07,,1.8,,103.4,,8.87,,12.1,,150.3
7/19/2016,10:30:00,,14.1,,7.42,,0.06,,1.1,,104.5,,8.94,,12.1,,150.1
7/19/2016,10:45:00,,14.2,,7.42,,0.07,,1.4,,105,,8.97,,12.1,,150.4
7/19/2016,11:00:00,,14.3,,7.43,,0.06,,1.5,,106.2,,9.05,,12.1,,150.2
7/19/2016,11:15:00,,14.41,,7.44,,0.07,,1.2,,106.6,,9.07,,12.1,,150.3
7/19/2016,11:30:00,,14.53,,7.44,,0.07,,1.6,,107.2,,9.1,,12.1,,150.3
7/19/2016,11:45:00,,14.65,,7.46,,0.07,,1.4,,108.5,,9.18,,12.1,,150.4
7/19/2016,12:00:00,,14.77,,7.46,,0.07,,1.5,,109.2,,9.21,,12.1,,150.4
7/19/2016,12:15:00,,14.89,,7.47,,0.07,,1.5,,109.7,,9.23,,12.1,,150.4
7/19/2016,12:30:00,,15.02,,7.47,,0.07,,1.6,,110.5,,9.27,,12.1,,150.3
7/19/2016,12:45:00,,15.16,,7.48,,0.07,,2.3,,111.4,,9.32,,12.1,,150.4
7/19/2016,13:00:00,,15.3,,7.49,,0.06,,3.1,,111.9,,9.33,,12.1,,150.1
7/19/2016,13:15:00,,15.44,,7.49,,0.07,,1.9,,112.8,,9.38,,12.1,,150.3
7/19/2016,13:30:00,,15.58,,7.5,,0.07,,2.3,,113.2,,9.39,,12.1,,150.3
7/19/2016,13:45:00,,15.71,,7.51,,0.07,,1.8,,114.4,,9.45,,12.1,,150.2
7/19/2016,14:00:00,,15.84,,7.51,,0.07,,1.7,,115.1,,9.48,,12.1,,150.3
7/19/2016,14:15:00,,15.97,,7.52,,0.07,,1.7,,115.4,,9.49,,12.1,,150.4
7/19/2016,14:30:00,,16.09,,7.53,,0.07,,2,,116.1,,9.52,,12.1,,150.4
7/19/2016,14:45:00,,16.21,,7.53,,0.07,,1.8,,116.6,,9.54,,12.1,,150.3
7/19/2016,15:00:00,,16.33,,7.54,,0.07,,1.6,,116.9,,9.54,,12.1,,150.4
7/19/2016,15:15:00,,16.44,,7.55,,0.07,,1.8,,117.1,,9.53,,12.1,,150.7
7/19/2016,15:30:00,,16.55,,7.54,,0.07,,1.9,,117.6,,9.55,,12.1,,150.6
7/19/2016,15:45:00,,16.66,,7.55,,0.07,,1.6,,118.3,,9.58,,12.1,,150.7
7/19/2016,16:00:00,,16.76,,7.56,,0.07,,1.9,,118.1,,9.54,,12.1,,150.6
7/19/2016,16:15:00,,16.87,,7.56,,0.07,,1.9,,118.3,,9.54,,12.1,,150.8
7/19/2016,16:30:00,,16.96,,7.56,,0.07,,1.8,,118.3,,9.52,,12.1,,150.9
7/19/2016,16:45:00,,17.02,,7.56,,0.07,,2.1,,119,,9.56,,12.1,,150.9
7/19/2016,17:00:00,,17.04,,7.56,,0.07,,1.8,,118.4,,9.51,,12.2,,151
7/19/2016,17:15:00,,17.11,,7.57,,0.07,,2,,118.3,,9.49,,12.2,,150.8
7/19/2016,17:30:00,,17.13,,7.57,,0.07,,1.7,,117.9,,9.46,,12.2,,151.1
7/19/2016,17:45:00,,17.16,,7.57,,0.07,,1.7,,117.9,,9.45,,12.2,,150.9
7/19/2016,18:00:00,,17.19,,7.57,,0.07,,2.2,,117.7,,9.43,,12.2,,151
7/19/2016,18:15:00,,17.19,,7.57,,0.07,,2.1,,117.5,,9.41,,12.2,,151.1
7/19/2016,18:30:00,,17.18,,7.57,,0.07,,2.4,,116.7,,9.35,,12.2,,151
7/19/2016,18:45:00,,17.16,,7.57,,0.07,,2.6,,116.3,,9.32,,12.2,,151.2
7/19/2016,19:00:00,,17.11,,7.57,,0.07,,2.1,,115.8,,9.29,,12.1,,151.4
7/19/2016,19:15:00,,17.08,,7.56,,0.07,,1.6,,115.3,,9.26,,12.2,,151.2
7/19/2016,19:30:00,,17.05,,7.56,,0.07,,1.9,,115.1,,9.25,,12.2,,151.5
7/19/2016,19:45:00,,17,,7.56,,0.07,,2.3,,114.2,,9.18,,12.2,,151.6
7/19/2016,20:00:00,,16.94,,7.55,,0.07,,1.6,,113.4,,9.13,,12.2,,151.4
7/19/2016,20:15:00,,16.89,,7.54,,0.07,,1.7,,112.9,,9.1,,12.2,,151.5
7/19/2016,20:30:00,,16.85,,7.54,,0.07,,1.8,,112.4,,9.07,,12.1,,151.5
7/19/2016,20:45:00,,16.8,,7.53,,0.07,,1.6,,111.3,,8.99,,12.1,,151.3
7/19/2016,21:00:00,,16.75,,7.53,,0.07,,2.1,,111.1,,8.98,,12.1,,151.5
7/19/2016,21:15:00,,16.69,,7.52,,0.07,,2,,110.4,,8.94,,12.1,,151.5
7/19/2016,21:30:00,,16.63,,7.51,,0.07,,1.9,,109.4,,8.87,,12.1,,151.5
7/19/2016,21:45:00,,16.58,,7.51,,0.07,,1.6,,109.1,,8.85,,12.1,,151.5
7/19/2016,22:00:00,,16.54,,7.51,,0.07,,1.9,,108.4,,8.81,,12.1,,151.7
7/19/2016,22:15:00,,16.5,,7.5,,0.07,,2,,107.6,,8.75,,12.1,,151.9
7/19/2016,22:30:00,,16.47,,7.49,,0.07,,2.1,,106.7,,8.67,,12.1,,151.8
7/19/2016,22:45:00,,16.44,,7.48,,0.07,,2.1,,106.3,,8.65,,12.1,,152
7/19/2016,23:00:00,,16.41,,7.47,,0.07,,1.5,,105.9,,8.62,,12.1,,152.1
7/19/2016,23:15:00,,16.37,,7.46,,0.07,,1.8,,105.6,,8.6,,12.1,,152
7/19/2016,23:30:00,,16.33,,7.46,,0.07,,2.5,,104.3,,8.51,,12.1,,152
7/19/2016,23:45:00,,16.29,,7.45,,0.07,,1.9,,103.7,,8.47,,12.1,,152.2
7/20/2016,0:00:00,,16.24,,7.44,,0.07,,2,,103.2,,8.44,,12.1,,152.2
7/20/2016,0:15:00,,16.17,,7.44,,0.07,,1.8,,102.9,,8.42,,12.1,,152.3
7/20/2016,0:30:00,,16.11,,7.43,,0.07,,1.9,,102.6,,8.41,,12.1,,152.4
7/20/2016,0:45:00,,16.05,,7.43,,0.07,,1.8,,101.3,,8.32,,12.1,,152.7
7/20/2016,1:00:00,,15.99,,7.42,,0.07,,1.7,,101.2,,8.32,,12.1,,152.5
7/20/2016,1:15:00,,15.92,,7.41,,0.07,,1.7,,101,,8.31,,12.1,,152.5
7/20/2016,1:30:00,,15.85,,7.41,,0.07,,2.1,,100.2,,8.26,,12.1,,152.7
7/20/2016,1:45:00,,15.78,,7.4,,0.07,,1.7,,100.2,,8.27,,12.1,,152.6
7/20/2016,2:00:00,,15.71,,7.4,,0.07,,1.8,,99.3,,8.21,,12.1,,152.6
7/20/2016,2:15:00,,15.64,,7.39,,0.07,,1.9,,99.4,,8.23,,12.1,,152.8
7/20/2016,2:30:00,,15.56,,7.39,,0.07,,1.6,,98.8,,8.2,,12.1,,152.7
7/20/2016,2:45:00,,15.48,,7.38,,0.07,,1.7,,98.6,,8.19,,12.1,,152.6
7/20/2016,3:00:00,,15.4,,7.38,,0.07,,1.7,,98.4,,8.19,,12.1,,152.6
7/20/2016,3:15:00,,15.32,,7.38,,0.07,,1.8,,98.1,,8.17,,12.1,,152.8
7/20/2016,3:30:00,,15.24,,7.38,,0.07,,1.7,,97.9,,8.18,,12.1,,152.6
7/20/2016,3:45:00,,15.16,,7.37,,0.07,,2.1,,97.8,,8.18,,12.1,,152.6
7/20/2016,4:00:00,,15.08,,7.37,,0.07,,1.7,,97.7,,8.18,,12.1,,152.7
7/20/2016,4:15:00,,15,,7.37,,0.07,,1.7,,97.7,,8.2,,12.1,,152.3
7/20/2016,4:30:00,,14.92,,7.36,,0.07,,2.2,,97.5,,8.2,,12.1,,152.4
7/20/2016,4:45:00,,14.84,,7.36,,0.07,,1.9,,96.9,,8.16,,12.1,,152.3
7/20/2016,5:00:00,,14.76,,7.36,,0.07,,1.5,,97.2,,8.2,,12.1,,152.4
7/20/2016,5:15:00,,14.67,,7.35,,0.07,,1.7,,97.2,,8.22,,12.1,,152.3
7/20/2016,5:30:00,,14.58,,7.35,,0.07,,1.6,,97.5,,8.26,,12.1,,152
7/20/2016,5:45:00,,14.5,,7.35,,0.07,,1.7,,97,,8.23,,12,,152.1
7/20/2016,6:00:00,,14.42,,7.35,,0.07,,1.8,,97.1,,8.25,,12,,152.1
7/20/2016,6:15:00,,14.34,,7.35,,0.07,,1.7,,97,,8.26,,12,,152.2
7/20/2016,6:30:00,,14.27,,7.34,,0.07,,1.6,,97.1,,8.28,,12,,152.2
7/20/2016,6:45:00,,14.21,,7.35,,0.07,,1.6,,97.5,,8.33,,12,,152.1
7/20/2016,7:00:00,,14.16,,7.35,,0.07,,1.4,,97.9,,8.37,,12,,152.1
7/20/2016,7:15:00,,14.11,,7.35,,0.07,,1.7,,98.2,,8.4,,12,,151.9
7/20/2016,7:30:00,,14.07,,7.36,,0.07,,1.7,,98.3,,8.42,,12,,151.9
7/20/2016,7:45:00,,14.02,,7.35,,0.07,,2,,98.3,,8.43,,12,,152
7/20/2016,8:00:00,,13.98,,7.35,,0.07,,1.5,,98.2,,8.44,,11.9,,152.2
7/20/2016,8:15:00,,13.96,,7.36,,0.07,,2,,98.8,,8.48,,12,,151.9
7/20/2016,8:30:00,,13.94,,7.36,,0.07,,1.5,,98.8,,8.49,,12,,151.8
7/20/2016,8:45:00,,13.94,,7.37,,0.07,,1.5,,99.6,,8.56,,11.9,,152.1
7/20/2016,9:00:00,,13.98,,7.37,,0.07,,1.4,,100.4,,8.62,,11.9,,152.2
7/20/2016,9:15:00,,14.02,,7.38,,0.07,,1.4,,100.9,,8.65,,11.9,,152
7/20/2016,9:30:00,,14.05,,7.39,,0.07,,1.7,,101.5,,8.7,,11.9,,151.9
7/20/2016,9:45:00,,14.09,,7.39,,0.07,,1.8,,102.1,,8.75,,11.9,,151.9
7/20/2016,10:00:00,,14.14,,7.4,,0.07,,1.6,,103.2,,8.82,,11.9,,151.8
7/20/2016,10:15:00,,14.21,,7.41,,0.07,,1.3,,103.8,,8.86,,11.9,,151.9
7/20/2016,10:30:00,,14.29,,7.42,,0.07,,1.7,,104.5,,8.91,,11.9,,151.9
7/20/2016,10:45:00,,14.36,,7.42,,0.07,,2,,105.3,,8.96,,11.9,,152
7/20/2016,11:00:00,,14.46,,7.43,,0.07,,1.7,,106.1,,9.01,,11.9,,152
7/20/2016,11:15:00,,14.57,,7.44,,0.07,,2.3,,106.7,,9.04,,11.9,,151.8
7/20/2016,11:30:00,,14.68,,7.45,,0.07,,1.5,,107.6,,9.09,,11.9,,152
7/20/2016,11:45:00,,14.8,,7.46,,0.07,,2.1,,108.3,,9.13,,12,,151.8
7/20/2016,12:00:00,,14.91,,7.46,,0.07,,1.9,,109.5,,9.21,,12,,152.2
7/20/2016,12:15:00,,15.03,,7.47,,0.07,,1.8,,110.3,,9.26,,12,,152
7/20/2016,12:30:00,,15.15,,7.48,,0.07,,2.3,,110.7,,9.26,,12,,151.8
7/20/2016,12:45:00,,15.27,,7.49,,0.07,,2.2,,112.2,,9.37,,12,,151.8
7/20/2016,13:00:00,,15.4,,7.5,,0.07,,2,,112.5,,9.36,,12,,151.8
7/20/2016,13:15:00,,15.53,,7.5,,0.07,,2.1,,113.2,,9.4,,12,,151.9
7/20/2016,13:30:00,,15.65,,7.51,,0.07,,2.1,,114.5,,9.48,,12,,151.9
7/20/2016,13:45:00,,15.78,,7.52,,0.07,,2.5,,114.9,,9.48,,12,,152.2
7/20/2016,14:00:00,,15.91,,7.53,,0.07,,2.3,,115.8,,9.53,,12,,151.8
7/20/2016,14:15:00,,16.03,,7.54,,0.07,,2.4,,116.3,,9.55,,12,,151.7
7/20/2016,14:30:00,,16.16,,7.54,,0.07,,2.6,,116.7,,9.55,,12,,152
7/20/2016,14:45:00,,16.27,,7.55,,0.07,,3.3,,117.2,,9.57,,12,,151.7
7/20/2016,15:00:00,,16.39,,7.56,,0.07,,2.2,,117.2,,9.55,,12,,151.9
7/20/2016,15:15:00,,16.49,,7.57,,0.07,,2.7,,117.8,,9.58,,12,,152
7/20/2016,15:30:00,,16.59,,7.57,,0.07,,2.2,,118.2,,9.59,,12,,152.2
7/20/2016,15:45:00,,16.68,,7.58,,0.07,,2.4,,118.4,,9.59,,12.1,,152.1
7/20/2016,16:00:00,,16.78,,7.58,,0.07,,2.4,,118.5,,9.58,,12.1,,152.1
7/20/2016,16:15:00,,16.87,,7.58,,0.07,,2.3,,118.8,,9.58,,12.1,,152.1
7/20/2016,16:30:00,,16.96,,7.59,,0.07,,2.3,,118.6,,9.55,,12.1,,152.4
7/20/2016,16:45:00,,17.03,,7.59,,0.07,,2.7,,119.4,,9.59,,12.1,,152.4
7/20/2016,17:00:00,,17.06,,7.59,,0.07,,2.4,,119,,9.55,,12.1,,152.4
7/20/2016,17:15:00,,17.09,,7.6,,0.07,,2.5,,118.3,,9.5,,12.1,,152.4
7/20/2016,17:30:00,,17.1,,7.61,,0.07,,2.3,,118.4,,9.5,,12.1,,152.3
7/20/2016,17:45:00,,17.08,,7.6,,0.07,,15.9,,117.6,,9.44,,12.1,,152.4
7/20/2016,18:00:00,,17.12,,7.61,,0.07,,2.7,,117.8,,9.45,,12.1,,152.6
7/20/2016,18:15:00,,17.15,,7.61,,0.07,,2.6,,117.7,,9.43,,12.1,,152.7
7/20/2016,18:30:00,,17.17,,7.62,,0.07,,1.8,,117.6,,9.42,,12.1,,152.4
7/20/2016,18:45:00,,17.16,,7.61,,0.07,,2.2,,117.2,,9.39,,12.1,,152.9
7/20/2016,19:00:00,,17.16,,7.61,,0.07,,2.6,,116.8,,9.36,,12.1,,152.8
7/20/2016,19:15:00,,17.16,,7.61,,0.07,,2,,116.4,,9.33,,12.1,,152.7
7/20/2016,19:30:00,,17.14,,7.61,,0.07,,2.2,,116,,9.3,,12.1,,152.7
7/20/2016,19:45:00,,17.12,,7.6,,0.07,,1.9,,115.7,,9.28,,12.1,,152.5
7/20/2016,20:00:00,,17.09,,7.6,,0.07,,1.8,,114.8,,9.21,,12.1,,152.6
7/20/2016,20:15:00,,17.05,,7.6,,0.07,,2.7,,114.5,,9.2,,12.1,,152.9
7/20/2016,20:30:00,,17.01,,7.59,,0.07,,1.7,,114,,9.16,,12.1,,152.6
7/20/2016,20:45:00,,16.96,,7.58,,0.07,,2.1,,113.2,,9.11,,12.1,,152.7
7/20/2016,21:00:00,,16.92,,7.58,,0.07,,2.3,,112.3,,9.04,,12.1,,152.7
7/20/2016,21:15:00,,16.87,,7.57,,0.07,,1.8,,112.1,,9.03,,12.1,,152.5
7/20/2016,21:30:00,,16.84,,7.56,,0.07,,1.9,,111.5,,9,,12.1,,152.3
7/20/2016,21:45:00,,16.8,,7.56,,0.07,,1.7,,110.4,,8.91,,12.1,,152.4
7/20/2016,22:00:00,,16.76,,7.55,,0.07,,1.9,,109.7,,8.86,,12.1,,152.1
7/20/2016,22:15:00,,16.71,,7.54,,0.07,,2,,108.9,,8.81,,12,,152.2
7/20/2016,22:30:00,,16.67,,7.53,,0.07,,1.7,,108.3,,8.77,,12.1,,152.2
7/20/2016,22:45:00,,16.62,,7.52,,0.07,,1.6,,107.6,,8.73,,12,,152.1
7/20/2016,23:00:00,,16.58,,7.52,,0.07,,1.5,,106.5,,8.64,,12,,152.1
7/20/2016,23:15:00,,16.53,,7.51,,0.07,,1.4,,106.5,,8.65,,12,,151.8
7/20/2016,23:30:00,,16.47,,7.5,,0.07,,2,,105.7,,8.6,,12,,151.8
7/20/2016,23:45:00,,16.39,,7.49,,0.07,,1.7,,104.8,,8.54,,12,,151.6
7/21/2016,0:00:00,,16.33,,7.48,,0.07,,1.7,,104.2,,8.5,,12,,151.7
7/21/2016,0:15:00,,16.28,,7.48,,0.07,,1.7,,103.8,,8.47,,12,,151.3
7/21/2016,0:30:00,,16.22,,7.47,,0.07,,1.5,,103.1,,8.43,,12,,151.2
7/21/2016,0:45:00,,16.17,,7.46,,0.07,,1.2,,102.8,,8.41,,12,,151.3
7/21/2016,1:00:00,,16.12,,7.46,,0.07,,1.4,,102.2,,8.37,,12,,151.2
7/21/2016,1:15:00,,16.08,,7.46,,0.07,,1.9,,101.8,,8.35,,12,,151.1
7/21/2016,1:30:00,,16.03,,7.46,,0.07,,1.4,,101.4,,8.32,,12,,150.8
7/21/2016,1:45:00,,15.98,,7.45,,0.07,,1.5,,100.9,,8.29,,12,,150.7
7/21/2016,2:00:00,,15.93,,7.45,,0.07,,1.5,,100.5,,8.27,,12,,150.7
7/21/2016,2:15:00,,15.88,,7.44,,0.07,,1.1,,100.7,,8.29,,12,,150.7
7/21/2016,2:30:00,,15.83,,7.44,,0.07,,1.6,,100.2,,8.26,,12,,150.6
7/21/2016,2:45:00,,15.78,,7.44,,0.07,,1.5,,99.9,,8.25,,12,,150.7
7/21/2016,3:00:00,,15.74,,7.44,,0.07,,1.5,,100.2,,8.27,,12,,150.7
7/21/2016,3:15:00,,15.69,,7.43,,0.07,,1.5,,99.5,,8.22,,12,,150.6
7/21/2016,3:30:00,,15.65,,7.43,,0.07,,1.8,,99.2,,8.21,,12,,150.6
7/21/2016,3:45:00,,15.6,,7.42,,0.07,,1.7,,98.9,,8.19,,12,,150.3
7/21/2016,4:00:00,,15.56,,7.42,,0.07,,1.3,,99.2,,8.23,,12,,150.4
7/21/2016,4:15:00,,15.52,,7.42,,0.07,,1.4,,99,,8.22,,12,,150.6
7/21/2016,4:30:00,,15.47,,7.41,,0.07,,1.4,,98.6,,8.19,,11.9,,150.6
7/21/2016,4:45:00,,15.43,,7.41,,0.07,,1.9,,98.5,,8.19,,11.9,,150.3
7/21/2016,5:00:00,,15.39,,7.41,,0.07,,2.1,,98.5,,8.2,,11.9,,150.5
7/21/2016,5:15:00,,15.35,,7.41,,0.07,,1,,98.3,,8.19,,11.9,,150.4
7/21/2016,5:30:00,,15.31,,7.41,,0.07,,1,,98.1,,8.18,,11.9,,150.5
7/21/2016,5:45:00,,15.27,,7.4,,0.07,,1.2,,97.9,,8.17,,11.9,,150.9
7/21/2016,6:00:00,,15.24,,7.41,,0.07,,1.2,,98.1,,8.19,,11.9,,151
7/21/2016,6:15:00,,15.2,,7.4,,0.07,,1.1,,97.6,,8.16,,11.9,,150.8
7/21/2016,6:30:00,,15.18,,7.4,,0.07,,0.7,,98.1,,8.2,,11.9,,151
7/21/2016,6:45:00,,15.14,,7.4,,0.07,,1,,97.9,,8.19,,11.9,,151.1
7/21/2016,7:00:00,,15.11,,7.4,,0.07,,1.6,,97.8,,8.19,,11.9,,151
7/21/2016,7:15:00,,15.09,,7.4,,0.07,,1,,98.1,,8.22,,11.9,,151.1
7/21/2016,7:30:00,,15.06,,7.4,,0.07,,1.5,,98.3,,8.24,,11.9,,151.1
7/21/2016,7:45:00,,15.05,,7.4,,0.07,,0.8,,98.3,,8.24,,11.9,,151.2
7/21/2016,8:00:00,,15.04,,7.4,,0.07,,0.9,,98.7,,8.28,,11.9,,151.5
7/21/2016,8:15:00,,15.02,,7.41,,0.07,,1.3,,99,,8.31,,11.9,,151.5
7/21/2016,8:30:00,,15.01,,7.41,,0.07,,1,,99.2,,8.33,,11.9,,151.4
7/21/2016,8:45:00,,15.02,,7.41,,0.07,,1.3,,99.6,,8.36,,11.9,,151.7
7/21/2016,9:00:00,,15.03,,7.41,,0.07,,0.9,,100.2,,8.41,,11.9,,151.8
7/21/2016,9:15:00,,15.07,,7.42,,0.07,,0.7,,101,,8.46,,11.8,,151.8
7/21/2016,9:30:00,,15.11,,7.42,,0.07,,0.9,,101.3,,8.48,,11.9,,152.1
7/21/2016,9:45:00,,15.15,,7.43,,0.07,,0.8,,101.8,,8.52,,11.9,,152.1
7/21/2016,10:00:00,,15.21,,7.44,,0.07,,0.8,,102.9,,8.6,,11.8,,152.2
7/21/2016,10:15:00,,15.28,,7.44,,0.07,,1.4,,103.2,,8.61,,11.9,,152
7/21/2016,10:30:00,,15.36,,7.44,,0.07,,0.8,,104.2,,8.68,,11.8,,152.4
7/21/2016,10:45:00,,15.44,,7.46,,0.07,,1.3,,104.8,,8.71,,11.8,,152.2
7/21/2016,11:00:00,,15.5,,7.46,,0.07,,1,,105.9,,8.79,,11.9,,152.6
7/21/2016,11:15:00,,15.52,,7.46,,0.07,,0.7,,105.7,,8.77,,11.9,,152.6
7/21/2016,11:30:00,,15.54,,7.46,,0.07,,6.9,,106.1,,8.8,,11.8,,152.4
7/21/2016,11:45:00,,15.62,,7.48,,0.07,,1.5,,107.5,,8.9,,11.9,,152.6
7/21/2016,12:00:00,,15.74,,7.48,,0.07,,1.3,,107.9,,8.92,,11.9,,152.6
7/21/2016,12:15:00,,15.8,,7.49,,0.07,,2.4,,108.9,,8.98,,11.9,,152.4
7/21/2016,12:30:00,,15.85,,7.49,,0.07,,1.5,,109.4,,9.01,,11.9,,152.5
7/21/2016,12:45:00,,15.95,,7.51,,0.07,,2.2,,110,,9.04,,11.9,,152.3
7/21/2016,13:00:00,,16.09,,7.51,,0.07,,1.6,,110.9,,9.09,,11.9,,152.7
7/21/2016,13:15:00,,16.25,,7.53,,0.07,,1.4,,111.8,,9.14,,11.9,,152.7
7/21/2016,13:30:00,,16.35,,7.53,,0.07,,1.8,,112.4,,9.17,,11.9,,152.5
7/21/2016,13:45:00,,16.39,,7.53,,0.07,,1.8,,112.4,,9.16,,12,,152.4
7/21/2016,14:00:00,,16.43,,7.53,,0.07,,1.7,,112.7,,9.17,,12,,152.3
7/21/2016,14:15:00,,16.56,,7.54,,0.07,,1.6,,113.4,,9.21,,11.9,,152.5
7/21/2016,14:30:00,,16.7,,7.54,,0.07,,1.6,,113.9,,9.22,,11.9,,152.7
7/21/2016,14:45:00,,16.83,,7.55,,0.07,,1.9,,114.4,,9.23,,12,,152.6
7/21/2016,15:00:00,,16.93,,7.55,,0.07,,1.7,,114.7,,9.24,,12,,152.4
7/21/2016,15:15:00,,17.02,,7.57,,0.07,,1.7,,115.1,,9.25,,12,,152.5
7/21/2016,15:30:00,,17.13,,7.57,,0.07,,1.7,,115.9,,9.29,,12,,152.8
7/21/2016,15:45:00,,17.22,,7.57,,0.07,,1.9,,116.2,,9.3,,12,,152.6
7/21/2016,16:00:00,,17.3,,7.58,,0.07,,1.6,,116.3,,9.29,,12,,152.8
7/21/2016,16:15:00,,17.37,,7.58,,0.07,,1.8,,116.6,,9.31,,12,,152.7
7/21/2016,16:30:00,,17.44,,7.59,,0.07,,1.7,,117,,9.33,,12,,153
7/21/2016,16:45:00,,17.49,,7.58,,0.07,,1.7,,116.5,,9.27,,12,,152.9
7/21/2016,17:00:00,,17.5,,7.59,,0.07,,1.4,,116.6,,9.28,,12,,152.9
7/21/2016,17:15:00,,17.47,,7.59,,0.07,,1.6,,116.3,,9.26,,12,,152.8
7/21/2016,17:30:00,,17.4,,7.59,,0.07,,1.7,,115.9,,9.24,,12,,152.8
7/21/2016,17:45:00,,17.36,,7.59,,0.07,,1.5,,115.6,,9.23,,12,,152.8
7/21/2016,18:00:00,,17.34,,7.6,,0.07,,1.6,,116,,9.27,,12,,152.9
7/21/2016,18:15:00,,17.31,,7.59,,0.07,,1.8,,115.5,,9.23,,12,,152.6
7/21/2016,18:30:00,,17.31,,7.59,,0.07,,1.8,,115.3,,9.21,,12,,152.7
7/21/2016,18:45:00,,17.28,,7.59,,0.07,,1.4,,114.5,,9.16,,12,,152.4
7/21/2016,19:00:00,,17.25,,7.6,,0.07,,1.6,,114.5,,9.16,,12,,152.3
7/21/2016,19:15:00,,17.21,,7.6,,0.07,,1.6,,114.2,,9.15,,12,,152.6
7/21/2016,19:30:00,,17.16,,7.58,,0.07,,1.7,,113.8,,9.12,,12,,152.4
7/21/2016,19:45:00,,17.11,,7.59,,0.07,,1.8,,113.2,,9.08,,12,,152.1
7/21/2016,20:00:00,,17.07,,7.58,,0.07,,1.6,,112.8,,9.06,,12,,152
7/21/2016,20:15:00,,17.03,,7.57,,0.07,,1.8,,112.2,,9.02,,12,,151.8
7/21/2016,20:30:00,,16.97,,7.57,,0.07,,1.5,,112,,9.01,,12,,151.8
7/21/2016,20:45:00,,16.91,,7.57,,0.07,,1.6,,110.9,,8.94,,12,,151.6
7/21/2016,21:00:00,,16.85,,7.56,,0.07,,1.5,,110,,8.88,,12,,151.7
7/21/2016,21:15:00,,16.8,,7.55,,0.07,,1.6,,109.7,,8.86,,12,,151.4
7/21/2016,21:30:00,,16.75,,7.54,,0.07,,1.8,,109.3,,8.83,,12,,151.4
7/21/2016,21:45:00,,16.7,,7.54,,0.07,,1.7,,108.7,,8.8,,12,,151.3
7/21/2016,22:00:00,,16.65,,7.53,,0.07,,1.5,,108.2,,8.76,,12,,151.4
7/21/2016,22:15:00,,16.59,,7.53,,0.07,,1.5,,107.5,,8.72,,12,,151
7/21/2016,22:30:00,,16.53,,7.52,,0.07,,1.6,,106.9,,8.68,,12,,150.9
7/21/2016,22:45:00,,16.47,,7.51,,0.07,,1.6,,106,,8.62,,12,,150.8
7/21/2016,23:00:00,,16.41,,7.5,,0.07,,2.1,,105.7,,8.61,,12,,150.7
7/21/2016,23:15:00,,16.35,,7.5,,0.07,,2.1,,104.8,,8.54,,11.9,,150.8
7/21/2016,23:30:00,,16.3,,7.49,,0.07,,1.6,,104.2,,8.51,,11.9,,150.5
7/21/2016,23:45:00,,16.25,,7.48,,0.07,,1.4,,103.6,,8.46,,11.9,,150.3
7/22/2016,0:00:00,,16.2,,7.47,,0.07,,1.3,,103.2,,8.44,,11.9,,150.4
7/22/2016,0:15:00,,16.16,,7.47,,0.07,,1.9,,102.5,,8.39,,11.9,,150.3
7/22/2016,0:30:00,,16.13,,7.47,,0.06,,1.6,,102.2,,8.37,,11.9,,149.9
7/22/2016,0:45:00,,16.09,,7.46,,0.06,,1.9,,101.4,,8.31,,11.9,,150.1
7/22/2016,1:00:00,,16.05,,7.45,,0.06,,1.8,,101.2,,8.3,,11.9,,149.8
7/22/2016,1:15:00,,16.01,,7.44,,0.06,,1.4,,100.5,,8.25,,11.9,,149.7
7/22/2016,1:30:00,,15.96,,7.44,,0.06,,1.8,,100.2,,8.24,,11.9,,149.4
7/22/2016,1:45:00,,15.92,,7.44,,0.06,,1.6,,100.1,,8.23,,11.9,,149.7
7/22/2016,2:00:00,,15.87,,7.43,,0.06,,1.8,,99.5,,8.2,,11.9,,149.3
7/22/2016,2:15:00,,15.82,,7.42,,0.06,,1.3,,99.3,,8.19,,11.9,,149.3
7/22/2016,2:30:00,,15.76,,7.42,,0.06,,1.2,,99,,8.17,,11.9,,148.5
7/22/2016,2:45:00,,15.7,,7.42,,0.06,,1.2,,98.6,,8.15,,11.9,,148.9
7/22/2016,3:00:00,,15.65,,7.41,,0.06,,1.9,,98.2,,8.13,,11.9,,148.6
7/22/2016,3:15:00,,15.59,,7.4,,0.06,,1.1,,98.3,,8.15,,11.8,,148.6
7/22/2016,3:30:00,,15.53,,7.4,,0.06,,2,,98,,8.13,,11.8,,148.6
7/22/2016,3:45:00,,15.46,,7.4,,0.06,,1.6,,97.8,,8.13,,11.9,,148.5
7/22/2016,4:00:00,,15.39,,7.39,,0.06,,1.7,,97.2,,8.09,,11.8,,148.5
7/22/2016,4:15:00,,15.33,,7.39,,0.06,,1.6,,97.2,,8.1,,11.8,,148.3
7/22/2016,4:30:00,,15.27,,7.39,,0.06,,1.7,,97.3,,8.12,,11.8,,148.3
7/22/2016,4:45:00,,15.21,,7.38,,0.06,,2.2,,97.1,,8.11,,11.8,,148.3
7/22/2016,5:00:00,,15.16,,7.37,,0.06,,2.2,,96.4,,8.07,,11.8,,148
7/22/2016,5:15:00,,15.1,,7.37,,0.06,,1.7,,96.7,,8.1,,11.8,,148.3
7/22/2016,5:30:00,,15.05,,7.37,,0.06,,1.6,,96.6,,8.1,,11.8,,148
7/22/2016,5:45:00,,14.99,,7.37,,0.06,,1.5,,96.5,,8.1,,11.8,,148.4
7/22/2016,6:00:00,,14.95,,7.36,,0.06,,1.8,,96.5,,8.11,,11.8,,148.2
7/22/2016,6:15:00,,14.9,,7.37,,0.06,,1.5,,96.6,,8.12,,11.8,,148.2
7/22/2016,6:30:00,,14.86,,7.36,,0.06,,1.1,,96.2,,8.1,,11.8,,148.2
7/22/2016,6:45:00,,14.81,,7.36,,0.06,,1.4,,96.5,,8.13,,11.8,,148.3
7/22/2016,7:00:00,,14.77,,7.35,,0.06,,1.5,,96,,8.1,,11.8,,148.5
7/22/2016,7:15:00,,14.73,,7.35,,0.06,,1.2,,96.3,,8.13,,11.8,,148.4
7/22/2016,7:30:00,,14.69,,7.35,,0.06,,1.3,,96.4,,8.15,,11.8,,148.5
7/22/2016,7:45:00,,14.66,,7.35,,0.06,,1.5,,96.7,,8.18,,11.8,,148.5
7/22/2016,8:00:00,,14.63,,7.35,,0.06,,1.4,,96.6,,8.17,,11.8,,148.6
7/22/2016,8:15:00,,14.62,,7.36,,0.06,,1.4,,96.9,,8.2,,11.8,,148.4
7/22/2016,8:30:00,,14.6,,7.36,,0.06,,1.2,,97.4,,8.25,,11.8,,148.7
7/22/2016,8:45:00,,14.59,,7.36,,0.06,,1,,97.6,,8.26,,11.8,,148.4
7/22/2016,9:00:00,,14.59,,7.37,,0.06,,1,,97.8,,8.28,,11.8,,148.7
7/22/2016,9:15:00,,14.58,,7.37,,0.06,,1.1,,98.4,,8.33,,11.8,,148.6
7/22/2016,9:30:00,,14.58,,7.37,,0.06,,0.9,,99,,8.38,,11.8,,148.5
7/22/2016,9:45:00,,14.58,,7.37,,0.06,,1.3,,99,,8.39,,11.8,,148.6
7/22/2016,10:00:00,,14.58,,7.38,,0.06,,1.3,,99.5,,8.43,,11.8,,148.8
7/22/2016,10:15:00,,14.61,,7.38,,0.06,,1.2,,100.2,,8.48,,11.8,,148.6
7/22/2016,10:30:00,,14.64,,7.39,,0.06,,1.2,,101,,8.54,,11.8,,148.7
7/22/2016,10:45:00,,14.65,,7.4,,0.06,,1.3,,101.4,,8.58,,11.8,,148.6
7/22/2016,11:00:00,,14.65,,7.4,,0.06,,1.3,,101.6,,8.6,,11.8,,148.7
7/22/2016,11:15:00,,14.63,,7.4,,0.06,,1.2,,101.9,,8.62,,11.8,,148.6
7/22/2016,11:30:00,,14.63,,7.4,,0.06,,1.3,,102.4,,8.67,,11.8,,148.8
7/22/2016,11:45:00,,14.64,,7.41,,0.06,,1.4,,102.7,,8.69,,11.8,,148.5
7/22/2016,12:00:00,,14.66,,7.41,,0.06,,1.1,,103.2,,8.73,,11.8,,148.8
7/22/2016,12:15:00,,14.68,,7.41,,0.06,,1.2,,104,,8.79,,11.8,,148.8
7/22/2016,12:30:00,,14.7,,7.42,,0.06,,1.1,,104.5,,8.83,,11.8,,148.7
7/22/2016,12:45:00,,14.69,,7.42,,0.06,,1.6,,104.6,,8.84,,11.8,,148.9
7/22/2016,13:00:00,,14.69,,7.43,,0.06,,1.2,,105,,8.88,,11.8,,148.9
7/22/2016,13:15:00,,14.72,,7.43,,0.06,,1.1,,105.6,,8.92,,11.8,,148.7
7/22/2016,13:30:00,,14.75,,7.43,,0.06,,1.3,,106.2,,8.97,,11.8,,149
7/22/2016,13:45:00,,14.75,,7.44,,0.06,,1.3,,106.2,,8.96,,11.8,,148.7
7/22/2016,14:00:00,,14.74,,7.44,,0.06,,1.2,,106.4,,8.98,,11.8,,149.1
7/22/2016,14:15:00,,14.72,,7.44,,0.06,,1.2,,106.2,,8.97,,11.8,,148.9
7/22/2016,14:30:00,,14.72,,7.44,,0.06,,1.3,,106.6,,9.01,,11.8,,148.8
7/22/2016,14:45:00,,14.73,,7.45,,0.06,,1.2,,106.7,,9.01,,11.8,,149.1
7/22/2016,15:00:00,,14.73,,7.44,,0.06,,1.2,,107.3,,9.06,,11.8,,148.8
7/22/2016,15:15:00,,14.73,,7.44,,0.06,,1.2,,106.9,,9.02,,11.8,,149.1
7/22/2016,15:30:00,,14.73,,7.45,,0.06,,1.3,,107,,9.03,,11.8,,149.2
7/22/2016,15:45:00,,14.73,,7.44,,0.06,,1.4,,107.4,,9.07,,11.8,,149.1
7/22/2016,16:00:00,,14.74,,7.45,,0.06,,1.4,,107.6,,9.08,,11.8,,148.9
7/22/2016,16:15:00,,14.75,,7.45,,0.06,,1.2,,107.4,,9.06,,11.8,,148.9
7/22/2016,16:30:00,,14.75,,7.45,,0.06,,1.1,,107.7,,9.09,,11.8,,149.1
7/22/2016,16:45:00,,14.75,,7.45,,0.06,,1.1,,108,,9.12,,11.8,,148.9
7/22/2016,17:00:00,,14.74,,7.45,,0.06,,1.2,,107.9,,9.11,,11.8,,148.9
7/22/2016,17:15:00,,14.72,,7.45,,0.06,,1.1,,107.2,,9.05,,11.8,,149.1
7/22/2016,17:30:00,,14.71,,7.44,,0.06,,1,,106.9,,9.03,,11.8,,148.8
7/22/2016,17:45:00,,14.7,,7.44,,0.06,,1.2,,107,,9.04,,11.8,,149.1
7/22/2016,18:00:00,,14.69,,7.44,,0.06,,1.2,,106.8,,9.02,,11.8,,149.1
7/22/2016,18:15:00,,14.67,,7.43,,0.06,,1,,106.6,,9.01,,11.8,,149.3
7/22/2016,18:30:00,,14.65,,7.43,,0.06,,0.9,,106.3,,8.99,,11.8,,149.2
7/22/2016,18:45:00,,14.62,,7.43,,0.06,,1.2,,106,,8.97,,11.8,,148.9
7/22/2016,19:00:00,,14.59,,7.43,,0.06,,1.3,,105.2,,8.91,,11.8,,149.1
7/22/2016,19:15:00,,14.56,,7.42,,0.06,,1,,105.1,,8.91,,11.8,,149.1
7/22/2016,19:30:00,,14.52,,7.42,,0.06,,1.3,,104.5,,8.87,,11.8,,149.3
7/22/2016,19:45:00,,14.49,,7.42,,0.06,,1.2,,104.5,,8.87,,11.8,,149.3
7/22/2016,20:00:00,,14.47,,7.41,,0.06,,1.2,,104,,8.83,,11.8,,149.3
7/22/2016,20:15:00,,14.43,,7.4,,0.06,,1.1,,103.3,,8.78,,11.8,,149.2
7/22/2016,20:30:00,,14.4,,7.4,,0.06,,1,,103.1,,8.77,,11.8,,148.8
7/22/2016,20:45:00,,14.37,,7.39,,0.06,,1.1,,102.6,,8.73,,11.8,,149
7/22/2016,21:00:00,,14.35,,7.39,,0.06,,1.2,,102.4,,8.72,,11.8,,149
7/22/2016,21:15:00,,14.32,,7.38,,0.06,,1.1,,102.3,,8.71,,11.8,,149
7/22/2016,21:30:00,,14.3,,7.38,,0.06,,1.2,,101.8,,8.68,,11.8,,149.1
7/22/2016,21:45:00,,14.27,,7.38,,0.06,,1.2,,101.8,,8.68,,11.8,,149.1
7/22/2016,22:00:00,,14.24,,7.37,,0.06,,1.3,,101.5,,8.67,,11.8,,149.1
7/22/2016,22:15:00,,14.21,,7.36,,0.06,,1.1,,101.1,,8.64,,11.8,,149.3
7/22/2016,22:30:00,,14.18,,7.36,,0.06,,1.2,,100.7,,8.61,,11.8,,149.4
7/22/2016,22:45:00,,14.14,,7.35,,0.06,,1.4,,100.5,,8.6,,11.8,,149.2
7/22/2016,23:00:00,,14.1,,7.35,,0.06,,1.5,,100,,8.56,,11.8,,149.2
7/22/2016,23:15:00,,14.06,,7.34,,0.06,,1.3,,99.4,,8.52,,11.8,,149.4
7/22/2016,23:30:00,,14.03,,7.34,,0.06,,1.2,,98.8,,8.48,,11.8,,149.7
7/22/2016,23:45:00,,13.99,,7.34,,0.06,,1,,98.7,,8.48,,11.8,,149.4
7/23/2016,0:00:00,,13.96,,7.33,,0.06,,1.4,,98.4,,8.45,,11.8,,149.7
7/23/2016,0:15:00,,13.93,,7.32,,0.06,,1,,97.9,,8.42,,11.8,,149.5
7/23/2016,0:30:00,,13.9,,7.33,,0.06,,1.1,,97.8,,8.41,,11.8,,149.7
7/23/2016,0:45:00,,13.86,,7.32,,0.06,,1.1,,97.6,,8.4,,11.8,,149.7
7/23/2016,1:00:00,,13.83,,7.31,,0.06,,1.4,,97.8,,8.43,,11.8,,149.8
7/23/2016,1:15:00,,13.79,,7.31,,0.06,,1.5,,97.3,,8.39,,11.8,,149.8
7/23/2016,1:30:00,,13.75,,7.31,,0.06,,1.2,,97.1,,8.38,,11.8,,149.7
7/23/2016,1:45:00,,13.72,,7.31,,0.06,,2.4,,96.9,,8.37,,11.8,,149.7
7/23/2016,2:00:00,,13.68,,7.3,,0.06,,1.1,,97,,8.38,,11.8,,149.9
7/23/2016,2:15:00,,13.65,,7.3,,0.06,,1.4,,96.9,,8.38,,11.8,,149.7
7/23/2016,2:30:00,,13.61,,7.3,,0.06,,1.2,,96.6,,8.37,,11.8,,150
7/23/2016,2:45:00,,13.57,,7.3,,0.06,,1.1,,96.6,,8.37,,11.8,,150
7/23/2016,3:00:00,,13.54,,7.3,,0.06,,1.4,,96.1,,8.33,,11.8,,150.2
7/23/2016,3:15:00,,13.5,,7.29,,0.06,,1.4,,96.3,,8.36,,11.8,,150
7/23/2016,3:30:00,,13.46,,7.29,,0.06,,1.3,,95.9,,8.33,,11.8,,150.2
7/23/2016,3:45:00,,13.42,,7.28,,0.06,,1.3,,95.7,,8.32,,11.8,,150.2
7/23/2016,4:00:00,,13.38,,7.28,,0.06,,1.5,,95.5,,8.31,,11.8,,150.2
7/23/2016,4:15:00,,13.34,,7.27,,0.06,,1.2,,95.7,,8.33,,11.8,,150
7/23/2016,4:30:00,,13.31,,7.27,,0.07,,1.2,,95.7,,8.34,,11.8,,150.2
7/23/2016,4:45:00,,13.27,,7.27,,0.06,,1.6,,95.8,,8.35,,11.8,,150.1
7/23/2016,5:00:00,,13.23,,7.27,,0.07,,1.5,,95.3,,8.32,,11.8,,150.2
7/23/2016,5:15:00,,13.2,,7.26,,0.06,,1.4,,95.7,,8.36,,11.8,,150
7/23/2016,5:30:00,,13.16,,7.26,,0.07,,1.3,,95.4,,8.34,,11.8,,150.4
7/23/2016,5:45:00,,13.12,,7.26,,0.06,,1.5,,95.3,,8.34,,11.8,,150
7/23/2016,6:00:00,,13.09,,7.26,,0.07,,1.6,,95.1,,8.33,,11.8,,150.3
7/23/2016,6:15:00,,13.06,,7.26,,0.06,,1.2,,95.2,,8.34,,11.8,,150.2
7/23/2016,6:30:00,,13.04,,7.26,,0.07,,1,,95.8,,8.4,,11.8,,150.3
7/23/2016,6:45:00,,13.02,,7.26,,0.06,,1.3,,95.5,,8.37,,11.8,,150.2
7/23/2016,7:00:00,,13,,7.26,,0.06,,1.7,,95.9,,8.42,,11.8,,150.2
7/23/2016,7:15:00,,13,,7.27,,0.06,,1.1,,96.4,,8.46,,11.8,,150.1
7/23/2016,7:30:00,,13,,7.27,,0.06,,1,,96.6,,8.47,,11.8,,150.1
7/23/2016,7:45:00,,13,,7.27,,0.07,,1,,97.2,,8.53,,11.8,,150.3
7/23/2016,8:00:00,,13,,7.27,,0.06,,1.1,,97.7,,8.57,,11.8,,150.1
7/23/2016,8:15:00,,13.03,,7.28,,0.07,,0.9,,98.3,,8.62,,11.8,,150.3
7/23/2016,8:30:00,,13.04,,7.28,,0.06,,1.1,,98.7,,8.65,,11.8,,150.1
7/23/2016,8:45:00,,13.05,,7.29,,0.06,,1.2,,98.9,,8.66,,11.8,,149.9
7/23/2016,9:00:00,,13.06,,7.29,,0.06,,0.9,,99.4,,8.71,,11.8,,150
7/23/2016,9:15:00,,13.08,,7.29,,0.07,,0.9,,99.9,,8.75,,11.8,,150.3
7/23/2016,9:30:00,,13.1,,7.29,,0.06,,1.2,,100.3,,8.78,,11.8,,150.2
7/23/2016,9:45:00,,13.12,,7.3,,0.07,,0.8,,101.1,,8.85,,11.8,,150.4
7/23/2016,10:00:00,,13.15,,7.3,,0.07,,1.3,,101.2,,8.85,,11.8,,150.3
7/23/2016,10:15:00,,13.2,,7.31,,0.07,,1.4,,101.9,,8.9,,11.8,,150.2
7/23/2016,10:30:00,,13.29,,7.32,,0.06,,0.7,,102.9,,8.97,,11.8,,150.1
7/23/2016,10:45:00,,13.37,,7.32,,0.06,,1.3,,104,,9.05,,11.8,,150
7/23/2016,11:00:00,,13.45,,7.33,,0.06,,1,,104.5,,9.08,,11.8,,150.1
7/23/2016,11:15:00,,13.52,,7.34,,0.06,,0.9,,105.2,,9.13,,11.8,,150
7/23/2016,11:30:00,,13.59,,7.34,,0.06,,1.4,,106.2,,9.2,,11.8,,150.2
7/23/2016,11:45:00,,13.69,,7.35,,0.07,,1.1,,107.2,,9.26,,11.8,,150.3
7/23/2016,12:00:00,,13.8,,7.35,,0.06,,0.9,,107.7,,9.28,,11.8,,150.1
7/23/2016,12:15:00,,13.91,,7.36,,0.06,,1.2,,108.7,,9.35,,11.8,,150
7/23/2016,12:30:00,,13.99,,7.37,,0.07,,0.6,,109,,9.36,,11.8,,150.2
7/23/2016,12:45:00,,14.05,,7.37,,0.07,,1,,109.9,,9.42,,11.8,,150.2
7/23/2016,13:00:00,,14.11,,7.38,,0.06,,1.4,,110.2,,9.43,,11.8,,150
7/23/2016,13:15:00,,14.23,,7.38,,0.06,,0.9,,110.8,,9.46,,11.8,,150.1
7/23/2016,13:30:00,,14.28,,7.39,,0.07,,1.3,,111.5,,9.51,,11.8,,150.3
7/23/2016,13:45:00,,14.4,,7.4,,0.07,,1.4,,111.9,,9.52,,11.8,,150.3
7/23/2016,14:00:00,,14.48,,7.4,,0.07,,1.2,,112.4,,9.55,,11.8,,150.3
7/23/2016,14:15:00,,14.61,,7.41,,0.06,,0.9,,113.3,,9.59,,11.8,,150.1
7/23/2016,14:30:00,,14.75,,7.42,,0.07,,1.4,,113.7,,9.59,,11.8,,150.4
7/23/2016,14:45:00,,14.87,,7.43,,0.06,,1,,114.2,,9.61,,11.8,,150.2
7/23/2016,15:00:00,,14.92,,7.43,,0.06,,0.9,,114.4,,9.62,,11.8,,150.1
7/23/2016,15:15:00,,14.95,,7.43,,0.06,,1.1,,114.3,,9.61,,11.8,,150.2
7/23/2016,15:30:00,,14.97,,7.43,,0.07,,1.1,,114.6,,9.63,,11.8,,150.4
7/23/2016,15:45:00,,15.02,,7.43,,0.07,,1.2,,114.6,,9.62,,11.8,,150.4
7/23/2016,16:00:00,,15.08,,7.44,,0.07,,1,,115.3,,9.66,,11.8,,150.4
7/23/2016,16:15:00,,15.2,,7.45,,0.07,,0.9,,115.5,,9.65,,11.8,,150.3
7/23/2016,16:30:00,,15.31,,7.45,,0.07,,1.2,,116.1,,9.68,,11.8,,150.4
7/23/2016,16:45:00,,15.45,,7.47,,0.07,,1.2,,116.4,,9.68,,11.8,,150.3
7/23/2016,17:00:00,,15.56,,7.47,,0.07,,0.8,,116.8,,9.69,,11.8,,150.7
7/23/2016,17:15:00,,15.64,,7.46,,0.07,,1.3,,116.1,,9.62,,11.8,,150.5
7/23/2016,17:30:00,,15.69,,7.47,,0.07,,0.8,,116.3,,9.62,,11.8,,150.6
7/23/2016,17:45:00,,15.74,,7.47,,0.07,,1,,116.4,,9.61,,11.8,,150.7
7/23/2016,18:00:00,,15.72,,7.47,,0.07,,1.3,,115.7,,9.56,,11.8,,150.9
7/23/2016,18:15:00,,15.69,,7.46,,0.07,,1.1,,115.6,,9.56,,11.8,,151
7/23/2016,18:30:00,,15.67,,7.46,,0.07,,1,,115.2,,9.53,,11.8,,150.7
7/23/2016,18:45:00,,15.65,,7.46,,0.07,,1.2,,115.2,,9.53,,11.8,,150.9
7/23/2016,19:00:00,,15.64,,7.46,,0.07,,1.4,,114.3,,9.46,,11.8,,150.8
7/23/2016,19:15:00,,15.61,,7.46,,0.07,,1,,114.5,,9.49,,11.8,,150.9
7/23/2016,19:30:00,,15.59,,7.46,,0.07,,1.1,,114.1,,9.46,,11.8,,151
7/23/2016,19:45:00,,15.56,,7.46,,0.07,,1,,113.7,,9.43,,11.8,,151.1
7/23/2016,20:00:00,,15.54,,7.46,,0.07,,1.2,,113.2,,9.39,,11.8,,151.1
7/23/2016,20:15:00,,15.53,,7.46,,0.07,,1.5,,112.7,,9.36,,11.8,,151
7/23/2016,20:30:00,,15.5,,7.45,,0.07,,1.1,,112.3,,9.32,,11.8,,151.2
7/23/2016,20:45:00,,15.45,,7.45,,0.07,,1.7,,111.7,,9.28,,11.8,,151.2
7/23/2016,21:00:00,,15.4,,7.44,,0.07,,0.6,,110.9,,9.23,,11.8,,151.1
7/23/2016,21:15:00,,15.36,,7.43,,0.07,,1,,110.3,,9.18,,11.8,,151.3
7/23/2016,21:30:00,,15.33,,7.43,,0.07,,0.9,,110,,9.17,,11.8,,151.3
7/23/2016,21:45:00,,15.29,,7.42,,0.07,,1.2,,109.2,,9.11,,11.8,,151.1
7/23/2016,22:00:00,,15.24,,7.41,,0.07,,1,,108.8,,9.08,,11.8,,151.4
7/23/2016,22:15:00,,15.19,,7.41,,0.07,,1.2,,107.7,,9,,11.8,,151.4
7/23/2016,22:30:00,,15.14,,7.4,,0.07,,1,,107.4,,8.99,,11.8,,151.2
7/23/2016,22:45:00,,15.08,,7.4,,0.07,,0.9,,106.7,,8.94,,11.8,,151.3
7/23/2016,23:00:00,,15.04,,7.39,,0.07,,1.5,,105.6,,8.85,,11.8,,151.4
7/23/2016,23:15:00,,15,,7.38,,0.07,,1,,104.9,,8.81,,11.8,,151.4
7/23/2016,23:30:00,,14.96,,7.37,,0.07,,1,,104.7,,8.79,,11.8,,151.3
7/23/2016,23:45:00,,14.92,,7.37,,0.07,,1.2,,103.9,,8.74,,11.8,,151.5
7/24/2016,0:00:00,,14.88,,7.36,,0.07,,1.8,,103.7,,8.72,,11.8,,151.3
7/24/2016,0:15:00,,14.84,,7.35,,0.07,,1.3,,103,,8.68,,11.8,,151.4
7/24/2016,0:30:00,,14.79,,7.34,,0.07,,4.3,,102.7,,8.66,,11.8,,151.5
7/24/2016,0:45:00,,14.75,,7.34,,0.07,,0.8,,101.9,,8.6,,11.8,,151.3
7/24/2016,1:00:00,,14.71,,7.33,,0.07,,1.2,,101.5,,8.57,,11.8,,151.4
7/24/2016,1:15:00,,14.66,,7.33,,0.07,,1.4,,100.9,,8.54,,11.8,,151.4
7/24/2016,1:30:00,,14.61,,7.33,,0.07,,1,,100.8,,8.53,,11.8,,151.7
7/24/2016,1:45:00,,14.55,,7.32,,0.07,,1.4,,100.3,,8.5,,11.8,,151.4
7/24/2016,2:00:00,,14.49,,7.32,,0.07,,1.1,,99.8,,8.47,,11.8,,151.7
7/24/2016,2:15:00,,14.43,,7.31,,0.07,,1.3,,99.7,,8.47,,11.8,,151.7
7/24/2016,2:30:00,,14.38,,7.31,,0.07,,1.7,,99.3,,8.45,,11.8,,151.6
7/24/2016,2:45:00,,14.32,,7.3,,0.07,,1.3,,99.3,,8.46,,11.8,,151.6
7/24/2016,3:00:00,,14.26,,7.31,,0.07,,1,,99,,8.44,,11.8,,151.2
7/24/2016,3:15:00,,14.2,,7.3,,0.07,,1.1,,98.8,,8.44,,11.8,,151.6
7/24/2016,3:30:00,,14.15,,7.29,,0.07,,1.5,,98.7,,8.44,,11.8,,151.2
7/24/2016,3:45:00,,14.1,,7.29,,0.07,,1.2,,98.5,,8.44,,11.8,,151.6
7/24/2016,4:00:00,,14.05,,7.29,,0.07,,1.2,,98.2,,8.42,,11.8,,151.2
7/24/2016,4:15:00,,14.01,,7.28,,0.07,,1.1,,98.2,,8.42,,11.8,,151.4
7/24/2016,4:30:00,,13.95,,7.28,,0.07,,1.1,,97.6,,8.39,,11.8,,151.6
7/24/2016,4:45:00,,13.9,,7.28,,0.07,,0.8,,97.6,,8.39,,11.8,,151.3
7/24/2016,5:00:00,,13.86,,7.28,,0.07,,1.1,,97.7,,8.41,,11.8,,151.4
7/24/2016,5:15:00,,13.81,,7.28,,0.07,,1.2,,97.5,,8.4,,11.8,,151.5
7/24/2016,5:30:00,,13.77,,7.28,,0.07,,1.3,,97.7,,8.43,,11.8,,151.4
7/24/2016,5:45:00,,13.72,,7.28,,0.07,,1,,97.2,,8.39,,11.8,,151.2
7/24/2016,6:00:00,,13.69,,7.27,,0.07,,1.4,,97.4,,8.42,,11.8,,151.2
7/24/2016,6:15:00,,13.65,,7.27,,0.07,,0.9,,97.3,,8.41,,11.8,,151.3
7/24/2016,6:30:00,,13.62,,7.27,,0.07,,0.7,,97.3,,8.42,,11.8,,151.2
7/24/2016,6:45:00,,13.58,,7.28,,0.07,,0.6,,97.2,,8.42,,11.8,,151.3
7/24/2016,7:00:00,,13.55,,7.28,,0.07,,0.8,,97.4,,8.44,,11.8,,151.5
7/24/2016,7:15:00,,13.53,,7.28,,0.07,,0.9,,97.6,,8.46,,11.8,,151.4
7/24/2016,7:30:00,,13.5,,7.29,,0.07,,0.6,,98,,8.5,,11.8,,151.3
7/24/2016,7:45:00,,13.48,,7.29,,0.07,,1.4,,98,,8.51,,11.8,,151.4
7/24/2016,8:00:00,,13.46,,7.3,,0.07,,0.6,,98.4,,8.55,,11.8,,151.4
7/24/2016,8:15:00,,13.44,,7.3,,0.07,,0.8,,98.6,,8.57,,11.8,,151.6
7/24/2016,8:30:00,,13.43,,7.3,,0.07,,1,,98.7,,8.58,,11.8,,151.4
7/24/2016,8:45:00,,13.41,,7.31,,0.07,,0.7,,98.7,,8.58,,11.8,,151.7
7/24/2016,9:00:00,,13.41,,7.31,,0.07,,0.7,,99,,8.61,,11.8,,151.4
7/24/2016,9:15:00,,13.41,,7.31,,0.07,,1.3,,99.7,,8.67,,11.8,,151.7
7/24/2016,9:30:00,,13.41,,7.31,,0.07,,0.6,,99.9,,8.68,,11.8,,151.4
7/24/2016,9:45:00,,13.43,,7.32,,0.07,,0.6,,100.5,,8.74,,11.8,,151.6
7/24/2016,10:00:00,,13.44,,7.32,,0.07,,1,,100.8,,8.76,,11.8,,151.6
7/24/2016,10:15:00,,13.44,,7.33,,0.07,,1,,101.2,,8.79,,11.8,,151.6
7/24/2016,10:30:00,,13.45,,7.33,,0.07,,0.7,,101.5,,8.82,,11.7,,151.6
7/24/2016,10:45:00,,13.47,,7.35,,0.07,,0.6,,102,,8.86,,11.8,,151.6
7/24/2016,11:00:00,,13.51,,7.35,,0.07,,0.7,,102.6,,8.91,,11.8,,151.8
7/24/2016,11:15:00,,13.52,,7.36,,0.07,,1.1,,103,,8.93,,11.8,,151.8
7/24/2016,11:30:00,,13.52,,7.36,,0.07,,0.8,,103.2,,8.95,,11.8,,151.8
7/24/2016,11:45:00,,13.51,,7.36,,0.07,,0.8,,103.3,,8.96,,11.8,,151.9
7/24/2016,12:00:00,,13.52,,7.37,,0.07,,0.6,,103.5,,8.98,,11.8,,151.5
7/24/2016,12:15:00,,13.51,,7.37,,0.07,,0.8,,103.9,,9.01,,11.8,,151.7
7/24/2016,12:30:00,,13.51,,7.37,,0.07,,1,,103.7,,9,,11.8,,151.7
7/24/2016,12:45:00,,13.5,,7.37,,0.07,,1,,103.9,,9.02,,11.8,,151.9
7/24/2016,13:00:00,,13.48,,7.37,,0.07,,0.9,,104,,9.03,,11.8,,151.7
7/24/2016,13:15:00,,13.46,,7.37,,0.07,,0.8,,103.8,,9.01,,11.8,,151.6
7/24/2016,13:30:00,,13.45,,7.37,,0.07,,1.1,,103.8,,9.02,,11.8,,151.6
7/24/2016,13:45:00,,13.44,,7.37,,0.07,,0.9,,103.9,,9.03,,11.8,,151.4
7/24/2016,14:00:00,,13.43,,7.38,,0.07,,0.9,,103.5,,9,,11.8,,151.4
7/24/2016,14:15:00,,13.42,,7.38,,0.07,,0.6,,104,,9.04,,11.8,,151.4
7/24/2016,14:30:00,,13.41,,7.38,,0.07,,0.8,,103.7,,9.02,,11.8,,151.6
7/24/2016,14:45:00,,13.41,,7.39,,0.07,,0.8,,103.8,,9.03,,11.8,,151.7
7/24/2016,15:00:00,,13.42,,7.38,,0.07,,0.9,,104.2,,9.05,,11.8,,151.6
7/24/2016,15:15:00,,13.44,,7.38,,0.07,,0.8,,104.4,,9.07,,11.8,,151.6
7/24/2016,15:30:00,,13.48,,7.39,,0.07,,1,,104.6,,9.08,,11.8,,152
7/24/2016,15:45:00,,13.51,,7.39,,0.07,,0.9,,104.9,,9.1,,11.8,,151.9
7/24/2016,16:00:00,,13.55,,7.4,,0.07,,0.4,,105.2,,9.12,,11.8,,151.9
7/24/2016,16:15:00,,13.61,,7.41,,0.07,,0.7,,105.7,,9.15,,11.8,,152.1
7/24/2016,16:30:00,,13.65,,7.41,,0.07,,1.2,,106.2,,9.18,,11.8,,152.1
7/24/2016,16:45:00,,13.69,,7.42,,0.07,,0.7,,106.8,,9.22,,11.8,,152.2
7/24/2016,17:00:00,,13.73,,7.42,,0.07,,1,,107.1,,9.25,,11.8,,152.3
7/24/2016,17:15:00,,13.8,,7.42,,0.07,,0.8,,107.7,,9.29,,11.8,,152.1
7/24/2016,17:30:00,,13.94,,7.43,,0.07,,0.8,,108.4,,9.31,,11.8,,152.5
7/24/2016,17:45:00,,14.07,,7.44,,0.07,,1,,108.7,,9.32,,11.8,,152.5
7/24/2016,18:00:00,,14.12,,7.44,,0.07,,0.9,,109.2,,9.35,,11.8,,152.7
7/24/2016,18:15:00,,14.12,,7.44,,0.07,,1,,109.3,,9.36,,11.8,,152.5
7/24/2016,18:30:00,,14.17,,7.45,,0.07,,1,,109.7,,9.38,,11.8,,152.4
7/24/2016,18:45:00,,14.25,,7.46,,0.07,,0.8,,110.3,,9.41,,11.8,,152.6
7/24/2016,19:00:00,,14.31,,7.46,,0.07,,0.9,,110.4,,9.41,,11.8,,152.6
7/24/2016,19:15:00,,14.32,,7.46,,0.07,,0.7,,110.5,,9.41,,11.8,,152.6
7/24/2016,19:30:00,,14.3,,7.46,,0.07,,1.2,,110.6,,9.43,,11.8,,152.6
7/24/2016,19:45:00,,14.29,,7.46,,0.07,,0.8,,110.5,,9.42,,11.8,,152.6
7/24/2016,20:00:00,,14.27,,7.46,,0.07,,0.8,,110.4,,9.41,,11.8,,152.5
7/24/2016,20:15:00,,14.26,,7.46,,0.07,,0.9,,110.6,,9.44,,11.8,,152.5
7/24/2016,20:30:00,,14.27,,7.47,,0.07,,0.9,,110.3,,9.41,,11.8,,152.6
7/24/2016,20:45:00,,14.27,,7.46,,0.07,,0.7,,110.4,,9.42,,11.8,,152.7
7/24/2016,21:00:00,,14.25,,7.45,,0.07,,0.7,,110.2,,9.41,,11.8,,152.8
7/24/2016,21:15:00,,14.21,,7.45,,0.07,,1,,109.9,,9.39,,11.8,,152.8
7/24/2016,21:30:00,,14.17,,7.44,,0.07,,1.5,,109.3,,9.35,,11.8,,152.7
7/24/2016,21:45:00,,14.13,,7.43,,0.07,,0.7,,109.1,,9.34,,11.8,,152.8
7/24/2016,22:00:00,,14.08,,7.43,,0.07,,0.7,,108.2,,9.27,,11.8,,152.6
7/24/2016,22:15:00,,14.03,,7.42,,0.07,,1.1,,107.7,,9.23,,11.8,,152.8
7/24/2016,22:30:00,,13.99,,7.41,,0.07,,0.8,,107,,9.19,,11.8,,153
7/24/2016,22:45:00,,13.95,,7.4,,0.07,,0.8,,106.8,,9.17,,11.8,,153.1
7/24/2016,23:00:00,,13.92,,7.4,,0.07,,1.3,,106.2,,9.13,,11.8,,153.2
7/24/2016,23:15:00,,13.87,,7.39,,0.07,,0.7,,105.7,,9.1,,11.8,,153.1
7/24/2016,23:30:00,,13.83,,7.38,,0.07,,1,,105.1,,9.06,,11.8,,152.7
7/24/2016,23:45:00,,13.8,,7.38,,0.07,,1.2,,104.4,,9,,11.8,,153
7/25/2016,0:00:00,,13.76,,7.37,,0.07,,1.1,,104,,8.97,,11.8,,152.6
7/25/2016,0:15:00,,13.73,,7.37,,0.07,,1.1,,103.4,,8.93,,11.8,,153
7/25/2016,0:30:00,,13.71,,7.36,,0.07,,1.8,,102.8,,8.88,,11.8,,153.1
7/25/2016,0:45:00,,13.67,,7.35,,0.07,,1.2,,102.4,,8.85,,11.8,,152.9
7/25/2016,1:00:00,,13.65,,7.34,,0.07,,0.9,,101.9,,8.82,,11.8,,152.9
7/25/2016,1:15:00,,13.62,,7.34,,0.07,,1.5,,101.6,,8.79,,11.8,,153.2
7/25/2016,1:30:00,,13.59,,7.33,,0.07,,1,,100.6,,8.71,,11.8,,153.1
7/25/2016,1:45:00,,13.56,,7.33,,0.07,,0.5,,100.6,,8.72,,11.8,,153.2
7/25/2016,2:00:00,,13.54,,7.31,,0.07,,1.1,,100.2,,8.69,,11.8,,153.5
7/25/2016,2:15:00,,13.51,,7.31,,0.07,,0.7,,99.9,,8.67,,11.8,,153.6
7/25/2016,2:30:00,,13.48,,7.31,,0.07,,0.7,,99.3,,8.62,,11.8,,153.5
7/25/2016,2:45:00,,13.46,,7.3,,0.07,,0.8,,99,,8.6,,11.8,,153.8
7/25/2016,3:00:00,,13.43,,7.29,,0.07,,0.8,,99.2,,8.62,,11.8,,153.6
7/25/2016,3:15:00,,13.4,,7.29,,0.07,,1.2,,98.4,,8.56,,11.7,,153.4
7/25/2016,3:30:00,,13.38,,7.29,,0.07,,1,,98.4,,8.56,,11.7,,153.7
7/25/2016,3:45:00,,13.35,,7.29,,0.07,,0.8,,98.3,,8.56,,11.8,,153.5
7/25/2016,4:00:00,,13.32,,7.27,,0.07,,0.9,,97.8,,8.52,,11.8,,153.4
7/25/2016,4:15:00,,13.29,,7.27,,0.07,,1.3,,98,,8.55,,11.8,,153.4
7/25/2016,4:30:00,,13.26,,7.26,,0.07,,1.1,,97.7,,8.52,,11.8,,153.6
7/25/2016,4:45:00,,13.23,,7.26,,0.07,,1,,97.6,,8.52,,11.7,,153.3
7/25/2016,5:00:00,,13.19,,7.26,,0.07,,0.9,,97.6,,8.53,,11.7,,153.6
7/25/2016,5:15:00,,13.16,,7.25,,0.07,,1,,97.5,,8.53,,11.7,,153.5
7/25/2016,5:30:00,,13.12,,7.26,,0.07,,0.7,,97.2,,8.5,,11.7,,153.3
7/25/2016,5:45:00,,13.07,,7.24,,0.07,,1.2,,97.1,,8.51,,11.7,,153.6
7/25/2016,6:00:00,,13.04,,7.24,,0.07,,1.3,,96.9,,8.49,,11.7,,153.3
7/25/2016,6:15:00,,12.99,,7.24,,0.07,,0.8,,97,,8.52,,11.7,,153.6
7/25/2016,6:30:00,,12.96,,7.23,,0.07,,1,,96.9,,8.51,,11.7,,153.4
7/25/2016,6:45:00,,12.93,,7.23,,0.07,,0.7,,97,,8.53,,11.7,,153.6
7/25/2016,7:00:00,,12.9,,7.23,,0.07,,1.9,,96.9,,8.52,,11.7,,153.4
7/25/2016,7:15:00,,12.87,,7.23,,0.07,,1.1,,97,,8.53,,11.7,,153.6
7/25/2016,7:30:00,,12.85,,7.23,,0.07,,1,,97.3,,8.57,,11.7,,153.7
7/25/2016,7:45:00,,12.84,,7.23,,0.07,,0.9,,97.4,,8.58,,11.7,,153.7
7/25/2016,8:00:00,,12.82,,7.23,,0.07,,1.2,,97.7,,8.61,,11.7,,153.7
7/25/2016,8:15:00,,12.81,,7.23,,0.07,,0.8,,97.8,,8.62,,11.7,,153.5
7/25/2016,8:30:00,,12.8,,7.23,,0.07,,0.9,,98,,8.64,,11.7,,153.6
7/25/2016,8:45:00,,12.79,,7.23,,0.07,,1.1,,98.3,,8.67,,11.7,,153.5
7/25/2016,9:00:00,,12.78,,7.23,,0.07,,0.8,,98.4,,8.68,,11.7,,153.3
7/25/2016,9:15:00,,12.78,,7.23,,0.07,,0.8,,98.9,,8.72,,11.7,,153.4
7/25/2016,9:30:00,,12.79,,7.24,,0.07,,0.9,,99.3,,8.76,,11.7,,153.1
7/25/2016,9:45:00,,12.8,,7.24,,0.07,,0.9,,99.7,,8.79,,11.7,,153.3
7/25/2016,10:00:00,,12.81,,7.24,,0.07,,1.7,,100.1,,8.82,,11.7,,153.2
7/25/2016,10:15:00,,12.83,,7.24,,0.07,,0.9,,100.1,,8.82,,11.7,,153.3
7/25/2016,10:30:00,,12.84,,7.25,,0.07,,1.3,,100.9,,8.88,,11.7,,153.2
7/25/2016,10:45:00,,12.84,,7.25,,0.07,,0.9,,101.2,,8.92,,11.7,,152.9
7/25/2016,11:00:00,,12.84,,7.26,,0.07,,1.7,,101.2,,8.92,,11.7,,153
7/25/2016,11:15:00,,12.84,,7.26,,0.07,,1.3,,101.7,,8.95,,11.7,,152.7
7/25/2016,11:30:00,,12.86,,7.27,,0.07,,1,,101.8,,8.96,,11.7,,152.8
7/25/2016,11:45:00,,12.88,,7.27,,0.07,,1.6,,102.7,,9.04,,11.7,,152.8
7/25/2016,12:00:00,,12.9,,7.27,,0.07,,2,,102.5,,9.01,,11.7,,152.7
7/25/2016,12:15:00,,12.9,,7.27,,0.07,,1.5,,102.8,,9.04,,11.7,,152.6
7/25/2016,12:30:00,,12.9,,7.27,,0.07,,1,,103.4,,9.09,,11.7,,152.5
7/25/2016,12:45:00,,12.91,,7.27,,0.07,,1.4,,103.4,,9.09,,11.7,,152.6
7/25/2016,13:00:00,,12.93,,7.28,,0.07,,1.3,,104,,9.14,,11.7,,152.5
7/25/2016,13:15:00,,12.95,,7.29,,0.07,,1.2,,104.3,,9.16,,11.7,,152.3
7/25/2016,13:30:00,,12.97,,7.29,,0.07,,1.1,,104.6,,9.19,,11.7,,152.6
7/25/2016,13:45:00,,12.99,,7.3,,0.07,,1.4,,104.9,,9.21,,11.7,,152.6
7/25/2016,14:00:00,,13.01,,7.31,,0.07,,1.4,,104.9,,9.2,,11.7,,152.6
7/25/2016,14:15:00,,13.03,,7.3,,0.07,,1.3,,105.3,,9.23,,11.7,,152.5
7/25/2016,14:30:00,,13.05,,7.31,,0.07,,1.2,,105.7,,9.26,,11.7,,152.4
7/25/2016,14:45:00,,13.07,,7.31,,0.07,,1.4,,106.1,,9.29,,11.7,,152.3
7/25/2016,15:00:00,,13.07,,7.31,,0.07,,1.3,,106.1,,9.3,,11.7,,152.2
7/25/2016,15:15:00,,13.07,,7.32,,0.07,,1.4,,106,,9.29,,11.7,,152.2
7/25/2016,15:30:00,,13.07,,7.32,,0.07,,1.5,,106.2,,9.3,,11.7,,152.3
7/25/2016,15:45:00,,13.09,,7.33,,0.07,,1.4,,106.5,,9.32,,11.7,,152.1
7/25/2016,16:00:00,,13.11,,7.33,,0.07,,1.5,,107,,9.36,,11.7,,152.4
7/25/2016,16:15:00,,13.12,,7.32,,0.07,,1.4,,107,,9.36,,11.7,,152.1
7/25/2016,16:30:00,,13.13,,7.33,,0.07,,2.2,,107.4,,9.4,,11.7,,152.4
7/25/2016,16:45:00,,13.15,,7.34,,0.07,,1.7,,107.2,,9.37,,11.7,,152.1
7/25/2016,17:00:00,,13.17,,7.33,,0.07,,1.8,,107.4,,9.39,,11.7,,152.2
7/25/2016,17:15:00,,13.18,,7.35,,0.07,,1.7,,107.3,,9.38,,11.7,,152.3
7/25/2016,17:30:00,,13.18,,7.35,,0.07,,1.2,,107.5,,9.4,,11.7,,152.1
7/25/2016,17:45:00,,13.18,,7.35,,0.07,,1.7,,107.4,,9.39,,11.7,,152.2
7/25/2016,18:00:00,,13.17,,7.34,,0.07,,1.5,,107.4,,9.39,,11.7,,151.9
7/25/2016,18:15:00,,13.17,,7.34,,0.07,,1.7,,107.3,,9.38,,11.7,,152.1
7/25/2016,18:30:00,,13.16,,7.34,,0.07,,1.5,,107,,9.36,,11.7,,151.8
7/25/2016,18:45:00,,13.15,,7.34,,0.07,,1.7,,107.1,,9.37,,11.7,,151.7
7/25/2016,19:00:00,,13.13,,7.35,,0.07,,1.3,,107.1,,9.37,,11.7,,151.6
7/25/2016,19:15:00,,13.12,,7.34,,0.07,,1.6,,106.7,,9.34,,11.7,,151.6
7/25/2016,19:30:00,,13.1,,7.34,,0.07,,1.6,,106.6,,9.33,,11.7,,151.7
7/25/2016,19:45:00,,13.08,,7.34,,0.07,,1.6,,106.4,,9.32,,11.7,,151.9
7/25/2016,20:00:00,,13.07,,7.34,,0.07,,1.5,,106.1,,9.29,,11.7,,151.6
7/25/2016,20:15:00,,13.05,,7.34,,0.07,,1.6,,106.5,,9.33,,11.7,,151.9
7/25/2016,20:30:00,,13.03,,7.34,,0.07,,1.5,,105.6,,9.26,,11.7,,151.5
7/25/2016,20:45:00,,13.01,,7.34,,0.07,,1.9,,105.4,,9.24,,11.7,,151.8
7/25/2016,21:00:00,,12.99,,7.33,,0.07,,1.7,,105.5,,9.26,,11.7,,151.5
7/25/2016,21:15:00,,12.97,,7.33,,0.07,,1.9,,105.1,,9.22,,11.7,,151.8
7/25/2016,21:30:00,,12.95,,7.34,,0.07,,1.7,,104.4,,9.17,,11.7,,151.5
7/25/2016,21:45:00,,12.92,,7.33,,0.07,,1.7,,104.3,,9.17,,11.7,,151.8
7/25/2016,22:00:00,,12.9,,7.33,,0.07,,1.5,,104.1,,9.16,,11.7,,151.7
7/25/2016,22:15:00,,12.87,,7.32,,0.07,,2.2,,103.7,,9.13,,11.7,,151.5
7/25/2016,22:30:00,,12.83,,7.32,,0.07,,2.3,,103.7,,9.13,,11.7,,151.7
7/25/2016,22:45:00,,12.8,,7.31,,0.07,,1.6,,103.3,,9.1,,11.7,,151.5
7/25/2016,23:00:00,,12.76,,7.31,,0.07,,2.3,,102.9,,9.08,,11.7,,151.5
7/25/2016,23:15:00,,12.73,,7.32,,0.07,,1.9,,102.6,,9.06,,11.7,,151.6
7/25/2016,23:30:00,,12.7,,7.31,,0.07,,1.8,,101.8,,8.99,,11.7,,151.6
7/25/2016,23:45:00,,12.68,,7.31,,0.07,,1.6,,101.8,,9,,11.7,,151.4
7/26/2016,0:00:00,,12.65,,7.3,,0.07,,1.6,,101.7,,8.99,,11.7,,151.6
7/26/2016,0:15:00,,12.61,,7.3,,0.07,,2.6,,101.4,,8.98,,11.7,,151.4
7/26/2016,0:30:00,,12.58,,7.29,,0.07,,2.2,,101.1,,8.96,,11.7,,151.2
7/26/2016,0:45:00,,12.55,,7.29,,0.07,,1.8,,100.6,,8.92,,11.7,,151.5
7/26/2016,1:00:00,,12.52,,7.29,,0.07,,1.8,,100.6,,8.93,,11.7,,151.1
7/26/2016,1:15:00,,12.48,,7.28,,0.07,,2.4,,100.1,,8.89,,11.7,,151.4
7/26/2016,1:30:00,,12.44,,7.28,,0.07,,1.8,,100,,8.89,,11.7,,151.5
7/26/2016,1:45:00,,12.4,,7.28,,0.07,,1.9,,99.9,,8.89,,11.6,,151.2
7/26/2016,2:00:00,,12.37,,7.28,,0.07,,2.1,,99.7,,8.88,,11.6,,151.1
7/26/2016,2:15:00,,12.33,,7.26,,0.07,,2.1,,99.7,,8.89,,11.6,,151.3
7/26/2016,2:30:00,,12.29,,7.26,,0.07,,2.6,,99.6,,8.88,,11.6,,151.2
7/26/2016,2:45:00,,12.24,,7.26,,0.07,,4.4,,99.5,,8.88,,11.7,,151.1
7/26/2016,3:00:00,,12.19,,7.26,,0.07,,2.4,,99.2,,8.87,,11.7,,151.2
7/26/2016,3:15:00,,12.14,,7.25,,0.07,,2.1,,99.1,,8.86,,11.7,,151.1
7/26/2016,3:30:00,,12.1,,7.24,,0.07,,1.9,,98.8,,8.85,,11.7,,151
7/26/2016,3:45:00,,12.07,,7.24,,0.07,,4,,99,,8.88,,11.6,,151
7/26/2016,4:00:00,,12.03,,7.23,,0.07,,2.3,,98.7,,8.85,,11.6,,150.8
7/26/2016,4:15:00,,11.99,,7.23,,0.07,,2.1,,99,,8.89,,11.6,,150.6
7/26/2016,4:30:00,,11.95,,7.22,,0.07,,3.1,,98.6,,8.86,,11.6,,150.8
7/26/2016,4:45:00,,11.91,,7.22,,0.07,,3,,98.7,,8.88,,11.6,,150.5
7/26/2016,5:00:00,,11.88,,7.21,,0.07,,2.4,,98.6,,8.87,,11.6,,150.5
7/26/2016,5:15:00,,11.84,,7.21,,0.07,,2.8,,98.5,,8.87,,11.6,,150.3
7/26/2016,5:30:00,,11.81,,7.21,,0.07,,2.2,,98.4,,8.87,,11.6,,150.4
7/26/2016,5:45:00,,11.78,,7.2,,0.07,,2.2,,98.4,,8.88,,11.6,,150.4
7/26/2016,6:00:00,,11.75,,7.2,,0.06,,2.2,,98.6,,8.9,,11.6,,150.1
7/26/2016,6:15:00,,11.72,,7.2,,0.06,,2,,98.4,,8.89,,11.6,,150.1
7/26/2016,6:30:00,,11.69,,7.2,,0.07,,1.9,,98.5,,8.91,,11.6,,150.4
7/26/2016,6:45:00,,11.67,,7.2,,0.07,,2,,98.6,,8.91,,11.6,,150.3
7/26/2016,7:00:00,,11.66,,7.2,,0.06,,2.1,,99,,8.96,,11.6,,150
7/26/2016,7:15:00,,11.65,,7.19,,0.06,,2.1,,99,,8.96,,11.6,,149.9
7/26/2016,7:30:00,,11.63,,7.2,,0.06,,2.2,,99.2,,8.98,,11.6,,150.1
7/26/2016,7:45:00,,11.63,,7.2,,0.06,,1.9,,99.5,,9.01,,11.6,,150.2
7/26/2016,8:00:00,,11.63,,7.2,,0.06,,2.4,,99.5,,9.01,,11.6,,150.2
7/26/2016,8:15:00,,11.64,,7.2,,0.06,,1.9,,100.1,,9.06,,11.6,,149.9
7/26/2016,8:30:00,,11.66,,7.2,,0.06,,2.3,,100.4,,9.09,,11.6,,149.7
7/26/2016,8:45:00,,11.67,,7.2,,0.06,,1.6,,100.8,,9.12,,11.6,,149.9
7/26/2016,9:00:00,,11.68,,7.22,,0.06,,1.5,,101.1,,9.15,,11.6,,149.8
7/26/2016,9:15:00,,11.69,,7.21,,0.06,,1.6,,101.5,,9.18,,11.6,,149.7
7/26/2016,9:30:00,,11.72,,7.22,,0.06,,2,,101.9,,9.2,,11.6,,149.6
7/26/2016,9:45:00,,11.73,,7.21,,0.06,,2,,102.4,,9.25,,11.6,,149.7
7/26/2016,10:00:00,,11.74,,7.22,,0.06,,2.1,,103.1,,9.31,,11.6,,149.4
7/26/2016,10:15:00,,11.76,,7.22,,0.06,,1.6,,103.2,,9.32,,11.6,,149.4
7/26/2016,10:30:00,,11.79,,7.22,,0.06,,2.6,,104,,9.38,,11.6,,149.6
7/26/2016,10:45:00,,11.83,,7.22,,0.06,,1.4,,104.3,,9.4,,11.6,,149.4
7/26/2016,11:00:00,,11.88,,7.23,,0.06,,1.8,,105.3,,9.48,,11.6,,149.4
7/26/2016,11:15:00,,11.93,,7.24,,0.06,,2.1,,105.6,,9.49,,11.6,,149.6
7/26/2016,11:30:00,,11.97,,7.24,,0.06,,1.5,,106.1,,9.53,,11.6,,149.5
7/26/2016,11:45:00,,12.01,,7.24,,0.06,,1.6,,106.6,,9.57,,11.6,,149.3
7/26/2016,12:00:00,,12.05,,7.25,,0.06,,1.6,,107.5,,9.64,,11.6,,149.2
7/26/2016,12:15:00,,12.13,,7.25,,0.06,,1.7,,107.5,,9.62,,11.6,,149.2
7/26/2016,12:30:00,,12.21,,7.27,,0.06,,1.9,,108.1,,9.65,,11.6,,149.5
7/26/2016,12:45:00,,12.28,,7.27,,0.06,,1.9,,109,,9.72,,11.6,,149.5
7/26/2016,13:00:00,,12.33,,7.27,,0.06,,1.6,,109.2,,9.73,,11.6,,149.1
7/26/2016,13:15:00,,12.39,,7.27,,0.06,,2.2,,109.6,,9.75,,11.6,,149.3
7/26/2016,13:30:00,,12.45,,7.28,,0.06,,1.6,,110,,9.77,,11.6,,149
7/26/2016,13:45:00,,12.49,,7.28,,0.06,,1.5,,110.5,,9.81,,11.6,,149.3
7/26/2016,14:00:00,,12.51,,7.29,,0.06,,1.7,,110.9,,9.84,,11.6,,149.2
7/26/2016,14:15:00,,12.54,,7.29,,0.06,,1.7,,110.7,,9.81,,11.6,,148.8
7/26/2016,14:30:00,,12.58,,7.29,,0.06,,1.2,,111.3,,9.86,,11.6,,148.9
7/26/2016,14:45:00,,12.62,,7.29,,0.06,,1.5,,111.4,,9.86,,11.6,,148.9
7/26/2016,15:00:00,,12.66,,7.3,,0.06,,1.6,,111.7,,9.88,,11.6,,148.7
7/26/2016,15:15:00,,12.67,,7.3,,0.06,,1.5,,111.7,,9.88,,11.6,,148.8
7/26/2016,15:30:00,,12.68,,7.29,,0.06,,1.6,,111.6,,9.86,,11.7,,148.6
7/26/2016,15:45:00,,12.71,,7.3,,0.06,,1.9,,111.7,,9.86,,11.6,,148.8
7/26/2016,16:00:00,,12.75,,7.3,,0.06,,1.6,,112.2,,9.9,,11.6,,148.5
7/26/2016,16:15:00,,12.78,,7.3,,0.06,,1.7,,112.1,,9.89,,11.6,,148.6
7/26/2016,16:30:00,,12.79,,7.3,,0.06,,1.4,,112,,9.88,,11.7,,148.3
7/26/2016,16:45:00,,12.79,,7.3,,0.06,,1.4,,112,,9.87,,11.7,,148.5
7/26/2016,17:00:00,,12.8,,7.29,,0.06,,1.4,,111.5,,9.83,,11.6,,148.4
7/26/2016,17:15:00,,12.8,,7.3,,0.06,,1.5,,111.4,,9.82,,11.7,,148.4
7/26/2016,17:30:00,,12.81,,7.29,,0.06,,1.5,,111.1,,9.79,,11.6,,148.4
7/26/2016,17:45:00,,12.81,,7.29,,0.06,,2.9,,111.4,,9.82,,11.6,,148.3
7/26/2016,18:00:00,,12.81,,7.29,,0.06,,1.1,,110.7,,9.76,,11.6,,148.2
7/26/2016,18:15:00,,12.82,,7.29,,0.06,,1.2,,111,,9.78,,11.7,,148.1
7/26/2016,18:30:00,,12.82,,7.28,,0.06,,1.8,,110.8,,9.76,,11.7,,148
7/26/2016,18:45:00,,12.81,,7.28,,0.06,,1.5,,110.1,,9.71,,11.7,,148.2
7/26/2016,19:00:00,,12.79,,7.28,,0.06,,1.4,,109.9,,9.68,,11.7,,148.2
7/26/2016,19:15:00,,12.79,,7.27,,0.06,,1.8,,109.2,,9.63,,11.7,,148.2
7/26/2016,19:30:00,,12.78,,7.26,,0.06,,3.9,,108.9,,9.61,,11.6,,148
7/26/2016,19:45:00,,12.76,,7.26,,0.06,,1.7,,108.5,,9.57,,11.7,,148.2
7/26/2016,20:00:00,,12.75,,7.25,,0.06,,1.6,,107.8,,9.51,,11.6,,148.3
7/26/2016,20:15:00,,12.72,,7.24,,0.06,,1.5,,107.5,,9.49,,11.6,,148.4
7/26/2016,20:30:00,,12.71,,7.24,,0.06,,1.6,,106.8,,9.44,,11.7,,148
7/26/2016,20:45:00,,12.69,,7.23,,0.06,,1.7,,106.5,,9.41,,11.6,,148.1
7/26/2016,21:00:00,,12.67,,7.23,,0.06,,1.1,,106.2,,9.39,,11.6,,148.2
7/26/2016,21:15:00,,12.66,,7.22,,0.06,,1.4,,105.9,,9.37,,11.6,,148.1
7/26/2016,21:30:00,,12.65,,7.22,,0.06,,1.3,,105.5,,9.33,,11.6,,148.2
7/26/2016,21:45:00,,12.63,,7.21,,0.06,,1.6,,105.8,,9.36,,11.6,,147.9
7/26/2016,22:00:00,,12.62,,7.21,,0.06,,1.4,,105.7,,9.35,,11.6,,148.1
7/26/2016,22:15:00,,12.6,,7.21,,0.06,,1.7,,104.8,,9.28,,11.6,,147.9
7/26/2016,22:30:00,,12.57,,7.2,,0.06,,1.4,,104.3,,9.24,,11.6,,147.9
7/26/2016,22:45:00,,12.55,,7.2,,0.06,,1.3,,104.2,,9.23,,11.6,,148
7/26/2016,23:00:00,,12.52,,7.2,,0.06,,0.9,,103.8,,9.21,,11.6,,148
7/26/2016,23:15:00,,12.5,,7.19,,0.06,,1.5,,103,,9.14,,11.6,,147.9
7/26/2016,23:30:00,,12.48,,7.18,,0.06,,1.6,,103.2,,9.16,,11.6,,148.2
7/26/2016,23:45:00,,12.45,,7.18,,0.06,,1.3,,102.9,,9.14,,11.6,,148.2
7/27/2016,0:00:00,,12.43,,7.18,,0.06,,1.3,,102.6,,9.12,,11.6,,148.2
7/27/2016,0:15:00,,12.4,,7.17,,0.06,,1.6,,102.3,,9.1,,11.6,,148.1
7/27/2016,0:30:00,,12.38,,7.17,,0.06,,1.2,,101.8,,9.06,,11.6,,147.9
7/27/2016,0:45:00,,12.35,,7.16,,0.06,,1.4,,101.9,,9.07,,11.6,,147.9
7/27/2016,1:00:00,,12.32,,7.15,,0.06,,1.5,,101.8,,9.07,,11.6,,148.1
7/27/2016,1:15:00,,12.29,,7.16,,0.06,,1.1,,101.5,,9.05,,11.6,,147.9
7/27/2016,1:30:00,,12.27,,7.15,,0.06,,1.2,,100.5,,8.97,,11.6,,148.1
7/27/2016,1:45:00,,12.24,,7.15,,0.06,,1.4,,99.9,,8.92,,11.6,,148
7/27/2016,2:00:00,,12.21,,7.13,,0.06,,2,,99.8,,8.91,,11.6,,148.1
7/27/2016,2:15:00,,12.19,,7.13,,0.06,,1.2,,100,,8.94,,11.6,,147.9
7/27/2016,2:30:00,,12.16,,7.12,,0.06,,1.5,,99.9,,8.93,,11.6,,147.9
7/27/2016,2:45:00,,12.14,,7.12,,0.06,,1.7,,99.8,,8.93,,11.6,,147.8
7/27/2016,3:00:00,,12.11,,7.12,,0.06,,1.9,,99.5,,8.91,,11.6,,148.1
7/27/2016,3:15:00,,12.09,,7.11,,0.06,,1.3,,99.5,,8.91,,11.6,,147.9
7/27/2016,3:30:00,,12.07,,7.11,,0.06,,1.3,,99.5,,8.92,,11.6,,148
7/27/2016,3:45:00,,12.04,,7.1,,0.06,,1.4,,99.4,,8.91,,11.6,,148.2
7/27/2016,4:00:00,,12.02,,7.1,,0.06,,1.3,,99.1,,8.89,,11.6,,148
7/27/2016,4:15:00,,11.99,,7.1,,0.06,,1.3,,99.3,,8.91,,11.6,,148.2
7/27/2016,4:30:00,,11.97,,7.09,,0.06,,1.4,,98.8,,8.87,,11.6,,148
7/27/2016,4:45:00,,11.95,,7.09,,0.06,,1.4,,99,,8.9,,11.6,,148.3
7/27/2016,5:00:00,,11.92,,7.09,,0.06,,1.7,,98.9,,8.9,,11.6,,148.2
7/27/2016,5:15:00,,11.9,,7.08,,0.06,,1.5,,98.7,,8.88,,11.6,,148.1
7/27/2016,5:30:00,,11.88,,7.08,,0.06,,1.8,,98.4,,8.86,,11.5,,148.2
7/27/2016,5:45:00,,11.87,,7.08,,0.06,,1.9,,98.6,,8.88,,11.6,,148.2
7/27/2016,6:00:00,,11.85,,7.08,,0.06,,1.2,,98.9,,8.91,,11.6,,148.3
7/27/2016,6:15:00,,11.83,,7.08,,0.06,,1.2,,98.5,,8.88,,11.6,,148.3
7/27/2016,6:30:00,,11.82,,7.07,,0.06,,999999,#,98.8,,8.9,,11.6,,148.6
7/27/2016,6:45:00,,11.8,,7.07,,0.06,,1.3,,98.7,,8.9,,11.5,,148.4
7/27/2016,7:00:00,,11.79,,7.08,,0.06,,1,,98.9,,8.92,,11.6,,148.6
7/27/2016,7:15:00,,11.79,,7.07,,0.06,,0.8,,99.3,,8.96,,11.6,,148.6
7/27/2016,7:30:00,,11.78,,7.07,,0.06,,1.2,,99.1,,8.94,,11.5,,148.6
7/27/2016,7:45:00,,11.78,,7.09,,0.06,,1,,99.6,,8.98,,11.6,,148.6
7/27/2016,8:00:00,,11.79,,7.08,,0.06,,1,,100,,9.01,,11.6,,148.6
7/27/2016,8:15:00,,11.81,,7.09,,0.06,,1,,100.1,,9.03,,11.5,,148.6
7/27/2016,8:30:00,,11.82,,7.09,,0.06,,1.1,,100.3,,9.05,,11.6,,148.6
7/27/2016,8:45:00,,11.83,,7.09,,0.06,,1.1,,100.6,,9.07,,11.6,,148.5
7/27/2016,9:00:00,,11.85,,7.09,,0.06,,1.1,,101.3,,9.13,,11.6,,148.5
7/27/2016,9:15:00,,11.89,,7.09,,0.06,,1.1,,101.9,,9.17,,11.6,,148.4
7/27/2016,9:30:00,,11.93,,7.1,,0.06,,1.6,,102.4,,9.21,,11.6,,148.6
7/27/2016,9:45:00,,11.97,,7.1,,0.06,,1.1,,102.8,,9.23,,11.6,,148.6
7/27/2016,10:00:00,,12.03,,7.12,,0.06,,1.4,,103.6,,9.29,,11.6,,148.6
7/27/2016,10:15:00,,12.09,,7.12,,0.06,,0.9,,104.1,,9.33,,11.6,,148.4
7/27/2016,10:30:00,,12.15,,7.12,,0.06,,1,,105,,9.4,,11.6,,148.6
7/27/2016,10:45:00,,18.67,,7.11,,0.39,,0,,117,,9.07,,11.6,,752
7/27/2016,11:00:00,,18.34,,6.96,,0,,17.2,,119.6,,9.36,,11.6,,3.2
7/27/2016,11:15:00,,19.67,,7.02,,0,,12.2,,120.4,,9.17,,11.7,,3.2
7/27/2016,11:30:00,,20.37,,7,,0,,5.7,,120.9,,9.07,,11.8,,3.1
7/27/2016,11:45:00,,20.82,,7.01,,0,,4.1,,120.2,,8.94,,11.8,,3.1
7/27/2016,12:00:00,,21.1,,7.01,,0,,3.3,,120.3,,8.9,,11.8,,3
7/27/2016,12:15:00,,21.29,,6.99,,0,,3.5,,119.6,,8.81,,11.8,,2.9
7/27/2016,12:30:00,,21.4,,6.97,,0,,3.4,,119.1,,8.76,,11.8,,2.8
7/27/2016,12:45:00,,21.48,,6.95,,0,,3.2,,119.2,,8.75,,11.8,,2.8
7/27/2016,13:00:00,,21.52,,6.93,,0,,3.1,,118.8,,8.71,,11.9,,2.8
7/27/2016,13:15:00,,21.53,,6.91,,0,,3.3,,118.3,,8.68,,11.9,,2.8
7/27/2016,13:30:00,,21.52,,6.89,,0,,3.5,,118.1,,8.66,,11.9,,2.6
7/27/2016,13:45:00,,21.49,,6.87,,0,,2.6,,118,,8.66,,12,,2.8
7/27/2016,14:00:00,,21.46,,6.85,,0,,3,,118.2,,8.68,,11.9,,2.6
7/27/2016,14:15:00,,21.42,,6.84,,0,,2.9,,117.7,,8.65,,11.9,,2.8
7/27/2016,14:30:00,,21.38,,6.83,,0,,3,,117.4,,8.64,,12,,2.6
7/27/2016,14:45:00,,21.41,,6.95,,0,,0,,116.9,,8.59,,12,,7.1
Recovery finished at 072716 145820,,,,,,,,,,,,,,,,,
