OID_,reachid,AREA,PERCENTAGE
,1,12689.596124199999394,21.975302446800001
,2,37584.062902500001655,96.670941196499996
,3,46969.788345399996615,99.999996291900004
,4,11430.980838699999367,95.248203730399993
,5,10789.895200599999953,69.183494535299999
,6,9396.337942109999858,33.434988500000003
,7,2650.507664170000226,25.666513667899999
,8,15023.075242599999910,84.693975321699995
,9,12493.481307199999719,30.139124385900001
,10,29358.615324599999440,55.792456531799999
,11,20348.698547399999370,77.614540058000003
,13,2533.744112889999997,25.011223207899999
,14,41149.714450200001011,98.256948238400000
,15,3443.125951980000082,66.968916062999995
,16,8568.935904820000360,99.607073546199999
,17,11217.340425000000323,41.944891727399998
,18,32702.624767199999042,56.923584907399999
,19,8897.380483330000061,100.000013903999999
,20,71543.314851200004341,86.817946457700003
,21,59425.112381300001289,72.671048476699994
,22,33418.500656099997286,57.053269385500002
,23,6896.932410639999944,26.569043649400001
,24,11547.900791899999604,52.209035640800003
,25,63464.444012799998745,85.044981643699998
,26,26244.089396399998805,68.244752045100000
,27,77571.710007300003781,94.577996349100005
,28,20129.458786700000928,39.390173005400001
,29,1100.611072420000028,2.165593540150000
,31,13380.640545199999906,51.669840885900001
,32,32446.275007299998833,83.948693557599995
,33,7909.833514959999775,54.777327695600000
,34,22675.503561000001355,99.965631921600007
,35,8234.528834470000220,34.637584572000002
,36,1539.612830510000094,32.172391701099997
,37,13321.165398299999651,60.718096011299998
,38,7074.177589449999687,41.511421422300003
,39,10983.687040500000876,65.392760364899999
,40,24394.160336000000825,54.518448801399998
,41,17264.327020900000207,44.016940557200002
,42,29775.177900200000295,77.060924424299998
,43,10922.771459999999934,34.446866305500002
,44,13541.340636599999925,40.523018857799997
,45,28243.463934600000357,61.896335241999999
,46,9767.831214510000791,36.095234651900000
,47,2404.336966180000218,11.177000490999999
,48,10839.288190400000531,66.823108399700004
,49,11491.111480999999912,36.183410503600001
,50,2126.007480639999812,5.533742505880000
,51,8588.520208859999912,28.369931706900001
,52,1783.857616129999997,6.593363105930000
,55,10856.767529999999169,22.819758533600002
,56,238.177222446999991,0.173788480464000
,58,11202.833634500000699,21.810798870999999
,60,9532.282641760000843,38.069796240700001
,62,51701.961328999997932,67.568055207399993
,63,5048.375363449999895,46.881880112700003
,64,14904.519841699999233,67.343946913799996
,65,26167.275211799998942,76.122463557900005
,66,19186.711920199999440,55.528303133800001
,67,6926.032076120000056,22.694920207199999
,68,13066.009212700000717,30.506858006300000
,69,786.450867193000022,7.172759085130000
,70,1145.311176480000086,7.941966550160000
,71,794.270037959999968,3.041881192470000
,73,18769.269449200000963,58.250691437699999
,75,8808.671237910000855,28.253390649300002
,77,68.549844939500005,0.193666761442000
,78,15434.946406600000046,27.004182783600001
,79,2410.867055690000143,3.321216706190000
,81,344.152084758000001,2.987672199990000
,82,228.130610275000009,1.748810351900000
,83,8912.783800010000050,56.082754331499999
,84,3835.588584050000009,39.971621580300003
,87,1860.153453370000079,9.749511113880001
,89,11297.788810000000012,31.566234781100000
,90,1402.116955709999957,13.664923578200000
,91,8838.214193980000346,21.827652119000000
,92,3148.739983569999822,6.552497533570000
,94,13160.443364500000826,52.200769026400003
,95,4.786636825020000,0.012798042751900
,96,7145.746488970000428,28.520545275400000
,97,278.582814897999981,2.871789725090000
,99,2731.533975830000145,5.409948351800000
,104,4.786636825020000,0.013273399352400
,106,417.617537665999976,1.100089018980000
,107,25177.989643400000205,25.811539214300002
,110,57639.242329100001371,51.590556810300001
,111,2916.533759939999982,8.284841812770001
,112,3946.320292020000124,11.015006602400000
,113,143.490921745999998,0.395765939913000
,119,14583.544504900000902,38.425445063399998
,121,234.788878743999987,0.252195716274000
,125,2489.972219010000117,2.256219628790000
,126,14444.125975400000243,27.387883089500001
,127,9853.921727920000194,60.464321387799998
,128,3582.312589000000116,20.919330403099998
,129,25294.677704199999425,33.775881912000003
,130,18489.966211200000544,51.721089914499998
,131,37043.913375800002541,83.732364743100007
,132,11740.544388500000423,41.515377005100000
,133,12156.718439000000217,31.864247198600001
,134,1611.809506809999903,33.660703081400001
,136,767.953637914999945,3.940598005840000
,137,28941.614798300000984,54.409181899300002
,138,25512.832823600001575,53.632436921500002
,140,5945.501090859999749,14.630437299900001
,142,1308.478612590000012,32.481863172099999
,143,47592.062837600002240,59.462701084400003
,144,8418.974472949999836,77.198213966799997
,145,14203.640565199999401,56.620971301899999
,146,39567.629866700001003,58.162293600399998
,147,9535.793617389999781,36.401196983399998
,148,890.151333969999996,8.179760986700000
,149,9171.899824059999446,25.899488769800001
,151,33471.600017999997362,77.252776038500002
,152,975.686794544000009,7.297582013560000
,154,2791.740572770000199,5.385723580240000
,157,8724.008990309999717,17.393191515200002
,158,9203.872413819999565,23.907883266900001
,159,2848.498278040000059,17.696143851599999
,160,11050.977751099999296,31.895883203800000
,161,9725.645462439999392,74.218264242700002
,162,10272.541612499999246,59.389035202199999
,163,9705.266593910000665,42.999702178200003
,164,11817.420252899999468,66.313879729600004
,165,1366.683947649999936,36.733818280300000
,166,11409.676865100000214,60.052711334599998
,167,31142.870362699999532,40.537857909099998
,169,185.574576846000014,0.610023459187000
,170,3942.642407750000075,48.321215356499998
,171,3502.749506239999846,34.368278841100000
,172,3378.492720079999799,8.798628928579999
,173,1232.719267729999956,24.297604400899999
,174,33144.528233700002602,79.629849564400004
,175,14210.357982100000299,55.895476636600002
,176,7208.827696909999759,98.668193318199997
,177,47.078435795799997,0.133355503575000
,178,21090.632749600001262,100.000013195999998
,179,23015.809798599999340,57.173797305500003
,180,3243.188335360000110,48.208733439500001
,181,5402.937236730000222,23.213878026000000
,182,6814.893568299999970,23.842884608300000
,183,3323.234957719999784,23.309789539800001
,184,26813.517592500000319,48.390858729000001
,185,29160.448878999999579,93.161280317500001
,186,23436.775856299998850,62.628702008600001
,187,25859.676857599999494,46.920409632700000
,188,16433.173170499998378,40.747512275699997
,189,5722.341392430000269,9.617586783829999
,190,21557.644310600000608,58.127393002799998
,192,1809.170318469999984,6.835217210290000
,193,3772.966841620000196,8.874449368940001
,194,75109.349433099996531,53.511860066899999
,195,17233.180238299999473,21.535978857900002
,196,34112.550548200000776,58.135151964700000
,197,27445.633143399998517,38.877328843599997
,198,10413.516758600000685,41.433261815900003
,199,45738.943347200001881,51.099616258099999
,200,18947.938506599999528,33.056936246299998
,201,58950.377762399999483,36.540797212199998
,202,23588.909508699998696,18.482430568700000
,203,386531.622965999995358,87.368529895500004
,204,102042.239400000005844,65.685520869399994
,205,32103.442874399999710,59.378607390799999
,206,41466.494990400002280,43.963341455900000
,207,32731.146913299999142,52.594180340800001
,208,22380.673340400000598,83.489843621099993
,209,91955.715421800006879,70.188854914600000
,210,28533.895584000001691,45.527628593999999
,211,41238.150137099997664,68.751117833300000
,212,35772.662788599998748,83.945480519599997
,213,1738.352629100000058,5.012916338280000
,214,77504.493210200002068,86.369287207599996
,215,64580.221806699999433,77.857315617200001
,216,18203.735217900000862,52.642826442999997
,217,63398.067088099996909,50.662808710299998
,218,100992.555397999996785,86.581289039200001
,220,9791.214019589999225,53.636547482799998
,221,23323.016846999998961,41.455730997700002
,222,37691.310443700000178,42.958194815299997
,223,25184.872581200001150,25.738518090800000
,224,30869.550369000000501,77.250422863799997
,225,5973.523190810000415,12.000243382200001
,226,116499.762778999996954,82.586444205299998
,227,15923.736015000000407,33.403479756999999
,228,56774.768112799996743,61.837724416000000
,229,6000.620631769999818,26.708595829299998
,230,38840.982073099999980,72.166982230499997
,231,37155.298676400001568,53.757365710099997
,232,54392.918893000001844,52.712370389400000
,233,38532.927188299996487,54.679099499899998
,234,22249.381177600000228,65.395895739599993
,235,53792.926144800003385,63.132085247799999
,236,30356.965395399998670,55.659270206099997
,237,14097.390078599999470,57.911957683399997
,238,66027.143820400000550,67.031162912300005
,239,42634.584014200001548,44.678149327699998
,240,3139.098552660000223,4.488087101160000
,241,28188.247800900000584,15.669311941300000
,242,9005.654270769999130,21.392082552600002
,243,24149.887975900001038,42.669391972800000
,244,24192.291019200001756,45.746155979500003
,245,33371.777889299999515,51.759214992300002
,246,100989.498898000005283,65.619225163799996
,247,52104.607726900001580,50.685490348300000
,248,18540.117238099999668,5.061751722300000
,249,19591.601144200001727,90.776265545499996
,250,79404.351029500001459,36.239766203999999
,251,47407.327084600001399,55.547089991800000
,252,58993.604147700003523,42.924145077799999
,253,20956.953682499999559,18.015897264400000
,255,75767.858577100007096,30.702569128299999
,256,17182.805268100000831,32.206216189700001
,257,31603.922489000000496,60.224666092200003
,258,52890.056600099997013,59.036839603300002
,259,26515.207112799998868,80.073296541399998
,260,62170.251111500001571,65.837859489600007
,261,49700.946817500000179,81.150396197500001
,262,73397.427305699995486,70.113660900499994
,263,45426.232585700003256,76.951705690799997
,264,50611.074750599997060,38.730653984699998
,265,8258.700214720000076,11.977062640600000
,266,76264.554508500004886,56.848929108299998
,267,34910.322368300003291,52.856557291999998
,268,82877.986589199994341,71.823887554699994
,269,53841.122294200002216,95.967053053000001
,270,26653.051165500000934,41.471228332700001
,271,54437.898748599996907,79.030380363700004
,272,29928.333958499999426,45.959568386400001
,273,4506.869937989999926,5.991896200180000
,274,38559.414936599998327,57.761080112499997
,275,26811.688481699999102,58.509942436199999
,276,75918.278969299994060,90.931687337400007
,277,37883.178451699997822,61.000542195300000
,278,23547.238245100001222,90.956223815900003
,279,27152.091851500001212,41.073849140000000
,280,28555.121592399998917,52.485796045900003
,281,321.629738783999983,1.068726633330000
,282,2502.257722660000127,2.892548338990000
,283,97594.424540499996510,47.290712001999999
,284,156505.193849000002956,37.772858615499999
,285,10619.493194599999697,18.525015138000001
,286,47903.967532000002393,37.796515515499998
,287,52018.228535200003535,45.896867804099998
,288,95935.001217400000314,69.890078042599995
,289,47537.151163399998040,56.095319936700001
,290,33127.631454800000938,68.495661010899994
,291,74502.816827999995439,59.317659968199997
,292,38420.597186699997110,60.727398601200001
,293,24617.265303699998185,54.998786185000000
,294,25686.831285100000969,81.267024198800001
,295,32601.831450500001665,57.203083880199998
,296,75821.172303500003181,57.330204596199998
,297,20138.834293500000058,28.891579620300000
,298,32826.553688799998781,42.158872387099997
,299,19528.863832099999854,24.160690594799998
,300,5724.195720200000324,9.342601639520000
,301,29707.487564099999872,82.371061069600003
,302,53.574105489700003,0.071560479294800
,303,46218.161250099998142,42.251837789100001
,304,45073.155094000001554,44.908013515100002
,305,40291.272456300001068,68.366722960900006
,306,7134.492911489999642,15.542845527700001
,307,22861.072483600000851,59.802588519899999
,308,14405.730632200000400,27.917838323800002
,309,63859.779722100000072,73.033474384000002
,310,13508.104639999999563,11.103882310400000
,311,21165.448893799999496,30.007081828899999
,312,5561.213561900000059,24.017047851299999
,313,27947.493255400000635,23.451296425799999
,314,39396.604093900001317,42.271583915299999
,315,38281.604104799997003,35.768421474599997
,316,28554.180131599998276,50.214837686300001
,317,34715.205106399997021,34.331189098300001
,318,25156.146459100000357,23.094125176399999
,319,58493.635078100000101,63.436815001500001
,320,87551.253083699994022,69.442677055499999
,321,31225.261036899999453,72.562439995099993
,322,50145.281012899999041,66.527807153300003
,323,36203.729292000003625,30.258245069899999
,324,69719.969150999997510,54.480009549599998
,325,51096.054066999997303,34.432082875100001
,326,2082.904912919999788,4.375411339460000
,327,3176.635906070000146,3.311368965910000
,328,27628.682191500000044,32.299973150100001
,329,26038.544889699998748,42.777197874800002
,330,2154.368555749999814,2.453952877630000
,331,24435.722675500001060,25.642527849899999
,332,22108.475397199999861,40.141814829099999
,333,16653.554343899999367,34.267157560500003
,334,51985.215924399999494,75.492227306800004
,335,2181.364084809999895,5.651008310790000
,336,20485.821174100001372,26.194664422900001
,337,57879.208870100002969,93.125532026200005
,338,26607.033463700001448,81.923554247100000
,339,28485.938566299999366,33.876349899700003
,340,58470.566804900001443,90.424473074000005
,341,5876.131907289999617,14.222801654400000
,342,19201.398263600000064,49.229483813900003
,343,27986.246776700001647,56.650014946100001
,344,754.461691456000040,0.521309806577000
,345,10898.113365299999714,22.820495894899999
,346,49136.588581099997100,67.963637940100000
,347,49658.654055799997877,32.044043326500002
,348,16746.685808900001575,20.139702032199999
,349,36685.133692099996551,30.994940110100000
,350,46696.285680399996636,46.006612086600001
,351,44229.822034999997413,39.232244916799999
,352,40969.776907200001006,61.294911525099998
,353,3898.140933159999804,11.756267819200000
,354,30365.007223500000691,61.172330426599999
,355,56929.476711900002556,77.929329999700002
,356,54483.138269499999296,63.764287983099997
,357,134702.468358999991324,62.226816755100003
,358,34545.751474400000006,31.050735699200001
,359,85966.532567300004303,69.015127311200004
,360,61084.681040499999654,74.351324467300003
,361,15072.722412099999929,27.797877821899998
,362,39861.526909300002444,31.794653418300001
,363,16832.131567199998244,52.697415198400002
,364,56086.286953599999833,77.780389211900001
,365,7489.901978419999978,13.842464808100001
,366,17469.691249999999854,15.911682314800000
,368,7562.353668370000378,23.518343471800002
,369,15197.004350799999884,41.129921191900003
,370,6470.724343179999778,15.419908310000000
,371,50572.753156099999615,59.880131942399998
,372,41535.205067199996847,30.078046320599999
,373,234.788878743999987,2.145364234460000
,374,6294.415387009999904,24.758811407600000
,375,14819.143041999999696,48.358939153100003
,376,23551.579773199999181,43.917736626200004
,378,40981.688437400000112,36.840132169000000
,379,36561.987092499999562,54.676712814699997
,380,0.999735044942000,0.000981919057705
,381,82232.787782400002470,75.464016233799995
,382,11001.351934800000890,24.576123378500000
,383,39223.567130800001905,18.184155921100000
,384,62.895551259699999,0.119377214698000
,385,106843.909276000005775,64.530621187700007
,386,23812.270339599999716,39.859494083000001
,387,142054.990163999987999,87.570908239199994
,388,20530.080290199999581,96.292295717200005
,390,12506.161737099999300,8.024749884380000
,391,26393.405646600000182,54.922491630200000
,392,22589.502561500001320,58.716247615100002
,393,134971.018967000010889,48.944285370700001
,394,23905.603715500001272,65.791572253900000
,395,57859.050526400002127,15.466010554700000
,396,20863.893650099998922,18.377838808400000
,397,36635.700745299996925,76.519364778600007
,398,42592.267298699996900,51.904270919299996
,399,55569.859320700001263,36.832424629599998
,400,44834.173711399998865,31.853640912300001
,401,8712.779893229999288,11.915340438599999
,402,9936.333582970000862,16.361359974199999
,403,17910.405734500000108,46.233248415699997
,404,33670.677728700000443,68.980849246600002
,405,4388.338243090000105,4.125861162930000
,407,58008.047337900003185,77.564876972099995
,408,74110.416724099995918,87.259929504699997
,409,14694.517461400000684,25.310869421000000
,410,11769.333077100000082,17.263635669399999
,411,37074.076182400000107,42.025451382400000
,412,42092.814796400001796,40.592824331099997
,414,31883.330647599999793,52.827721413299997
,415,7468.083127509999940,10.663900237900000
,418,17633.145033400000102,49.434382774500001
,421,7850.687892920000195,9.535801985810000
,422,444.356873160000021,0.586295254146000
,423,1286.115951270000096,1.659810089210000
,424,19523.610683700000664,70.252932887599997
,425,64524.192440400001942,69.240868532500002
,426,97730.743296000000555,44.765597718000002
,427,47143.636858500001836,35.365880667699997
,428,21871.225524400000722,21.033780544900001
,429,69062.255329999999958,49.361578632899999
,430,40908.851446799999394,66.579481544399997
,431,21819.002648400000908,77.390319385599994
,432,49334.557108000000881,68.851509023500000
,433,32255.276710300000559,56.909630361300003
,434,12054.693404300000111,11.854380453499999
,435,0.320867919651000,0.000867635860888
,436,237.948004120000007,0.443588484052000
,439,155.794775281000000,0.478141286383000
,440,549.745837733000030,1.098202573910000
,441,5816.495478959999673,15.775941321399999
,442,1747.532112460000008,3.519161680890000
,443,149.801439398000014,0.219707558040000
,444,87365.867593500006478,71.061898117799998
,445,35715.054415300000983,79.851922604099997
,446,74322.425198900004034,83.328581041199996
,447,144881.444310999999288,70.137634205799998
,448,21003.823876200000086,30.061097261499999
,449,44811.373977700000978,47.343877380899997
,450,135353.828502999996999,68.260557103099998
,451,146018.465396000014152,43.809164356200000
,452,33925.351478999997198,25.602996328900002
,453,31039.958123199998226,15.438778344699999
,454,97209.931981300003827,73.423971969400000
,455,17677.006519899998239,16.936293037399999
,456,12475.694303599999330,13.956046388500001
,457,28426.470489999999700,31.031230656100000
,458,86075.669397299992852,49.195170185400002
,459,22828.489927099999477,43.492667942600001
,460,31931.277751199999329,48.437712720699999
,461,43737.128798700003244,35.680639666300003
,462,10312.473829200000182,13.080973151300000
,463,23736.673546099998930,42.001437537400001
,464,31727.999634299998434,56.052908714300003
,465,8943.605198350000137,19.975271708699999
,466,5257.628735790000064,19.912737884999999
,468,33252.049156499997480,65.491044280899999
,469,9275.702264850000574,21.063312352899999
,470,42248.652203700003156,67.530884097599994
,471,55922.221458799998800,71.135160622499995
,472,211480.973943999997573,67.909071494100004
,473,43155.453717199998209,15.462050323100000
,474,100998.604814000005717,80.904820878699994
,475,104458.828697000004468,35.518317190099999
,476,68835.650868500000797,44.601738189400002
,477,39301.440158700002939,22.481375857000000
,478,57574.951374900003430,35.222035719300003
,479,60611.735205899996799,71.937434532400005
,480,58982.450250000001688,47.078148923599997
,481,33812.142852600001788,36.195289519500001
,482,79374.511496100007207,60.457452075500001
,483,69031.408205500003533,61.965944799600003
,484,24363.401421499998833,20.676363068600001
,485,4237.777499929999976,5.383051179350000
,486,37129.008374400000321,25.062693833699999
,487,5887.065685309999935,37.284037527700001
,488,24941.666052299999137,26.812209776300001
,489,22405.792695399999502,20.680144606900001
,490,38280.256798499998695,42.058838039599998
,491,23884.383969499998784,46.444548460100002
,492,3234.647701119999965,4.932007285740000
,493,25906.067940600001748,39.883928132500003
,494,33417.654698400001507,67.109769328599995
,496,51335.519761499999731,92.765050567900005
,497,5571.841122900000300,14.510054821100001
,499,4471.559318059999896,12.055128404700000
,500,39759.443390799999179,26.484338430899999
,501,111533.109182999993209,56.694479041100003
,502,129032.493151999995462,70.347008338500004
,503,23660.319287900001655,54.755447846700001
,504,104646.602127000005567,54.779437374099999
,505,58302.732851399996434,64.373722898599993
,506,47208.146328599999833,48.865817724899998
,507,11922.485309499999858,24.109504425000001
,508,2833.053494239999964,11.380384155600000
,509,47641.369610299996566,56.558495237999999
,510,23894.638364599999477,34.425517608299998
,511,21929.187461699999403,41.312439796400000
,512,171537.346633000008296,84.111951599500003
,513,46176.629446799997822,77.387533845799993
,514,142638.811114000011003,75.835643884500001
,515,139766.047010000009323,40.363549511899997
,516,75682.178732000000309,89.195787284600001
,517,86373.973880000005011,84.341149263500000
,518,21704.201702099999238,99.989149292500002
,519,81620.924390600004699,85.207147969800005
,520,31447.747378600000957,39.411788290899999
,521,28083.108691500001441,65.043969148800002
,522,27507.582709700000123,65.044966808599995
,523,19543.696607000001677,63.621723313300002
,524,25515.020602799999324,61.338853091300003
,525,47454.823018800001591,46.820562146900002
,527,1321.720199569999977,1.098260092190000
,529,13036.278295899999648,39.714941211099998
,530,835.397793054999966,2.493457028230000
,531,41305.185792700001912,42.989497208800003
,532,1955.725802019999946,3.052599482050000
,533,2065.574407330000213,3.369218553190000
,535,93235.716151800006628,34.002277380400002
,537,43093.388811400000122,82.864288456699995
,539,59377.779234800000268,30.948554837300001
,540,68053.242781799999648,41.240179919600003
,541,17240.179834300000948,32.344673954999998
,542,25647.460179599998810,61.619778030100001
,543,55552.420706099997915,89.797282146499995
,545,57807.055228600002010,28.115162061700001
,546,6659.601522959999784,5.911343944140000
,547,26752.557262099999207,34.580951736800003
,548,28501.925558399998408,36.179726104099998
,549,41208.161094499999308,23.220633105000001
,550,13951.590172300000631,24.256515935300001
,551,671.360942938999983,1.273674712680000
,552,14682.085000999999465,26.089186855700000
,553,26656.765445199998794,48.966433157600001
,554,56212.756781999996747,56.865449140999999
,555,49099.026067600003444,44.019778584800001
,556,12312.442496199999368,14.518394474999999
,557,10074.136286200000541,33.693263976799997
,558,51614.783774700001231,46.635203309399998
,559,19631.086595000000671,50.747948626899998
,561,18140.069597900001099,14.134602269500000
,563,24791.597872999998799,56.824312683400002
,564,33521.959166200002073,54.635269125100002
,565,54179.395806300002732,48.292010267199998
,566,26749.771747499999037,54.185211618499999
,567,28368.178715199999715,55.303682072900003
,568,4437.374107620000359,45.722580876099997
,569,18579.452744199999870,87.090310742300005
,570,29831.307766199999605,62.151786610899997
,571,12452.533768900000723,31.779493647500001
,572,41444.480729100003373,76.951467004899996
,573,1986.570006449999937,4.555105079150000
,575,6215.761618049999925,31.066123824400002
,576,73762.395891399995890,65.011678941800000
,577,7047.877033830000073,26.488273654800000
,578,36434.096059299998160,46.653823439299998
,579,22772.222572499998932,34.432276014300001
,580,9690.155413020000196,33.314717507099999
,581,4182.995218660000319,11.032803208900001
,582,30053.676493099999789,100.000014211000007
,583,4120.241270299999996,28.280357422000002
,584,6467.706169060000320,39.188352453000000
,585,3780.574321279999822,16.129771958999999
,586,20827.153062400000636,72.270178260600005
,588,10851.271785499999169,42.796278782800002
,589,13929.246831700000257,67.211519373300007
,593,4433.384806199999730,12.354586585600000
,594,2138.053364150000107,53.194028621400001
,595,25565.695240199998807,83.912703557900002
,596,10543.252438100000290,50.709012018999999
,597,2894.444801959999950,25.813901367600000
,598,2524.891367440000067,28.821611826800002
,599,13022.290944599999420,44.638202537600002
,602,8052.335860119999779,36.127889498199998
,603,22821.116228700000647,90.399214043800001
,604,13270.300752600000123,74.149360587900006
,605,8169.041621119999945,45.667986464999998
,606,17271.701676399999997,33.924569772799998
,607,28862.896135399998457,38.060621592700002
,608,4883.848254640000050,11.306127623000000
,609,3727.446105070000158,16.106075973100001
,610,3033.583849310000005,9.906872206610000
,611,2231.712921379999898,10.484299985900000
,612,3655.178200670000024,10.778843541900001
,613,23288.446696700000757,65.565281268199996
,614,5578.670561879999696,39.815209333299997
,615,15547.695536200000788,92.795052748399996
,616,1353.017176229999905,3.477920644740000
,617,2908.583201999999801,10.593410972299999
,618,93308.957536100002471,61.229180634099997
,620,10348.044563299999936,66.316305418599995
,621,6013.441289739999775,52.843763746299999
,622,10424.631360100000165,50.748864129799998
,625,23841.101932099998521,61.563760465999998
,628,2494.133998910000173,20.082811953699998
,629,1116.235737279999967,6.954428120190000
,631,5114.812639239999953,27.086760836400000
,632,6471.626466650000111,27.003858607800002
,634,8338.134914719999870,15.333847542399999
,639,3792.020903850000195,5.724882039530000
,642,902.767343614999959,1.715064976730000
,643,1054.854457240000102,1.953688657320000
,644,14730.773691000000326,23.079487531900000
,646,4514.870441570000366,14.265369992700000
,647,18997.600841100000252,35.369230698000003
,648,18592.526565200001642,30.022733331200001
,650,1571.282063289999996,7.823579447400000
,651,7304.377744510000412,23.454550574900001
,652,7648.123222330000317,46.241625592900000
,653,8909.533015490000253,60.843352905400003
,654,16183.332270599999902,100.000012798000000
,655,17623.620968600000197,72.193705938099995
,656,13486.963811699999496,55.542512777100001
,657,9608.625916720000532,59.364524888699997
,658,19764.007111700000678,92.573144231200004
,659,2792.051877639999930,58.292215877700002
,660,20826.220221600000514,99.999984744700001
,661,94.188189234700005,0.826030420488000
,663,5055.808736650000355,28.734341989099999
,664,233.491248896000002,4.649209969400000
,665,60.036476890000003,0.267205865209000
,666,64137.599052400000801,88.430112402800006
,667,28807.044905999999173,52.928792731199998
,668,4389.226157660000354,90.945188180200006
,669,16498.271297100000083,48.520495877400002
,670,53696.799208099997486,80.323512762400000
,671,14461.968325899999400,76.342231880200004
,672,1141.458324899999980,3.505591818880000
,673,24320.505459200001496,78.743060302100005
,674,2021.620446619999939,45.886907780400001
,675,67167.762208000000101,92.568355247200003
,676,9564.386326980000376,48.909624213400001
,677,36386.094847000000300,56.025267994700002
,678,44403.809396999997261,31.359533158400001
,679,51042.478820500000438,61.860910732000001
,681,9169.769486179999149,16.656688728300001
,682,3980.281807240000035,6.173405192950000
,683,6144.768675340000300,11.642034101200000
,684,1799.803940750000038,4.384329018870000
,685,13507.127148499999748,41.920323265500002
,686,2038.717617539999992,23.701096907099998
,687,41728.854961299999559,95.162872930099994
,688,22396.075196699999651,74.740839510399994
,690,2750.043834109999807,21.513833173900000
,691,12094.165907099999458,65.751614531200005
,692,68990.599004699994111,77.732923880000001
,693,10320.896605199999613,49.895676942100003
,694,6766.055819410000367,54.117185844799998
,695,3145.155864899999870,85.651359896100004
,696,17482.907470199999807,40.219486308800001
,697,16995.688974900000176,46.693744377000002
,698,13242.128242400000090,35.057368320599998
,699,57801.719129700002668,84.904193473299998
,700,9896.879313769999499,60.519310523000001
,701,8859.785755490000156,55.491834591600004
,702,44362.724409700000251,80.700676153000003
,703,9546.188947819999157,35.221791104399998
,704,6622.871379979999801,10.322293581300000
,705,25610.904211699998996,79.268810013500001
,706,8887.690291020000586,61.672617156800001
,707,16176.309005499999330,86.067026699500005
,708,15619.200354599999628,34.900611011899997
,709,12440.137461599999369,61.816147351799998
,710,20925.501346500001091,94.915588394099998
,711,11805.895037599999341,79.905365434000004
,712,10265.566992699999901,59.083182579499997
,713,6380.003239229999963,55.088399468200002
,714,5212.650581859999875,38.715721850199998
,715,17453.239108199999464,89.665168060100001
,716,3091.854126300000189,46.500945202899999
,717,7045.479718700000376,16.482385587400000
,718,7870.673201460000200,56.038858557099999
,719,7831.374385570000413,36.465898457000002
,720,9957.470201840000300,49.884758249999997
,721,1292.410662730000013,8.082201179609999
,722,5121.572878339999988,49.259591338600003
,723,18703.970870100001775,100.000012498000004
,724,7986.000116309999612,62.722406789600001
,725,10429.530176500000380,71.336798653499997
,726,7484.731839349999973,22.399544405899999
,727,34547.782286100002239,87.224169250200006
,728,12558.718066499999622,100.000012432000005
,729,7800.292959909999809,33.312539221199998
,730,27687.236820499998430,92.852778404600002
,731,17416.208956499998749,79.819486669900002
,732,7432.127210700000433,100.000011905999997
,733,26958.362511800001812,95.003829978900001
,734,1703.937003739999909,40.094215657299998
,735,4464.526909729999716,62.533169973000000
,736,4842.690297039999678,36.971740492300000
,737,60859.249590100000205,74.671386633400004
,738,73927.869739700006903,92.418125001999996
,739,3530.628334179999911,99.999835283099998
,740,15704.234103200000391,82.010282991699995
,742,8368.584859660000802,47.270839457299999
,743,2687.279620429999795,23.597147841100000
,744,28652.864680300001055,82.760440791299999
,745,19761.887051699999574,72.168302747400006
,746,42696.269081400001596,55.191855431500002
,747,35584.205070600000909,69.383797032399997
,748,8217.359074320000218,32.430093364400001
,749,26548.334952199998952,62.761789358400002
,750,3791.750171990000126,59.962700142199999
,751,3985.803292049999982,22.530011257799998
,752,734.289615267000045,5.597761228830000
,753,7592.049683029999869,24.183437495100002
,754,8313.586738289999630,52.377156700199997
,755,3214.878250669999943,15.416135517300001
,757,69.498107060400002,0.466819180938000
,758,1120.514241209999909,5.227681991170000
,760,1017.256326609999974,3.707424011240000
,761,2201.738064860000122,18.723124045999999
,762,1129.897591209999973,4.106604598780000
,763,12612.363738500000181,29.445614525700002
,764,6435.196354929999870,51.506253392900000
,765,8241.727870700000494,44.214625931199997
,766,56224.357505499996478,97.388341108700004
,767,14566.081625900000290,70.365266887600001
,768,21373.321076100000937,26.433344250000001
,769,2063.418433249999907,10.241289097499999
,770,8814.972526260000450,56.227299561300001
,771,11181.951093699999547,65.940844237899995
,772,64494.362195699999575,80.797065802899994
,773,39656.082964699999138,99.078724171800005
,775,1322.904966569999942,3.571973881470000
,776,2088.095794769999884,16.141193546000000
,777,31378.674265199999354,67.028480818399998
,778,7500.557713160000276,20.771256492900001
,779,27142.443282000000181,74.174487347300001
,780,1418.758891310000081,10.871478532699999
,781,4094.731691540000156,17.619592898400001
,782,9291.363282110000000,71.923444457499997
,783,2707.159354890000031,20.296076350500002
,784,33550.853430199997092,73.874013386700000
,785,8101.367001100000380,52.635281364100003
,786,1346.372843150000108,8.203594262650000
,787,2424.942014570000083,20.637134261900002
,788,10576.030753999999433,51.339739305199998
,789,16459.698830099998304,85.955056384800002
,790,16631.556495100001484,88.601278313300000
,791,11081.199968599999920,46.091647964300002
,792,10021.036554399999659,23.144379754399999
,793,5665.089067920000161,81.464084472400003
,794,9674.246447530000296,73.921340481399994
,795,19074.759887500000332,38.259110016100003
,796,1770.072128009999915,17.759351310000000
,797,5564.531016130000353,49.392111294400003
,798,4693.331567809999797,72.284714765299995
,799,5115.266153409999788,27.164903596799999
,800,2181.092292469999848,19.172942772100001
,801,2659.914118059999964,40.614695368600003
,802,2191.807844949999890,11.701481646500000
,803,12841.627853100000721,36.095146452999998
,804,8746.818753809999180,42.622367059399998
,805,3459.204375310000160,38.993925403799999
,806,498.654622406999977,3.867934668240000
,807,8259.219063230000756,19.507885206800001
,808,15137.235705499999312,58.809239768499999
,809,5233.799632739999652,39.937391065299998
,810,4172.409305309999581,52.951220536800001
,811,4500.071428659999583,30.649086603699999
,812,603.567175081999949,5.312939031550000
,813,5904.281237039999723,29.044282463300000
,814,7959.819916000000376,30.288219118600001
,815,2236.047462330000144,39.642228863100001
,816,60976.377942200000689,92.905842906000004
,817,20545.247329699999682,92.069397009200003
,818,18065.074285700000473,79.218677709999994
,819,20494.948938099998486,88.188018770599996
,820,25951.367245900000853,100.000013354999993
,821,3698.651339139999891,14.585897544000000
,822,6732.219914559999779,39.062409262099997
,823,38208.660420499996690,78.206426271799998
,824,38586.964571199998318,72.144844656499998
,825,13539.181925200000478,24.667663926199999
,826,12998.357371100000819,26.391085056700000
,827,1323.191830449999998,34.658744292500003
,828,7615.233118119999745,29.289718807800000
,829,5868.429828299999826,57.240283791499998
,830,9048.310371949999535,72.926775530499995
,831,5962.983591719999822,69.833678107200001
,832,13819.200151700000788,57.701796446199999
,833,813.105315552999969,16.771703126900000
,834,2814.040048010000191,22.013841007700002
,835,27377.413680400000885,75.332497894799999
,836,5797.212094700000307,61.176267159900000
,837,16189.390346700000009,52.204556165400000
,838,10176.064421400000356,85.320027302200003
,839,16349.789078600000721,79.645172573300002
,840,6961.621171879999565,85.346552014099998
,841,16390.987579399999959,37.262575717099999
,842,15417.478891200000362,36.993536160300003
,843,28782.289424499998859,75.322225337899994
,844,23569.466964100000041,73.769665565099999
,845,31610.643956299998536,71.295241476800001
,846,22186.925095200000214,91.046272846400001
,847,16594.075956600001518,85.544563946400004
,848,22715.847488600000361,61.129151606500002
,849,44568.815109499999380,71.009057891099999
,850,31717.442127400001482,83.137813679199994
,851,14163.697011199999906,40.259608621500000
,852,8589.988295290000679,100.000015039000004
,853,11167.041972600000008,90.054006397199998
,854,14704.683752499999173,85.556236031699996
,855,11376.858686600000510,70.737172973100002
,856,45544.455979899998056,74.452513209000003
,857,21743.340391500001715,76.628490943900005
,858,4920.113419780000186,17.001854972099999
,859,17825.739618999999948,53.149965694999999
,860,35760.780359399999725,70.568916275800007
,861,3815.924216490000163,27.048082291899998
,862,27481.540526100001443,59.858504964200002
,863,8932.591807400000107,64.989555100999993
,864,29701.284559700001410,91.364896189099994
,865,18939.144856899998558,53.200096368099999
,866,24890.103131600000779,61.404659027000001
,867,15805.329502399999910,50.752142205900000
,868,30148.728468699999212,48.465875062800002
,869,20628.123112699999183,92.894298600699997
,870,35485.671782299999904,65.845827395599997
,871,47280.423330400000850,43.268176475600001
,872,25552.011302800001431,38.555043043600001
,873,5347.263364940000429,35.793868241799998
,874,14876.120757299999241,66.473228650500005
,875,23115.290134099999705,90.270266780599997
,876,13364.273054799999954,86.866023555400005
,877,14898.659766900000250,37.049698787899999
,878,15895.057016700000531,46.822822189199997
,879,5340.793436900000415,41.455010212200001
,880,5351.999582350000310,10.536958210300000
,881,11595.124558199999228,22.747487473000000
,882,9392.556214869999167,17.561867406600001
,883,13446.406011200000648,42.110598925399998
,884,2366.644547360000161,16.438935061500001
,886,2104.345313090000218,31.230293872299999
,887,1579.614588590000039,19.448288995700000
,888,4780.072462070000256,23.195793049399999
,889,20291.486642899999424,95.193919215799994
,890,4961.380845370000316,100.000013245000005
,891,20390.497730099999899,77.329914645599999
,892,13330.567799399999785,71.571613423399995
,893,6416.991949430000204,40.930500040799998
,894,21737.480134699999326,92.416049429099999
,895,35334.878480300001684,37.702695856799998
,896,25106.481597499998315,71.863592097400002
,897,19259.271683700000722,47.985586502099999
,898,17724.673042900001747,32.024293896499998
,899,40557.075249900000927,74.862442294100006
,900,34111.601075600003242,89.083376880200007
,901,30254.621504099999584,91.238471280499994
,902,8507.736247250000815,61.122186906300001
,903,10898.797140700000455,89.544286680599996
,905,19136.833043099999486,78.498389132900002
,907,33024.034586299996590,76.371766210900006
,908,5253.624065879999762,18.348847345300001
,909,94260.810270200003288,71.542095436400004
,910,35283.887167499997304,66.185730232300003
,911,34053.335740100003022,43.713457283200000
,912,44219.322367300002952,83.029276639599999
,913,21964.256704999999783,48.808728150599997
,914,55103.326948100002483,53.077416406300003
,915,20992.365631100001337,60.650299748400002
,916,33143.762052999998559,58.897366404800003
,917,23570.207872599999973,37.493451768000000
,918,2264.232847060000040,6.097472096570000
,919,84070.494830600000569,83.551950626700005
,920,11502.867293600000266,64.068903024600004
,921,10915.174355499999365,15.002025286300000
,922,14578.311935899999298,34.677849604400002
,923,18700.192166299999371,26.447542100900002
,924,68084.369421399998828,89.226539070000001
,925,38.101087909900002,0.205175309302000
,926,6806.176615860000311,11.412898004200001
,927,1280.607538190000014,4.191075813950000
,928,70680.596835999996983,26.363341023400000
,929,25754.917465800001082,50.071849901900002
,930,24391.281023100000311,37.124122630599999
,932,12090.848577999999179,28.532285066000000
,933,8895.028673610000624,17.021834606199999
,934,47469.445810199998959,64.133836979099996
,935,18013.490690800001175,23.581027987500001
,936,10122.789507600000434,47.085917449400000
,937,83791.934159299999010,76.222115488300005
,938,21938.908707200000208,28.667663964100001
,939,34921.889037799999642,78.383352224999996
,940,27396.502681300000404,51.038583521299998
,941,34946.962731699997676,34.422536551900002
,942,99645.219160099994042,51.042996938100003
,943,23438.107965300001524,55.832689889299999
,944,22233.409748800000671,37.693302237799998
,945,49477.296139099998982,60.967009274900001
,946,5733.628787859999647,18.621816366299999
,947,129827.286017999998876,48.767130168800001
,948,16790.119823500001075,14.004619411400000
,949,179929.114780000003520,59.778450114000002
,950,2559.743020609999803,9.827410146340000
,951,199.450002344000012,0.719225778143000
,952,6878.011590860000069,8.969460198960000
,953,726.366334273000007,3.778494863910000
,954,20121.049150700000610,21.888653947000002
,955,44863.145603099997970,18.471007006200001
,956,144991.426742000010563,53.352641589100003
,957,8125.721802709999793,18.996528563999998
,958,3504.135809790000167,10.938719297000000
,959,177899.630616000009468,65.520477202400002
,960,11832.894312099999297,58.438622244900003
,961,52878.199661799997557,84.016615215300007
,962,55990.541695400002936,39.918770203199998
,963,4875.481140449999657,8.110544769060001
,964,22059.401539300000877,26.772040324100001
,965,89211.634732000005897,83.271322857700000
,966,64867.041658900001494,45.190265993799997
,967,13423.230825799999366,13.874136676999999
,968,66028.839524900002289,59.391267608800000
,969,30689.675424500001100,70.914638729600000
,970,7862.303792620000422,10.240746232199999
,971,74055.437690899998415,67.861250565500001
,972,36978.549492500002088,40.717598725599998
,973,77746.053579200000968,58.760071033000003
,974,46219.116983799998707,50.394169093800002
,975,52401.472217900001851,93.109134035899999
,976,1676.715535840000030,1.985470340120000
,977,1141.476056120000067,3.499193600530000
,979,3396.881649429999925,8.799968710330001
,980,15910.843807400000514,34.941408739800004
,981,34203.517066400003387,57.507906838099998
,982,76317.501548000000184,51.990302833800001
,983,13070.296080899999652,18.754209277400001
,984,10420.416327299999466,18.499871765200002
,985,16324.976276199999120,23.397122799400002
,986,29.374218064699999,0.118824996483000
,987,31107.339063600000372,62.361915487799997
,988,29948.231297900001664,80.107228013500006
,989,8691.506911200000104,10.030064200500000
,990,132872.788292999990517,63.791725740300002
,991,56596.013636399999086,63.492246971000000
,992,16923.452849000001152,54.233300822799997
,993,90076.839214199993876,65.658681314600003
,994,50579.925278900002013,77.363848058499997
,995,25176.432113399998343,98.990423082600003
,996,71438.930458600007114,91.530171041700001
,997,23392.992663799999718,95.435369490799999
,998,59908.441560200000822,70.949961393400002
,999,54155.167725899998914,60.608622007800001
,1000,6025.041494439999951,23.992870548399999
,1001,50322.699159199997666,41.946623660599997
,1002,20563.890948799999023,50.837800976099999
,1003,56282.877666000000318,77.247136419399993
,1004,43610.607425599999260,84.731150207599995
,1005,46409.404900000001362,74.959435234799997
,1006,27364.306465099998604,96.976662495599996
,1007,17180.074360700000398,74.906715527399996
,1008,16061.747836500000631,41.770068760800001
,1009,41458.294804800003476,97.679755047800001
,1010,23316.954644299999927,55.922686704199997
,1011,51663.918250599999737,58.931107442900000
,1012,25262.998124199999438,43.257710203099997
,1013,13908.786991999999373,9.594428218130000
,1014,1564.748877839999977,4.354053714170000
,1015,2348.509507759999906,3.165444776370000
,1016,747.632114227999978,3.341425736680000
,1017,36732.497052799997618,34.083723538199997
,1018,26342.485283800000616,47.955846389000001
,1019,7796.936344720000307,18.997826665300000
,1020,11858.835566600000675,19.051850926200000
,1021,4882.764492170000267,9.286055357690000
,1022,39441.822470799997973,38.263747581099999
,1023,73285.360979899996892,80.936602230999995
,1024,15623.777175100000022,78.760909902099996
,1025,36660.415574699996796,68.773171835499994
,1026,18152.130818800000270,38.601618008800003
,1027,6621.705740409999635,7.094264271950000
,1028,41548.289048300001014,39.787121077300000
,1029,25649.954156899999361,42.110117983099997
,1030,29729.090348500001710,45.190541707900003
,1031,55615.530374499998288,52.390242021100001
,1032,10751.881724000000759,38.502631483899997
,1033,53444.704747399999178,56.844328590799996
,1034,13614.999546900000496,25.142238708899999
,1035,46074.767476599998190,76.359581234999993
,1036,17718.314548700000159,85.931942571700006
,1037,8.281626140120000,0.013658999126300
,1038,61261.021116199997778,74.009566235299999
,1039,82523.347062000000733,90.558092591299996
,1040,21361.345316599999933,12.320275547100000
,1041,1755.173147259999951,4.718730641120000
,1042,32746.658947200001421,62.442291001500003
,1043,14034.452448100000765,17.100565294199999
,1044,35469.407639199998812,58.406023320800003
,1045,11141.057147600000462,57.823603806100003
,1046,34007.568552199998521,84.526515532000005
,1047,25207.282859800001461,47.601415921600001
,1048,28792.099819600000046,44.031391406899999
,1049,8420.499923010000202,13.996489196200001
,1050,8292.832206069999302,84.765136312799996
,1051,28312.473720000001776,87.354665589199996
,1052,50219.013770799996564,65.582704111799998
,1053,12527.265445000000909,31.981359852200001
,1054,33513.964483800002199,63.265837399900001
,1055,57323.489709100002074,49.136381454400002
,1056,42964.339643500003149,82.343597857600002
,1057,9478.280959640000219,22.886010789400000
,1058,18196.296315899999172,47.033859991999996
,1059,25319.434570000001258,46.709020715699999
,1060,115419.050730999995722,59.026188196299998
,1061,49815.899222799998824,41.435454172199996
,1062,28942.514580899998691,95.858694236000005
,1063,44138.943403199999011,52.578299545100002
,1064,49987.596045600002981,75.772461840700004
,1065,38803.683939199996530,54.386812638499997
,1066,75795.931420099994284,66.855542966300007
,1067,67954.158401099994080,70.128905538699996
,1068,8190.314529420000326,6.920917595810000
,1069,53414.075328699997044,70.343581348499995
,1070,69989.922032300004503,57.351907943500002
,1071,28621.000852000001032,26.119696386200001
,1072,82326.734384800001862,79.720253840400005
,1073,58690.091678199998569,73.686717023900002
,1074,22431.199304000001575,26.507577039000001
,1075,41870.461518299998716,63.447921853399997
,1076,42882.972586900003080,49.430522490400001
,1077,14497.028840499999205,42.358078883499999
,1078,33281.708678100003453,79.683090653299999
,1079,20555.381071499999962,31.353782380300000
,1080,10931.904281600000104,56.602573507899997
,1081,82619.008235800007242,99.289849128900002
,1082,5764.397320580000269,14.575530227400000
,1083,11666.191235000000233,50.596392890300002
,1084,36135.102413900000101,99.999996062999998
,1085,16089.013790900000458,57.411313680100001
,1086,18910.040610500000184,97.618668137100002
,1087,10328.514129299999695,56.861345402799998
,1088,5916.661407409999811,39.327044170500002
,1089,9425.219162019999203,40.228446497500002
,1090,7305.401917299999695,18.723915459600001
,1091,86610.504377100005513,75.949857941999994
,1092,40773.889053500002774,81.004066624600000
,1093,42973.153510299998743,89.963091408799997
,1094,32883.786921200000506,72.090867655799997
,1095,94422.855858299997635,77.228579122300005
,1096,21931.318328900000779,47.286369951700003
,1097,54032.659154100001615,93.717146884200005
,1098,31190.084984599998279,76.873729603200005
,1099,44045.790329299998120,87.802040017400003
,1100,21734.019464500001050,64.634014612499996
,1101,59865.422651000000769,91.309369963600005
,1102,21591.652039299999160,87.821612872200006
,1103,72189.291584699996747,96.200587410400004
,1104,33923.080303599999752,72.430034855599999
,1105,34862.139703499997267,81.161658118999995
,1106,30898.959769599998253,83.766906286199998
,1107,53336.182132000001729,94.979978401400004
,1108,61288.657282699998177,75.952527826500003
,1109,133816.093660000013188,74.602644965600007
,1110,13149.485134000000471,32.373396477999997
,1111,88165.591853399993852,73.100594249699995
,1112,24814.173692399999709,47.749599000800004
,1113,68539.925601299997652,58.542185707599998
,1114,60709.323045299999649,58.455230314200001
,1115,22310.095295399998577,50.689838116499999
,1116,74909.450821799997357,68.686898852699997
,1117,9030.231286410000394,45.500011910700003
,1118,11018.099358999999822,48.328464265999997
,1119,3741.583582339999793,16.225736167299999
,1120,4061.772411439999814,24.801251405999999
,1121,16212.506186200000229,82.537830040000003
,1122,141510.359366999997292,94.485734309999998
,1123,101564.949013999997987,97.975143598700001
,1124,18405.558317899998656,55.707578348799998
,1125,37393.445241599998553,37.176001640300001
,1126,106552.447893000004115,71.678044142700003
,1127,51900.560314700000163,75.756014939200000
,1128,7088.094442089999575,23.732978903700001
,1129,27499.202404700001352,72.915146821400000
,1130,42280.610998900003324,43.047871613399998
,1131,58865.639145200002531,81.130812103500006
,1132,71435.741412000003038,67.276817865900000
,1133,5000.964207359999818,12.293783054100000
,1134,10921.985920799999803,13.962874811600001
,1135,32253.253059700000449,99.999952718299994
,1136,16869.316459099998610,38.727285490000000
,1137,30875.487470200001553,84.005330364700001
,1138,6381.867458409999927,16.739795251200000
,1139,42974.383465699997032,99.999996396399993
,1140,44780.919923800000106,99.999998438700004
,1141,69.498107060400002,0.245926677491000
,1142,24172.296384099998249,54.891891335499999
,1143,10225.649731600000450,34.014044358600003
,1144,35120.881164899998112,74.330409419000006
,1145,18050.932407500000409,42.507190380899999
,1146,64.343532324600005,0.325876830041000
,1147,26019.403455799998483,90.312194502200001
,1148,8348.077706930000204,27.793334019000000
,1150,24971.782157099998585,72.351487582900006
,1151,108515.921455000003334,80.416301788900000
,1152,13973.981593000000430,43.569077584699997
,1153,19249.223165200000949,27.205665965100000
,1154,33809.589937500000815,72.236690795700000
,1155,47269.760546999998041,66.615069912799996
,1156,8795.234957439999562,42.396765842999997
,1157,11063.333232200000566,37.200394761900000
,1158,8064.959968830000435,30.008050410799999
,1159,7852.340766520000216,33.200013922799997
,1160,7408.121393069999613,16.316870357399999
,1161,6734.301322369999980,8.340610304800000
,1162,178300.427091999998083,78.278442265999999
,1163,40111.720837000000756,56.938958956999997
,1164,1880.253324569999904,5.477143941730000
,1165,24354.898918499999127,79.831185913799999
,1166,21544.394178400001692,47.187789550200002
,1167,31703.032506200001080,32.701582240599997
,1168,20591.051184899999498,44.986493787400001
,1169,120034.156174000003375,79.720056304899998
,1170,24434.280720399998245,36.056139166199998
,1171,63123.768785400003253,73.165906507599999
,1172,25381.571382400001312,89.849482469799995
,1173,69052.552723400003742,61.814088055799999
,1174,19091.590466500001639,44.509367558199997
,1175,22498.138522199998988,47.953699642200000
,1176,76055.996965500002261,60.492917634400001
,1177,51808.538059999998950,74.458554743600004
,1178,9475.754094800000530,58.391732031200000
,1179,13452.974046100000123,27.856136716500000
,1180,20882.589893799999118,61.351142694399996
,1181,66211.884818399994401,94.956443051099996
,1182,3749.271874519999983,4.196809415170000
,1183,38417.477927499996440,50.115780919199999
,1184,52651.194357899999886,69.533120517200004
,1185,43531.281009400001494,78.836377245099996
,1186,47943.559571199999482,81.483785489699997
,1187,46134.949319200000900,91.939044451200004
,1188,39329.770970400000806,67.572947825200004
,1189,36769.284589700000652,75.992207182599998
,1190,35688.589965500003018,73.908051765600007
,1191,16629.639070400000492,56.366360941499998
,1192,22778.484726899998350,57.936336189999999
,1193,19097.002735800000664,80.938319377200003
,1194,10411.236939200000052,57.793820303399997
,1195,26239.955924999998388,42.586974141799999
,1196,15301.018446599999152,25.004190582400000
,1197,5743.423268630000166,20.149997177900001
,1198,25173.310756800001400,72.579506009799999
,1199,11925.819804000000659,42.400796575699999
,1200,11961.149580100000094,30.244148348700001
,1201,10972.262940000000526,23.549186979600002
,1202,18035.472547900000791,31.497762280600000
,1203,43500.631843700000900,56.753674433500002
,1204,25720.121209900000395,83.842485776000004
,1205,43222.903259600003366,97.464760406600007
,1206,36652.674794200000179,97.165475347500006
,1207,17239.464384599999903,77.297085037800002
,1208,8658.872864810000465,32.719194241899999
,1209,31372.410076399999525,100.000013471000003
,1210,16927.638772400001471,43.637316849400001
,1211,17542.456920000000537,53.157390350500002
,1212,13092.568222100000639,33.372992342300002