"","(Intercept)","cont_area","elev_mean","prcp","shrub","slope_P","sweM1","tair","wetland","cont_area:elev_mean","model.rmse","df","logLik","AICc","delta","weight"
"496",-0.897105261481516,0.00123127679809196,-0.00915427712719602,-0.0999128172812424,0.05133563983987,NA,-0.00153872094402208,0.840067669368878,0.011940815191731,8.61729668629196e-05,1.54085050917813,11,-4881.66660361467,9785.43408609828,0,0.418489880535361
"512",-0.915591223127557,0.00127479954026121,-0.00863072193862532,-0.0994818492625226,0.0523959690698124,-0.078922470816471,-0.00136942191503553,0.840459422474287,0.0116501515581035,8.49505841508889e-05,1.54064156365631,12,-4881.40094303893,9786.92115213291,1.48706603462415,0.198963161998565
"464",-1.00658724028559,0.00130485896933121,-0.0094848325363708,-0.107263887292948,0.0501388289206962,NA,NA,0.851798549856884,0.0113722484403137,8.57755715286058e-05,1.54190209835001,10,-4883.4412118543,9786.96645732205,1.53237122376777,0.19450679485425
"480",-1.01663369342428,0.00136179277803055,-0.00858598507062269,-0.105277078826978,0.0520505572767316,-0.126700021047959,NA,0.850350411162697,0.0110057074246029,8.3880235721519e-05,1.54138618062895,11,-4882.70176662707,9787.50441212307,2.07032602479012,0.148634414489456
"492",-1.06602815334066,0.00122530715714385,-0.00909757809127317,NA,0.0515908407977202,NA,-0.00179665659320551,0.846682855632653,0.0120147363214829,8.66309423570068e-05,1.54318120992259,10,-4885.70533717976,9791.49470797296,6.06062187467796,0.0202133195743337
"508",-1.08510917398547,0.0012716528805654,-0.00853994184589841,NA,0.0527204823812292,-0.0840868367626224,-0.00161526954693844,0.84707212934898,0.0117050373413294,8.53283678840737e-05,1.54294688702638,11,-4885.40482274299,9792.91052435491,7.47643825662817,0.00995857093620357
"460",-1.20991870548167,0.00131182956924501,-0.00948347259611784,NA,0.050196681938543,NA,NA,0.861122468653313,0.0113486992802898,8.61984511075095e-05,1.54462827004416,9,-4888.14671411035,9794.36215674304,8.9280706447571,0.0048192455308289
"476",-1.21721207282996,0.00137514024074542,-0.0084804328072428,NA,0.0523303557531759,-0.141381349465478,NA,0.859319761028465,0.0109406387301927,8.40778367226767e-05,1.54399529622747,10,-4887.22790723407,9794.53984808159,9.10576198331,0.00440954591774876
"352",-0.402083134967058,0.00221242971486554,-0.00804288065037374,-0.103624793297886,0.0480181495655508,-0.196186587297505,NA,0.831536092874856,NA,7.18828463260966e-05,1.54876021287423,10,-4894.84392509904,9809.77188381152,24.3377977132423,2.17169752576493e-06
"384",-0.34229084952294,0.00219620249676882,-0.00804849126281055,-0.10105703674739,0.0480675089719387,-0.177179236462908,-0.000596597371906509,0.826740770740729,NA,7.20430647647794e-05,1.5486212159004,11,-4894.59146790481,9811.28381467855,25.8497285802659,1.01973592647546e-06
"336",-0.355092530287712,0.00216683818582951,-0.00943267517244996,-0.106661554882427,0.0448044121189508,NA,NA,0.832842868887088,NA,7.42575392707419e-05,1.54994437541416,9,-4896.64077102904,9811.35027058042,25.9161844821429,9.86408950987517e-07
"368",-0.267297696871621,0.00214814355919477,-0.00922835037436712,-0.102131070281729,0.0453745093432475,NA,-0.000945147339646641,0.825039971843984,NA,7.41442808721833e-05,1.5495471002417,10,-4895.96555069872,9812.01513501088,26.5810489125997,7.07430089338997e-07
"348",-0.603204940529245,0.00222065187661693,-0.00794244246515994,NA,0.0483172517939804,-0.210183653443315,NA,0.840476273420066,NA,7.21488418239381e-05,1.55126750567489,9,-4899.18815879668,9816.44504611571,31.0109600174255,7.72219125878637e-08
"380",-0.511799930562985,0.00219744445862367,-0.00795380838503486,NA,0.0483769879831491,-0.182854928781403,-0.000842600238134542,0.833392200532729,NA,7.2366458133601e-05,1.55098237075215,10,-4898.68086852958,9817.44577067261,32.0116845743305,4.68204924577714e-08
"364",-0.435849064046798,0.00214792280605642,-0.00917102738287385,NA,0.0455974376622415,NA,-0.00120471816397769,0.831704614748898,NA,7.45348998007294e-05,1.55196600002257,9,-4900.13889447892,9818.34651748018,32.9124313818975,2.98429185244189e-08
"332",-0.558597455898328,0.00217205015796634,-0.00943144825252272,NA,0.0448734959958163,NA,NA,0.842151331402745,NA,7.47015606631276e-05,1.55261902798584,8,-4901.24568717979,9818.54633619164,33.1122500933616,2.7005437121431e-08
"472",0.0528804178805944,0.00287099583764942,-0.00725424211920416,-0.114803229556419,NA,0.366329301250137,NA,0.855633213434584,0.0054312208090721,5.01240340716145e-05,1.58899702388031,10,-4961.01719916921,9942.11843195186,156.684345853575,3.96379840349789e-35
"504",0.116285416932719,0.00282613414786883,-0.00727412906536888,-0.111474048443711,NA,0.395861323807775,-0.000796204869177971,0.849884969130007,0.0057875209994664,5.06098488653109e-05,1.58875999317538,11,-4960.60180367505,9943.30448621904,157.870400120759,2.19060031947272e-35
"344",0.326322803728737,0.00324836562914241,-0.00701707805876066,-0.113554429015156,NA,0.309723678237565,NA,0.845720061035964,NA,4.52655384839497e-05,1.59083129705126,9,-4963.93078236727,9945.93029325689,160.496207158605,5.89354213945319e-36
"376",0.368933195992018,0.00323783706235652,-0.00701959952481928,-0.111770455920131,NA,0.32324779477117,-0.000416364659607243,0.842370526417271,NA,4.53533414512764e-05,1.59076776930317,10,-4963.81399473726,9947.71202308796,162.277936989676,2.41812460538198e-36
"468",-0.157225656884787,0.00289390854495502,-0.0071392350718369,NA,NA,0.353812757060686,NA,0.865404832910048,0.00532792942954903,5.01413508383323e-05,1.59204825868403,9,-4966.0853031776,9950.23933487754,164.805248779259,6.83407741455724e-37
"500",-0.0640245186972598,0.00283285084174767,-0.00717058176907319,NA,NA,0.393919039328928,-0.00106757411034651,0.857316662385797,0.00580975417102842,5.07926342917045e-05,1.59161107322904,10,-4965.3336030071,9950.75123962765,165.317153529368,5.29079811255719e-37
"456",0.169390461001698,0.00325099187136208,-0.00407759809443142,-0.109591983384461,NA,NA,NA,0.851172379615256,0.00346284354571681,3.94003734052418e-05,1.5935142129646,9,-4967.83217991383,9953.73308834999,168.299002251708,1.19129952042549e-37
"340",0.113378634040603,0.00326391979345796,-0.00690828189380275,NA,NA,0.298459793973953,NA,0.855571918642529,NA,4.53750616619423e-05,1.59380936824892,8,-4968.87911885308,9953.81319953822,168.379113439938,1.14452436750392e-37
"328",0.343016483486367,0.00346597345113623,-0.00425020590658613,-0.109306334344911,NA,NA,NA,0.844914479532524,NA,3.72311480108276e-05,1.59429411879009,8,-4969.08198351706,9954.21892886618,168.784842767904,9.34376784250809e-38
"372",0.189197679827889,0.00324614056918231,-0.00691540508567046,NA,NA,0.321080323477199,-0.000686921212084695,0.849790195720825,NA,4.55175450327038e-05,1.59362653557535,9,-4968.55908415193,9955.18689682621,169.752810727925,5.75877973179235e-38
"488",0.147536743035789,0.00325523070821466,-0.00414740482011384,-0.110701599556816,NA,NA,0.000236145791544094,0.852990754497018,0.00340405036475519,3.9514202201366e-05,1.59347625227096,10,-4967.79191498128,9955.667863576,170.233777477717,4.52782741561537e-38
"360",0.305416664497179,0.00346687325397438,-0.00435143736852044,-0.110994154104002,NA,NA,0.000357594089106123,0.847831129995937,NA,3.74593710974968e-05,1.59421755675759,9,-4968.98888909456,9956.04650671146,170.612420613179,3.74686937326144e-38
"96",-0.155909404997301,0.00440344596970927,-0.0021972153087566,-0.110352279178546,0.0284045195984011,-0.477973109947518,NA,0.85889299215562,NA,NA,1.59476419819523,9,-4970.70940914397,9959.48754681027,174.053460711988,6.70588635480389e-39
"452",-0.0350469616188064,0.00326048829282125,-0.00407147258467105,NA,NA,NA,NA,0.860646547330571,0.00342959612183868,3.97669025879238e-05,1.59626178848774,8,-4972.4325259999,9960.92001383186,175.485927733576,3.27642271094869e-39
"324",0.137393420817733,0.00347341733024082,-0.00424237178438672,NA,NA,NA,NA,0.854425973868814,NA,3.76177149578436e-05,1.59702455347707,7,-4973.65405182849,9961.35083543874,175.916749340458,2.6414853377337e-39
"224",-0.116503326077606,0.00443648549077425,-0.00222688198983716,-0.110166678183619,0.0283496017848074,-0.479493731740345,NA,0.857292712471218,-0.000752078564852094,NA,1.594745592874,10,-4970.64654995855,9961.37713353054,175.943047432256,2.6069796811776e-39
"128",-0.136242266608347,0.00439975126349421,-0.00219506500007614,-0.10953068076988,0.0284040076933656,-0.47199912940607,-0.000192728423331198,0.857361554940193,NA,NA,1.59475863578772,10,-4970.68452328258,9961.45308017861,176.018994080334,2.50984002721219e-39
"484",-0.0312675713574661,0.00325980385558701,-0.00406045134621994,NA,NA,NA,-3.73105588963125e-05,0.860344038958475,0.00343894192400697,3.97483440986261e-05,1.59626325197067,9,-4972.43151242375,9962.93175336984,177.497667271557,1.19827427950528e-39
"94",-0.389848785707343,0.00455973219948578,NA,-0.106501681412171,0.0295184309976317,-0.654523944909132,NA,0.865020684847642,NA,NA,1.59632174888044,8,-4973.5456356603,9963.14623315266,177.712147054381,1.07642194806297e-39
"356",0.1277393336312,0.00347365566146291,-0.00426632237360564,NA,NA,NA,8.46865658644081e-05,0.855151567408054,NA,3.76731447606741e-05,1.59701674148838,8,-4973.64878688174,9963.35253559554,177.918449497256,9.70922438806031e-40
"256",-0.103972185205937,0.00443119112963409,-0.00222304858294616,-0.109537301598622,0.0283532461585924,-0.474709518732571,-0.000150805698788289,0.856210436941448,-0.000697417083633492,NA,1.59474250331881,11,-4970.63164359284,9963.36416605462,177.930079956335,9.65292686973834e-40
"126",-0.367853405079999,0.00455549842715451,NA,-0.105597482274772,0.0295167497660522,-0.647725063269833,-0.000212988925487195,0.863320988103701,NA,NA,1.5963121954739,9,-4973.51529514188,9965.0993188061,179.665232707823,4.05392195376751e-40
"222",-0.375983791585553,0.00457320058592572,NA,-0.10641031779582,0.0295032577764204,-0.656013334846159,NA,0.864439714070765,-0.0002877941642842,NA,1.59632123397482,9,-4973.53637172931,9965.14147198096,179.707385882677,3.96937324228782e-40
"92",-0.366905561139514,0.00442043047693916,-0.00207293936446451,NA,0.0286372636576621,-0.493492666077207,NA,0.868475041980804,NA,NA,1.59754555354561,8,-4975.35792739737,9966.7708166268,181.336730528516,1.75757652521022e-40
"254",-0.358769044006462,0.00456587550733522,NA,-0.105583727484369,0.0295054750313871,-0.64925753233241,-0.000200055979703527,0.862987556799856,-0.000216256330179701,NA,1.59631234456349,10,-4973.51017582906,9967.10438527156,181.670299173284,1.48758137593665e-40
"124",-0.316571634786008,0.00441137721267467,-0.0020700946215617,NA,0.0286321596207437,-0.479060076752492,-0.000456669265347729,0.864676559373143,NA,NA,1.59748235936239,9,-4975.21723216174,9968.50319284582,183.069106747542,7.3915160984036e-41
"220",-0.322161871400507,0.00445758049497351,-0.00210660781310036,NA,0.0285750819110942,-0.495168124709367,NA,0.866655934683827,-0.000846228933990697,NA,1.59751856750883,9,-4975.27860351579,9968.62593555393,183.191849455645,6.95152816502777e-41
"90",-0.581625117816318,0.00456752675000801,NA,NA,0.0296897426896973,-0.659976486000412,NA,0.873956699432972,NA,NA,1.59891344030722,7,-4977.87563515356,9969.79400208889,184.359915990606,3.87648280043112e-41
"252",-0.284447664941184,0.0044426793579236,-0.00209798980271229,NA,0.0285817567238604,-0.481756395196071,-0.000414924438430494,0.86353060832771,-0.000694288451181464,NA,1.59746575255065,10,-4975.16500050791,9970.41403462927,184.979948530987,2.84314825189253e-41
"122",-0.529862931998376,0.00455810352548862,NA,NA,0.0296832122495189,-0.644976602057008,-0.000466827226910758,0.87006500121219,NA,NA,1.59884352060665,8,-4977.7288459662,9971.51265376446,186.078567666174,1.64148678933089e-41
"218",-0.561956137070588,0.00458641350823271,NA,NA,0.029668374542952,-0.662060044414111,NA,0.873131095301185,-0.000403726486521353,NA,1.5989092521266,8,-4977.85745817617,9971.76987818441,186.335792086125,1.44338377392316e-41
"250",-0.519768408702301,0.0045696142690648,NA,NA,0.0296707784303847,-0.646677922120626,-0.000452441380796844,0.86969419891116,-0.000239874687700666,NA,1.59884307797145,9,-4977.72256724045,9973.51386300324,188.079776904957,6.03504242049808e-42
"80",-0.0338979510848274,0.00447566326028047,-0.00524357039158019,-0.118490095600369,0.0185951668328757,NA,NA,0.864938271903799,NA,NA,1.60138742067311,8,-4981.43169429903,9978.91835043011,193.484264331832,4.04679116913084e-43
"112",0.0737532536510816,0.00444824296378602,-0.00500233163922951,-0.112976004287685,0.0193226417962227,NA,-0.0011513322107443,0.855364943047051,NA,NA,1.60088379609141,9,-4980.49261208961,9979.05395270155,193.619866603269,3.78150896643483e-43
"208",-0.017576561935166,0.00448941489666786,-0.00525979504845021,-0.118423044381696,0.0185605153709547,NA,NA,0.864287046525247,-0.000310592322457021,NA,1.6013873194671,9,-4981.42102658086,9980.91078168405,195.47669558577,1.49437586219733e-43
"240",0.0702045977153193,0.00444486453703131,-0.004997631146145,-0.1129734685048,0.0193333503133159,NA,-0.00115519969032668,0.855488770358156,7.42714037238861e-05,NA,1.60088217299212,10,-4980.4920120546,9981.06805772265,195.633971624369,1.38136289501677e-43
"108",-0.108437816334053,0.00446084650928143,-0.00491684618765168,NA,0.0194110307981908,NA,-0.00143833646182254,0.862878773823586,NA,NA,1.60379892016914,8,-4985.28042459318,9986.61581101842,201.181724920143,8.62240592183823e-45
"76",-0.255978544824491,0.00449632253123078,-0.00521639288231595,NA,0.0184953085149597,NA,NA,0.875456141889577,NA,NA,1.60461895245081,7,-4986.75870842339,9987.56014862854,202.126062530262,5.377348183351e-45
"236",-0.112604388372445,0.00445687794007397,-0.00491132097009588,NA,0.0194235951537948,NA,-0.00144287697135885,0.863024116064065,8.72454604553869e-05,NA,1.60379700620831,9,-4985.27959955105,9988.62792762445,203.193841526165,3.15284699310014e-45
"204",-0.234838433564199,0.00451397395322428,-0.00523727183741693,NA,0.0184509243908897,NA,NA,0.874611454298107,-0.000399022218314236,NA,1.60461616921644,8,-4986.74116869909,9989.53729923025,204.103213131968,2.00094596068276e-45
"72",0.268864708460769,0.00456464411299192,-0.0034177124023959,-0.116503707129992,NA,NA,NA,0.862998529815271,NA,NA,1.61215811772669,7,-4998.27962614918,10010.6019840801,225.167897981837,5.33454229991309e-50
"88",0.274081431633231,0.00456117258307558,-0.00293799901131244,-0.115429459307371,NA,-0.0573422883986497,NA,0.862161598364393,NA,NA,1.61209952290692,8,-4998.06096468384,10012.1768911997,226.742805101452,2.42722718405773e-50
"200",0.330601256705338,0.00461716936153373,-0.00349450284280923,-0.116259185417468,NA,NA,NA,0.860461454678435,-0.00120492822122559,NA,1.61207265316457,8,-4998.1198390998,10012.2946400317,226.860553933378,2.28845087154672e-50
"104",0.303378699260357,0.00455767356856502,-0.00332882926216769,-0.114910978238278,NA,NA,-0.000328933142868845,0.86023226560953,NA,NA,1.61213946699362,8,-4998.20188413265,10012.4587300974,227.024643999086,2.10819067683002e-50
"216",0.342559566663899,0.00461866640788376,-0.00298657058992667,-0.115080883925267,NA,-0.0616592778986422,NA,0.859302302200274,-0.00132608749785069,NA,1.61200190080775,9,-4997.86857749953,10013.8058835214,228.371797423122,1.07492766234595e-50
"120",0.292800591254532,0.00455762548344999,-0.00293535337137268,-0.114649518874391,NA,-0.0517622859605043,-0.000182758076202104,0.860704742131317,NA,NA,1.61209492463987,9,-4998.0390273859,10014.1467832941,228.712697195861,9.06470748526083e-51
"232",0.355354986134062,0.00460762560982564,-0.00341440151551396,-0.114936517086389,NA,NA,-0.000276705084665169,0.858310373951004,-0.00112070871183143,NA,1.61206252129368,9,-4998.06558885486,10014.1999062321,228.765820133784,8.82710504280575e-51
"248",0.351258603406464,0.00461498852093641,-0.0029836879471418,-0.114646793919821,NA,-0.0583558775633172,-0.000104074271184157,0.858554560796911,-0.00128789167642899,NA,1.61200187167365,10,-4997.86162085521,10015.8072753239,230.37318922558,3.95168693635958e-51
"68",0.0496388458150387,0.00458439319470563,-0.00340135454914674,NA,NA,NA,NA,0.873329346604604,NA,NA,1.61525386514078,6,-5003.36234362047,10018.7567238542,233.322637755931,9.04311222703673e-52
"84",0.0585908294484451,0.0045799566393093,-0.00281987010840833,NA,NA,-0.0695456107855478,NA,0.872191802013081,NA,NA,1.61514399925511,7,-5003.04104711114,10020.124826004,234.690739905755,4.5628722888982e-52
"100",0.120021585103892,0.00457082131144804,-0.00323538049097034,NA,NA,NA,-0.000616157351496122,0.867878789922092,NA,NA,1.61513759838373,7,-5003.08716007646,10020.2170519347,234.782965836397,4.35724225894043e-52
"86",-0.00980544976502122,0.00478056678073642,NA,-0.110707259475257,NA,-0.27426702041965,NA,0.870573569413678,NA,NA,1.61540150581647,7,-5003.16003648796,10020.3628047577,234.928718659399,4.05099664619279e-52
"196",0.116010661550148,0.00464040337892053,-0.00348332429451754,NA,NA,NA,NA,0.870598732519709,-0.00128568545506849,NA,1.61515504497253,7,-5003.18110386046,10020.4049395027,234.970853404398,3.966545496272e-52
"212",0.133172802768695,0.00464189414818112,-0.00287282327398443,NA,NA,-0.0741417197524517,NA,0.869074699709174,-0.00142992691523864,NA,1.61502788186689,8,-5002.81813160174,10021.6912250355,236.257138937266,2.08496651963051e-52
"116",0.109315444934036,0.00457072441460753,-0.00281542022848456,NA,NA,-0.0553082609115824,-0.000458991028497699,0.868361083325465,NA,NA,1.61508003943509,8,-5002.90174734833,10021.8584565287,236.424370430437,1.91772013501176e-52
"228",0.171566813591445,0.00462038396060832,-0.00332029356433411,NA,NA,NA,-0.000564341463377263,0.865973097756057,-0.00111185985687905,NA,1.61506106958181,8,-5002.95350175104,10021.9619653341,236.527879235857,1.82099425903314e-52
"214",0.0253841747820903,0.00481406312674336,NA,-0.110474220323614,NA,-0.278594119298674,NA,0.86907484132293,-0.000726519935331466,NA,1.61537467576655,8,-5003.10200243948,10022.258966711,236.824880612743,1.56969598369716e-52
"118",0.0128702248468151,0.00477612860743943,NA,-0.109789785561209,NA,-0.267424414421619,-0.000216558484892062,0.86883325110749,NA,NA,1.61539255636381,8,-5003.12933380375,10022.3136294396,236.87954334128,1.52737503013403e-52
"244",0.16786941456999,0.00462813215122838,-0.00286399147486833,NA,NA,-0.0618909379585344,-0.00038017503782062,0.866207611435198,-0.00128889246770562,NA,1.61498554726732,9,-5002.72470311133,10023.518134745,238.084048646713,8.36355048132858e-53
"246",0.0407277926698879,0.0048075012867013,NA,-0.109748637134225,NA,-0.272648515481535,-0.000176101976866948,0.86779143217233,-0.000662473418318023,NA,1.61536954853747,9,-5003.08214804335,10024.233024609,238.798938510765,5.84997918802761e-53
"82",-0.205963374962123,0.00479030526543795,NA,NA,NA,-0.277572158240085,NA,0.879876995229637,NA,NA,1.61817352891615,6,-5007.73030359675,10027.4926438068,242.058557708498,1.14640218645822e-53
"114",-0.152171501640649,0.0047803163389171,NA,NA,NA,-0.26235799412446,-0.000479441964037475,0.875853379523519,NA,NA,1.61810192804266,7,-5007.57878454855,10029.2003008789,243.766214780584,4.88117056862106e-54
"210",-0.16447543709857,0.00482936391064102,NA,NA,NA,-0.282605510960344,NA,0.878107034324126,-0.000847307647608084,NA,1.61813467137785,7,-5007.65162369379,10029.3459791693,243.911893071052,4.53827015576272e-54
"242",-0.123269839465231,0.00481282595373143,NA,NA,NA,-0.267768196560759,-0.000437423956474155,0.874771703419497,-0.000686239691827161,NA,1.61807618558656,8,-5007.52832478343,10031.1116113989,245.677525300647,1.87710332058892e-54
"238",-0.698967782130014,0.00502349561477564,NA,-0.102175204207748,0.010112167674149,NA,-0.00288724629828213,0.882313397422428,0.00321136737944369,NA,1.6173035465271,9,-5006.94501424667,10031.9587570157,246.524670917399,1.22894612517413e-54
"110",-0.571459436015258,0.00520051782353784,NA,-0.101825858563971,0.00924947638182515,NA,-0.00278481219828909,0.877844780039763,NA,NA,1.61801247745844,8,-5008.09260550147,10032.240172835,246.806086736718,1.06763837568307e-54
"234",-0.852899486346706,0.0050255130842922,NA,NA,0.0103430428726989,NA,-0.00312031454428549,0.888720074182659,0.00317473681565242,NA,1.61963601168243,8,-5010.78956030815,10037.6340824484,252.199996350073,7.19700137058046e-56
"106",-0.726439420512552,0.00520054260214785,NA,NA,0.00948977808131619,NA,-0.00301827793464808,0.884283111096287,NA,NA,1.62032541797309,7,-5011.90768739773,10037.8581065772,252.42402047894,6.43436011921061e-56
"102",-0.309410109032925,0.00511772819719124,NA,-0.105165958776317,NA,NA,-0.0019905065311237,0.876226711659769,NA,NA,1.62122928577447,7,-5012.9223550742,10039.8874419302,254.453355831885,2.33260279161629e-56
"230",-0.370068672190297,0.00500963426369655,NA,-0.105548945224429,NA,NA,-0.00200750148586651,0.878764467760145,0.00187905470523243,NA,1.62099322943778,8,-5012.51605768244,10041.0870771969,255.652991098659,1.28039303407537e-56
"78",-0.935056437871405,0.00536552645293572,NA,-0.114746358334466,0.00609130360547196,NA,NA,0.905645216119292,NA,NA,1.62151415002178,7,-5013.86465055853,10041.7720328988,256.337946800546,9.0909037957399e-57
"206",-1.04901126730927,0.00522720137634192,NA,-0.115412516282274,0.00669647686456015,NA,NA,0.910084339597397,0.00259886936910595,NA,1.62104104791064,8,-5013.11165823521,10042.2782783025,256.844192204198,7.05792874026249e-57
"70",-0.668558540042813,0.00527085894250165,NA,-0.114484670754234,NA,NA,NA,0.898682602520388,NA,NA,1.62311329734272,6,-5016.17926578402,10044.3905681813,258.956482083022,2.45470524151702e-57
"198",-0.727775088093278,0.00517133915354576,NA,-0.11491490811721,NA,NA,NA,0.901217977397421,0.00175115664561077,NA,1.62290382430383,7,-5015.82731931666,10045.6973704151,260.263284316798,1.27711748371454e-57
"98",-0.462144593695397,0.00511556264843055,NA,NA,NA,NA,-0.00221035819935088,0.882830616640066,NA,NA,1.62370563715813,6,-5016.9791032342,10045.9902430817,260.55615698339,1.10314946555346e-57
"226",-0.521052312686151,0.00501138416365861,NA,NA,NA,NA,-0.00222752362727985,0.885297538701375,0.00181061233748733,NA,1.62348910336757,7,-5016.60306500723,10047.2488617962,261.81477569794,5.87934272981043e-58
"74",-1.1460452321429,0.00538126236839085,NA,NA,0.00606146892325702,NA,NA,0.915628941518894,NA,NA,1.6244823399265,6,-5018.73846986786,10049.508976349,264.074890250706,1.89911445011137e-58
"202",-1.25677455206964,0.00524823717256531,NA,NA,0.00664331587744461,NA,NA,0.919953759192347,0.00250051746512503,NA,1.62404654994993,7,-5018.04397318916,10050.1306781601,264.6965920618,1.39171499097784e-58
"66",-0.880127237772528,0.00528704375606862,NA,NA,NA,NA,NA,0.908672090619669,NA,NA,1.62606454114228,5,-5021.0216235951,10052.0661217613,266.632035663028,5.28778839390867e-59
"194",-0.936951073786922,0.00519273205097805,NA,NA,NA,NA,NA,0.911109791378806,0.00166030984858503,NA,1.62587816844305,6,-5020.70643613232,10053.4449088779,268.010822779639,2.65383702618813e-59
"255",0.565613792135832,NA,-0.00720067949810235,-0.122907963734007,0.0378616022541356,-0.511831001403766,-0.00266359282161616,0.846098774861892,0.0192271626498039,NA,1.71712065494913,10,-5166.65494512821,10353.3939238699,567.959837771579,1.953319192979e-124
"223",0.359594940689404,NA,-0.00738333953587247,-0.134590807270617,0.0380006742424834,-0.598411498270362,NA,0.865214195823478,0.0186821400787312,NA,1.71962503849126,9,-5170.73043036986,10359.5295892621,574.095503163771,9.08720668602191e-126
"251",0.363812536669732,NA,-0.00707146694827885,NA,0.0381381014625608,-0.5199933644283,-0.00296969748063945,0.854323721847043,0.0192841747487125,NA,1.72035248594478,9,-5171.57765192212,10361.2240323666,575.789946268302,3.89481434578127e-126
"219",0.109683821822335,NA,-0.00726287050318726,NA,0.038325509744831,-0.61853217305901,NA,0.876759516072068,0.0186756049757892,NA,1.72351795747598,8,-5176.6788305793,10369.4126229907,583.978536892389,6.49167695134274e-128
"239",0.768457390358319,NA,-0.0102264378667022,-0.12679868921254,0.0281223835170411,NA,-0.00373571082638965,0.845036288002277,0.0200985666457401,NA,1.72356393894649,9,-5176.37449055287,10370.8177096281,585.383623529804,3.21548296457172e-128
"235",0.563150772874125,NA,-0.010141991566886,NA,0.0282440381175899,NA,-0.00407024542134854,0.853520922695661,0.0201706753906601,NA,1.72701296801975,8,-5181.57652659447,10379.208015021,593.773928922727,4.84523165881213e-130
"207",0.514475144507614,NA,-0.0112756489455888,-0.145390694685387,0.0258558036194598,NA,NA,0.873390642189285,0.0194998186857048,NA,1.72887061564641,8,-5184.88465343793,10385.8242687079,600.390182609635,1.77261048037515e-131
"203",0.248984543970579,NA,-0.0112863223712299,NA,0.0257612434043755,NA,NA,0.886214016156606,0.0195210212669052,NA,1.73342002476957,7,-5191.76793363603,10397.5785990538,612.144512955534,4.96812951316189e-134
"253",-0.259489454518294,NA,NA,-0.110486180156793,0.0429528038507754,-1.1249072552204,-0.00310771820486197,0.868768423587869,0.0229336474945637,NA,1.73470160270105,9,-5193.98700836291,10406.0427452482,620.608659149875,7.21484351094538e-136
"249",-0.428195477526144,NA,NA,NA,0.043129914180838,-1.12249803228621,-0.00337549614713686,0.875805416353227,0.0229259735561722,NA,1.73727465496219,8,-5197.8931507014,10411.8412632349,626.407177136576,3.97278198918418e-137
"221",-0.52703921304131,NA,NA,-0.123791900857043,0.0432705280615968,-1.24476873906049,NA,0.891882568427234,0.0223967962133015,NA,1.73815683329803,8,-5199.4457778422,10414.9465175165,629.512431418179,8.41002590651568e-138
"217",-0.744196960785397,NA,NA,NA,0.0435010666338322,-1.25372179855331,NA,0.90210729432965,0.0223354489540037,NA,1.74140296211663,7,-5204.37919840178,10422.8011285853,637.367042487045,1.65649531248479e-139
"231",1.21873486788215,NA,-0.00816125260668772,-0.130243207567965,NA,NA,-0.00258969959113959,0.848881634944383,0.0193731105541166,NA,1.74551004665218,8,-5208.68357470823,10433.4221112485,647.988025150249,8.18225725312842e-142
"247",1.2245817490544,NA,-0.00859143178746457,-0.130559670963478,NA,0.058770689656712,-0.00275626508654591,0.848586078072996,0.0195064158468333,NA,1.74533230725934,9,-5208.50888747619,10435.0865034747,649.65241737643,3.56004059280685e-142
"127",1.82817922362342,NA,-0.00936519903421005,-0.126150073552514,0.038320627119736,-0.613234554395428,-0.00186370753619468,0.804380119422419,NA,NA,1.74581684226271,9,-5209.30455613615,10436.6778407946,651.243754696348,1.60657291705886e-142
"95",1.65653866995947,NA,-0.00945036520893875,-0.134318639209603,0.038414711740492,-0.672343734691335,NA,0.818727912777504,NA,NA,1.74697431347118,8,-5211.25388402049,10438.562729873,653.128643774764,6.26039849916729e-143
"199",1.01378094452126,NA,-0.00902615874253743,-0.143253639859041,NA,NA,NA,0.86874758152604,0.0189922094065016,NA,1.74792261230852,7,-5212.77286107905,10439.5884539399,654.154367841586,3.74859764118045e-143
"215",1.01703352593043,NA,-0.00880058707018338,-0.142716867006228,NA,-0.0272684739349203,NA,0.868294727661437,0.0189421183976457,NA,1.74793165438328,8,-5212.73178543477,10441.5185327016,656.084446603318,1.42809648308852e-143
"227",1.01000703476476,NA,-0.00806531527628675,NA,NA,NA,-0.00292875158269959,0.857615589050286,0.0194433699390584,NA,1.74911878893538,7,-5214.03559010355,10442.1139119889,656.679825890578,1.0604069856837e-143
"243",1.01479404411615,NA,-0.00846245230079897,NA,NA,0.054313133148991,-0.00308361850878678,0.857365016146084,0.0195668388732356,NA,1.74896395629089,8,-5213.88686368918,10443.8286892104,658.39460311215,4.49897352589978e-144
"123",1.62587399050779,NA,-0.00924163562829215,NA,0.0385998651081598,-0.621673418697635,-0.00217491694226064,0.812676930213087,NA,NA,1.74916553789246,8,-5214.32232062924,10444.6996030905,659.265516992253,2.91069628381104e-144
"91",1.40760408407093,NA,-0.00933189795407298,NA,0.038733212307891,-0.69212555807118,NA,0.830246008634864,NA,NA,1.75078649460202,7,-5216.99537841487,10448.0334886115,662.599402513226,5.49607751028813e-145
"195",0.750662290181716,NA,-0.00904500391451729,NA,NA,NA,NA,0.881395604744457,0.0190147771219673,NA,1.75229237365812,6,-5219.31204842321,10450.6561334597,665.222047361416,1.48099214846411e-145
"211",0.757544301484851,NA,-0.00868485031322553,NA,NA,-0.0435349916451348,NA,0.880593722133279,0.0189346649611216,NA,1.75227957202592,7,-5219.20755948402,10452.4578507498,667.023764651529,6.0160968286123e-146
"111",2.13791204385127,NA,-0.0131419928587171,-0.130959638172603,0.026635594398677,NA,-0.0031205067698288,0.800820158611394,NA,NA,1.7549504040377,8,-5223.03736065954,10462.1296831511,676.695597052856,4.7764264725393e-148
"107",1.93137996785447,NA,-0.0130658440131477,NA,0.0267542396759071,NA,-0.00346346692115386,0.809412555474187,NA,NA,1.75857025104949,7,-5228.3904998827,10470.8237315472,685.389645448873,6.18321680715437e-150
"79",1.88982976828107,NA,-0.0139505894834613,-0.146447729824796,0.02477978074474,NA,NA,0.82573158696598,NA,NA,1.75850628171364,7,-5228.79909421615,10471.6409202141,686.206834115774,4.10926558004055e-150
"75",1.6242711664553,NA,-0.013964495050155,NA,0.02468307956237,NA,NA,0.838587854672178,NA,NA,1.76304508059681,6,-5235.5501999084,10483.1324364301,697.698350331795,1.31344886563549e-152
"245",0.333937534161948,NA,NA,-0.116781626575463,NA,-0.595965879057051,-0.00335454449825988,0.87682418238363,0.0240564751933331,NA,1.77187232720429,8,-5247.23193828719,10510.5188384064,725.084752308163,1.48433367716379e-158
"103",2.51729840636977,NA,-0.0110802264787882,-0.134067474610638,NA,NA,-0.00205501441950081,0.805975158680412,NA,NA,1.77436466014937,7,-5251.14849689173,10516.3397255652,730.905639466933,8.08243004866202e-160
"241",0.159374880004161,NA,NA,NA,NA,-0.591145922804701,-0.00363807686950474,0.884278950157877,0.0240555694423498,NA,1.77470292149679,7,-5251.41641735592,10516.8755664936,731.441480395317,6.1828053693078e-160
"119",2.50643694003634,NA,-0.0107579448374989,-0.133820197474413,NA,-0.0419804160095854,-0.00193977082954917,0.806409674373627,NA,NA,1.77436783390037,8,-5251.06136481453,10518.1776914611,732.74360536285,3.2242798660222e-160
"71",2.33338839085208,NA,-0.0117238113742118,-0.144363631334249,NA,NA,NA,0.822481459978405,NA,NA,1.77577962302703,6,-5253.65158544198,10519.3352074972,733.901121398952,1.80751253479139e-160
"87",2.33173245882792,NA,-0.0108643418826398,-0.142379928780172,NA,-0.100646058279453,NA,0.821306543262502,NA,NA,1.77558931245221,7,-5253.10665975,10520.2560512818,734.821965183475,1.14057180232442e-160
"213",0.0485299863723009,NA,NA,-0.131161797266109,NA,-0.721000000541904,NA,0.901834091054836,0.0234927766547483,NA,1.77571259286588,7,-5253.32682745517,10520.6963866921,735.262300593828,9.15176819031188e-161
"99",2.30772939802622,NA,-0.0109927257646478,NA,NA,NA,-0.00240179161108217,0.81479655438299,NA,NA,1.77813120004444,6,-5256.63727207415,10525.3065807616,739.872494663296,9.12880833078786e-162
"115",2.29619616870049,NA,-0.0106331067136388,NA,NA,-0.0468943913018757,-0.00227216611425857,0.815260712492696,NA,NA,1.77812618125192,7,-5256.52886412295,10527.1004600277,741.666373929382,3.72287243652149e-162
"209",-0.177290969605679,NA,NA,NA,NA,-0.727523691108927,NA,0.912703761926055,0.0234365467056551,NA,1.77928971724873,6,-5258.63531416991,10529.3026649531,743.868578854805,1.23787112311415e-162
"125",1.03221734961522,NA,NA,-0.109927720961966,0.0455237053268827,-1.48764191519462,-0.0022507519585148,0.824329958574054,NA,NA,1.77688801290445,8,-5256.72800329573,10529.5109684235,744.076882325242,1.11543150801261e-162
"67",2.07022902700822,NA,-0.0117463280615744,NA,NA,NA,NA,0.835162080085724,NA,NA,1.78014810717842,5,-5260.08652091074,10530.1959163926,744.76183029429,7.9196929902503e-163
"83",2.07294268672851,NA,-0.0107490012172302,NA,NA,-0.116788437337166,NA,0.833584634864226,NA,NA,1.77985448565195,6,-5259.3539064587,10530.7398495307,745.305763432394,6.03385356521863e-163
"93",0.813842233431147,NA,NA,-0.119630180985591,0.0457082675022433,-1.56874263315491,NA,0.841983527453345,NA,NA,1.77865028145768,7,-5259.47975810123,10533.0022479842,747.568161885943,1.94679931163864e-163
"121",0.863839388458458,NA,NA,NA,0.045704751334675,-1.48522120341642,-0.00251703720514873,0.831342812159416,NA,NA,1.77936176495053,7,-5260.41368138175,10534.8700945453,749.436008446979,7.65109257473422e-164
"89",0.600280180283561,NA,NA,NA,0.0459299093424836,-1.57661216934518,NA,0.851994081490108,NA,NA,1.78159977303,6,-5263.88092110176,10539.7938788168,754.35979271852,6.52435054610363e-165
"237",-0.866228840622661,NA,NA,-0.105006987548377,0.00886561727638805,NA,-0.00868324544793763,0.906173485170488,0.0334849137963971,NA,1.79595556315623,8,-5282.69446906262,10581.4438999573,796.009813859017,5.89318549059385e-174
"233",-1.02412653913948,NA,NA,NA,0.00909882486231723,NA,-0.00892521640409783,0.912764299990426,0.0334590965770217,NA,1.79819479155197,7,-5285.9883163537,10586.0193644892,800.585278390883,5.98136922323523e-175
"229",-0.578865972933215,NA,NA,-0.107913683071515,NA,NA,-0.00790335589882644,0.903072019700792,0.032221194072822,NA,1.79859754172599,7,-5286.16055952941,10586.3638508406,800.929764742299,5.03496378323051e-175
"225",-0.733205827949785,NA,NA,NA,NA,NA,-0.00813108429649071,0.909762404541714,0.0321608832313322,NA,1.80097210661158,6,-5289.63157924475,10591.2951951028,805.861109004485,4.27728856095209e-176
"117",1.75248183414481,NA,NA,-0.116916190650389,NA,-0.944217393013745,-0.00246988937623157,0.830246360290739,NA,NA,1.81797230043607,7,-5313.5495951222,10641.1419220262,855.707835927873,6.41341478134904e-187
"85",1.51039103851054,NA,NA,-0.127515510131858,NA,-1.03064005573597,NA,0.849747540020522,NA,NA,1.81994437390452,6,-5316.71855414148,10645.4691448962,860.03505879795,7.36961535527497e-188
"113",1.57860799498149,NA,NA,NA,NA,-0.939519231987923,-0.00275163332905069,0.837682294984027,NA,NA,1.82071442125143,6,-5317.53478299477,10647.1016026028,861.667516504525,3.25807542608628e-188
"81",1.28811687773834,NA,NA,NA,NA,-1.03631176591754,NA,0.860404749275852,NA,NA,1.82321717909522,5,-5321.49675509962,10653.0163847703,867.582298672052,1.69270978885978e-189
"197",-2.15082937915945,NA,NA,-0.149099195142075,NA,NA,NA,1.00363230663178,0.0359870458538055,NA,1.82914867107879,6,-5331.39375065902,10674.8195379313,889.385451833024,3.11952128160493e-194
"205",-2.02749655635721,NA,NA,-0.148768117055307,-0.00247144421198248,NA,NA,0.999988176056962,0.0355324204810344,NA,1.82901375698608,7,-5331.0992981408,10676.2413280634,890.807241965091,1.53232239324307e-194
"193",-2.43053997205575,NA,NA,NA,NA,NA,NA,1.01705262354713,0.0360515058096893,NA,1.83364064448832,5,-5337.86359401223,10685.7500625956,900.315976497273,1.3199414882462e-196
"201",-2.30037470030272,NA,NA,NA,-0.00259396285691766,NA,NA,1.01319539400688,0.0355743126127176,NA,1.83348942105483,6,-5337.54081280034,10687.1136622139,901.679576115666,6.6750232827132e-197
"109",1.07695720856176,NA,NA,-0.101944010778759,-0.00558870821173313,NA,-0.0102724121687564,0.849179447936512,NA,NA,1.89782524069386,7,-5425.3995430315,10864.8418178448,1079.40773174649,1.70323334232704e-235
"101",0.929474079285444,NA,NA,-0.0998533998072601,NA,NA,-0.010836496662306,0.849903070374558,NA,NA,1.89858251744709,6,-5426.7240836528,10865.4802039189,1080.0461178206,1.23779970702822e-235
"105",0.922072400994752,NA,NA,NA,-0.00535061477282244,NA,-0.0105047007065366,0.855608517403313,NA,NA,1.89976697286574,6,-5428.18056663,10868.3931698733,1082.95908377499,2.88474783164416e-236
"97",0.783307805234266,NA,NA,NA,NA,NA,-0.0110407927510827,0.856184591851395,NA,NA,1.90044850981139,5,-5429.3922688802,10868.8074123315,1083.37332623321,2.34507236411878e-236
"77",-0.211687337847707,NA,NA,-0.153812114631451,-0.0200953959913803,NA,NA,0.958472290927431,NA,NA,1.94236561905889,6,-5486.69077046634,10985.413577546,1199.97949144767,1.12059632644887e-261
"73",-0.490086872082586,NA,NA,NA,-0.0202456318004532,NA,NA,0.972016249686618,NA,NA,1.94681979632754,5,-5492.79837453211,10995.6196236353,1210.18553753705,6.81136957474173e-264
"69",-1.1121357548315,NA,NA,-0.157272243434137,NA,NA,NA,0.98648002564238,NA,NA,1.95596262752313,5,-5505.70101916147,11021.424912894,1235.99082679575,1.69702046866259e-269
"65",-1.4050857414738,NA,NA,NA,NA,NA,NA,1.0005694529855,NA,NA,1.960574155633,4,-5511.99759407598,11032.0104320544,1246.57634595612,8.53239202064952e-272
"304",10.9081354738463,0.000230053987736306,-0.015400248019814,-0.292064588853349,0.0613497981031445,NA,-0.0136989978934792,NA,NA,0.000103897015929354,2.03980294988637,9,-5618.49238083533,11255.053490193,1469.61940409472,3.1467040983629e-320
"432",11.0034994718094,0.000448152724027177,-0.0153883676257441,-0.291746242931082,0.0599238114055911,NA,-0.0135148656576909,NA,-0.00274183052844409,0.000101041800161296,2.03955202240808,10,-5618.0505033752,11256.1850403638,1470.75095426556,1.78703544100779e-320
"320",10.9288536796723,0.000210894740593061,-0.0158990682244255,-0.292328391943635,0.0602024939442365,0.0756758335756132,-0.0138371559874213,NA,NA,0.000104790268092846,2.03968864427888,10,-5618.34627410488,11256.7765818232,1471.34249572493,1.32953065295879e-320
"448",11.0107260843919,0.000418306228739547,-0.0157375634815407,-0.291953551516849,0.0592313740643826,0.0528298647066464,-0.0136251867711361,NA,-0.00253502338956495,0.000101881521762635,2.03948919980664,11,-5617.98171833629,11258.0643155415,1472.63022944323,6.98608823219523e-321
"300",10.6840628219643,0.000185084690795581,-0.0153767582131046,NA,0.0623308198183544,NA,-0.0147527987493337,NA,NA,0.000105678841811487,2.0553176877312,8,-5638.37244109021,11292.7998440125,1507.36575791419,0
"428",10.7847504405582,0.000414410256070406,-0.0153644135779614,NA,0.0608296205614211,NA,-0.0145578359100241,NA,-0.00288184604366849,0.000102672983017982,2.05503932496543,9,-5637.89159295934,11293.851914441,1508.41782834273,0
"316",10.7019733961396,0.000168253890957686,-0.015813580610469,NA,0.0613262966799454,0.0662992796526708,-0.0148749534666392,NA,NA,0.000106463447660879,2.05523435644464,9,-5638.26192451887,11294.5925775601,1509.1584914618,0
"444",10.7903025259687,0.000390744441817949,-0.0156410009775445,NA,0.0602813595519957,0.0418648206593261,-0.0146460331261038,NA,-0.00271824407243329,0.000103339784902159,2.05500091432451,10,-5637.84901150323,11295.7820566199,1510.34797052162,0
"440",12.3216291767683,0.00215773606782759,-0.0143440403737205,-0.307715180838101,NA,0.59826333385291,-0.013105887802782,NA,-0.00926753045572434,6.34925801444886e-05,2.08540099773637,10,-5676.84273991813,11373.7695134497,1588.33542735143,0
"312",12.0937464780821,0.0014719539665291,-0.0148941686048928,-0.310191261122251,NA,0.721726446746354,-0.0138878151206924,NA,NA,7.22468272733282e-05,2.08900627365592,9,-5681.71149626771,11381.4917210578,1596.05763495948,0
"424",12.4061389084072,0.00280444281484727,-0.0095972953696439,-0.307187948042206,NA,NA,-0.0116680907967255,NA,-0.0129868114543136,4.70380766790312e-05,2.09370070258203,9,-5686.23552779991,11390.5397841222,1605.10569802387,0
"192",12.2302266865522,0.0042010082824483,-0.00811451341757164,-0.307940011260955,0.0308607390532517,-0.430940629129019,-0.0124232844541728,NA,-0.0176776642282806,NA,2.0980507608423,10,-5692.27386928533,11404.6317721841,1619.19768608582,0
"296",12.0872138026928,0.0019618939089972,-0.00894617374416527,-0.310821301061276,NA,NA,-0.0123979247475053,NA,NA,5.52029118072801e-05,2.10162847369791,8,-5696.55451856685,11409.1639989658,1623.72991286749,0
"176",12.3908839019301,0.00420862036834121,-0.010664116429763,-0.31104068700919,0.0227340837997286,NA,-0.0132847044648107,NA,-0.0169125038134884,NA,2.10137056597065,9,-5696.91601172525,11411.9007519728,1626.46666587456,0
"436",12.1107673941296,0.00216266117900985,-0.014198340227296,NA,NA,0.595377376385064,-0.0141769284599966,NA,-0.00959711917048161,6.42945395588476e-05,2.10234147283193,9,-5697.95833246264,11413.9853934476,1628.55130734933,0
"416",11.4601378754663,0.00126125511388338,-0.0162355631874675,-0.381455683335977,0.0563425705982685,-0.455692753616532,NA,NA,-0.0113956444143577,9.2232593179084e-05,2.10108538409727,10,-5697.47340157904,11415.0308367715,1629.59675067324,0
"308",11.8725181054834,0.00145232895626826,-0.0147668085784119,NA,NA,0.723305790944592,-0.014996456224806,NA,NA,7.33757116251057e-05,2.10618484242718,8,-5703.09749875854,11422.2499593491,1636.81587325087,0
"400",11.5720396248147,0.0010498621040875,-0.0195397664670434,-0.390154140995807,0.0495625820298981,NA,NA,NA,-0.0101472131613309,9.91971413114088e-05,2.10493529363225,9,-5702.62262794592,11423.3139844142,1637.87989831589,0
"288",11.1071712911267,0.000337399750824826,-0.0170359017553962,-0.389883310369617,0.0607371894816285,-0.385495104192852,NA,NA,NA,0.000105296496621507,2.10652191293581,9,-5704.78747472358,11427.6436779695,1642.20959187122,0
"420",12.1968030104193,0.00280645952695772,-0.00947680614377067,NA,NA,NA,-0.012743279825115,NA,-0.0133007518961718,4.78994237038399e-05,2.1105157863341,8,-5707.11717448951,11430.2893108111,1644.8552247128,0
"272",11.237176838287,0.000242821573200905,-0.0198024701726168,-0.396592265857483,0.0544737541469086,NA,NA,NA,NA,0.000110049364747701,2.10935920835141,8,-5708.5095222941,11433.0740064203,1647.63992032198,0
"168",12.7672384849691,0.00440545155530251,-0.0088129967886812,-0.31395678117332,NA,NA,-0.0122991888611714,NA,-0.0184254241254322,NA,2.11300376624329,8,-5711.03843547742,11438.1318327869,1652.69774668862,0
"184",12.7696922641182,0.00440086616916026,-0.00904196298298383,-0.314109989668416,NA,0.0305560569607741,-0.0123835551959511,NA,-0.0183317688174476,NA,2.11292508969053,9,-5711.0066997475,11440.0821280173,1654.64804191906,0
"64",11.8475478970689,0.00336134718173692,-0.00768429359834352,-0.315115326853507,0.0322041289794922,-0.352479225215451,-0.013901818881204,NA,NA,NA,2.11329334711007,9,-5712.27710189272,11442.6229323078,1657.1888462095,0
"188",12.0141830292238,0.0042301790881478,-0.00788896299351556,NA,0.0315321456453106,-0.450310148792535,-0.0134870854886317,NA,-0.0181135194918241,NA,2.11491373378401,9,-5713.16554230079,11444.3998131239,1658.96572702563,0
"48",11.9940280634654,0.00339753805821318,-0.0097977258013498,-0.317432052985278,0.0254234423002128,NA,-0.0145627432128181,NA,NA,NA,2.11556961964776,8,-5715.3455285602,11446.7460189525,1661.31193285418,0
"190",11.6523213228563,0.00470482892786248,NA,-0.299215229409915,0.0347469501020884,-1.07345096282461,-0.0130195403858595,NA,-0.0165438326789285,NA,2.11661401379928,9,-5714.6163113032,11447.3013511287,1661.86726503046,0
"292",11.8669100233277,0.00194342208392987,-0.00880727816665612,NA,NA,NA,-0.0135047782909635,NA,NA,5.6281498505577e-05,2.11877441407864,7,-5717.77433570602,11449.5914031938,1664.15731709553,0
"172",12.1782102335455,0.0042387393315352,-0.0105494369989254,NA,0.0230493622477123,NA,-0.0144019949243205,NA,-0.0173178323826681,NA,2.11855466418747,8,-5718.16799790708,11452.3909576462,1666.95687154793,0
"412",11.2073438688896,0.00130906675470697,-0.01614769155227,NA,0.0574814947183499,-0.52230919050185,NA,NA,-0.0125363824755407,9.32392565677872e-05,2.12726093988956,9,-5730.02012194662,11478.1089724156,1692.67488631729,0
"164",12.5574961822266,0.00443847687538259,-0.00867051850765222,NA,NA,NA,-0.0134146948248338,NA,-0.0188544695497879,NA,2.13043405023599,7,-5732.45453930855,11478.9518103989,1693.51772430058,0
"40",12.3790627509071,0.00353883456622214,-0.00761627761583595,-0.321377608748869,NA,NA,-0.0135800052183844,NA,NA,NA,2.13007956315201,7,-5732.90288660318,11479.8485049881,1694.41441888984,0
"62",11.3099846443398,0.00388948847203259,NA,-0.306237553509672,0.0359833149844208,-0.970295796243639,-0.0143824680614976,NA,NA,NA,2.12983231691889,8,-5731.94273127914,11479.9404243903,1694.50633829206,0
"56",12.3978920885343,0.00353785421134353,-0.008653599727484,-0.321884430004403,NA,0.135068312679544,-0.0139277679934953,NA,NA,NA,2.12940272476146,8,-5732.28030253378,11480.6155668996,1695.18148080134,0
"180",12.5589823709874,0.00443550627294387,-0.00881989043707056,NA,NA,0.01995055960908,-0.0134701513718858,NA,-0.0187933696511906,NA,2.1303881781042,8,-5732.44121760411,11480.9373970403,1695.50331094201,0
"60",11.6152535053928,0.00337039950535264,-0.00743865578179978,NA,0.0329381608977115,-0.370699360529267,-0.0150290843914011,NA,NA,NA,2.13080686439087,8,-5733.84388506325,11483.7427319586,1698.30864586028,0
"186",11.4602349495267,0.00471913517035393,NA,NA,0.035287604969271,-1.07482276494835,-0.0140337218024638,NA,-0.0169814226772428,NA,2.13232650547805,8,-5734.02667340668,11484.1083086454,1698.67422254714,0
"44",11.7666328640763,0.00340872185095856,-0.00965864968576603,NA,0.0258122095567925,NA,-0.0157351672827143,NA,NA,NA,2.13333366326767,7,-5737.18848543386,11488.4197026495,1702.9856165512,0
"396",11.3288910227842,0.00106729359093799,-0.019944794539901,NA,0.049713604825464,NA,NA,NA,-0.0111330608831721,0.000101281098432625,2.132333103388,8,-5736.64063029189,11489.3362224158,1703.90213631757,0
"182",12.1765756422579,0.00499757786367103,NA,-0.304946494780388,NA,-0.630804703338243,-0.0131076693181219,NA,-0.0172951081023414,NA,2.13669135913908,8,-5738.19461403116,11492.4441898944,1707.01010379609,0
"284",10.811311543472,0.000291513795360544,-0.0170258974561716,NA,0.062363372132373,-0.446818206703056,NA,NA,NA,0.000107673937007416,2.13381251433198,8,-5738.6699215636,11493.3948049593,1707.96071886099,0
"268",10.956206905312,0.000180646720894923,-0.0202407523505896,NA,0.0551145737257619,NA,NA,NA,NA,0.000113249409046817,2.13762651006455,7,-5743.55451441929,11501.1517606204,1715.71767452207,0
"392",12.7110669583402,0.00297654905122921,-0.0141695790148326,-0.391762793447625,NA,NA,NA,NA,-0.0179522839789101,5.35396927241712e-05,2.14161571484035,8,-5747.78087929922,11511.6167204305,1726.18263433222,0
"408",12.7042144898962,0.00288366491262905,-0.0149602667991967,-0.39341050435626,NA,0.0890287152527192,NA,NA,-0.0174957336291339,5.61053872372175e-05,2.14132071616025,9,-5747.56196084271,11513.1926502078,1727.75856410948,0
"58",11.1027271820047,0.00388208827748832,NA,NA,0.0365715324629929,-0.968789902378493,-0.015460498815666,NA,NA,NA,2.14619614410968,7,-5752.0285732307,11518.0998782432,1732.66579214487,0
"36",12.1542897373725,0.00355239507240494,-0.00744050239304606,NA,NA,NA,-0.0147537910779178,NA,NA,NA,2.14818755910291,6,-5754.99018184648,11522.0124003062,1736.57831420796,0
"52",12.1714771446211,0.00355153755931647,-0.00841566796710089,NA,NA,0.12704583864601,-0.015082708735767,NA,NA,NA,2.14758166777206,7,-5754.44813586379,11522.9390035094,1737.50491741107,0
"54",11.8399654613277,0.00416128361004632,NA,-0.31251232116504,NA,-0.504639123455568,-0.0145347944998245,NA,NA,NA,2.15096779960212,7,-5756.82407684367,11527.6908854691,1742.25679937082,0
"160",12.5488088635008,0.00464152666209672,-0.0092801652668943,-0.388963755197679,0.0306531422945547,-0.852456236328211,NA,NA,-0.0244598462052244,NA,2.14807528893922,9,-5755.5763637045,11529.2214559313,1743.78736983305,0
"178",11.9900550193997,0.00501627026311373,NA,NA,NA,-0.625309231155899,-0.0141433546167533,NA,-0.0177513925969135,NA,2.15290207636054,7,-5757.9842283179,11530.0111884176,1744.57710231928,0
"280",12.2980581890783,0.0016033587031142,-0.0161150751523412,-0.408519443553018,NA,0.272520918306615,NA,NA,NA,7.25945977995427e-05,2.15484272392824,8,-5764.83424995098,11545.723461734,1760.28937563575,0
"264",12.2870122198794,0.0017961610617128,-0.0136552166705503,-0.404444685356305,NA,NA,NA,NA,NA,6.56728855721162e-05,2.15686125127587,7,-5766.97570021086,11547.9941322035,1762.56004610519,0
"166",11.5766608277108,0.0054741385389543,NA,-0.301034949482461,NA,NA,-0.0178124805318718,NA,-0.0117816680133143,NA,2.1604857187503,7,-5767.38431124809,11548.8113542779,1763.37726817967,0
"174",11.5055367088514,0.00547781647854095,NA,-0.300395686676777,0.00260877258488199,NA,-0.0180566153689231,NA,-0.0114492538775202,NA,2.16029368131737,8,-5767.17383902237,11550.4026398768,1764.96855377852,0
"152",13.0893789895532,0.00483948317854736,-0.010234316924953,-0.394933250670161,NA,-0.389275553547435,NA,NA,-0.0251151033124204,NA,2.16233013408972,8,-5773.06761107437,11562.1901839808,1776.75609788252,0
"144",12.9495114388996,0.00472347208588747,-0.0148633094932099,-0.407493137423829,0.0132304158941894,NA,NA,NA,-0.0238883411155321,NA,2.16216842208315,8,-5773.82514113894,11563.7052441099,1778.27115801166,0
"38",11.4148038987767,0.00479583933093198,NA,-0.307076784511818,NA,NA,-0.018179249883597,NA,NA,NA,2.16750249926829,6,-5776.50412296381,11565.0402825409,1779.6061964426,0
"46",11.2706977936212,0.00484493610677684,NA,-0.305321707412984,0.00562699931620907,NA,-0.0186838558973045,NA,NA,NA,2.16666164017432,7,-5775.49954796325,11565.0418277083,1779.60774160999,0
"50",11.6374406022329,0.00415805705690919,NA,NA,NA,-0.4953445029767,-0.0156394247085943,NA,NA,NA,2.16788775840175,6,-5777.33729937425,11566.7066353618,1781.27254926348,0
"136",13.1535908391801,0.00481845770697791,-0.0135675239309853,-0.404916841633358,NA,NA,NA,NA,-0.0244840785008069,NA,2.16617301971481,7,-5778.49682834624,11571.0363884742,1785.60230237596,0
"388",12.4703979023427,0.00300001017984265,-0.0145598841526411,NA,NA,NA,NA,NA,-0.0189673483160738,5.54923487070651e-05,2.16878078824406,7,-5780.9270850546,11575.896901891,1790.46281579268,0
"404",12.4676305625029,0.00296787158574764,-0.0148342349371004,NA,NA,0.030831800138337,NA,NA,-0.0188107032514597,5.63842913563752e-05,2.16871956335025,8,-5780.90140373709,11577.8577693062,1792.42368320795,0
"158",11.8820870840536,0.00524300634324882,NA,-0.383133540986902,0.0354423952551903,-1.62104532887913,NA,NA,-0.0235598594603892,NA,2.1714763972209,8,-5783.27351152622,11582.6019848845,1797.16789878623,0
"162",11.3978423270459,0.00548825423376533,NA,NA,NA,NA,-0.0187930933883938,NA,-0.0122729150656462,NA,2.17609436911468,6,-5786.25604888965,11584.5441343926,1799.1100482943,0
"170",11.3136484037188,0.00549262721253442,NA,NA,0.00310581696221762,NA,-0.0190810474831316,NA,-0.0118757573088787,NA,2.17582453569071,7,-5785.9618493863,11585.9664305544,1800.53234445607,0
"156",12.3023327993405,0.00472853396121321,-0.00910987507353009,NA,0.0315252588880495,-0.925064297017591,NA,NA,-0.0257767103640524,NA,2.17474771939515,8,-5787.9611055626,11591.9771729573,1806.54308685897,0
"42",11.0654335956055,0.00483591774926727,NA,NA,0.00625162019129489,NA,-0.0197515905696145,NA,NA,NA,2.18266606316856,6,-5794.80123406877,11601.6345047508,1816.20041865253,0
"34",11.2241574518115,0.00478120739363843,NA,NA,NA,NA,-0.0191980093711838,NA,NA,NA,2.18370407092218,5,-5796.02392126119,11602.0707170935,1816.6366309952,0
"32",12.0494497141492,0.00349778029854816,-0.00883791820549596,-0.413391894309201,0.0325714655514703,-0.814173621717055,NA,NA,NA,NA,2.17826450414416,8,-5793.58165062209,11603.2182630762,1817.78417697795,0
"63",12.8208005148801,NA,-0.0130591825512735,-0.318491231309934,0.0396514429528016,-0.462278906859606,-0.0144882137079173,NA,NA,NA,2.18210051497868,8,-5797.3809680322,11610.8168978965,1825.38281179819,0
"191",12.7676905849657,NA,-0.0129078133304631,-0.319031033859361,0.0396096403076183,-0.453425246406144,-0.0146011050285669,NA,0.00150051070591271,NA,2.18191308083359,9,-5797.20964747649,11612.4880234753,1827.05393737703,0
"276",12.0195411136738,0.00159085923640238,-0.0160734374423933,NA,NA,0.226234176440139,NA,NA,NA,7.41794135031037e-05,2.18422458563947,7,-5800.40555425068,11614.8538402831,1829.41975418485,0
"260",12.0129188907406,0.00175132652069757,-0.0140284889080945,NA,NA,NA,NA,NA,NA,6.84072194049682e-05,2.18563421995175,6,-5801.84529993938,11615.722636492,1830.28855039376,0
"47",13.029827717133,NA,-0.0159173183466687,-0.321627984057435,0.0308053935645061,NA,-0.0153630601329063,NA,NA,NA,2.18596050981683,7,-5802.31232896395,11618.6673897097,1833.23330361138,0
"175",12.9419626323805,NA,-0.015599929362123,-0.322365868510111,0.0309990186752873,NA,-0.0155112981115636,NA,0.00230768522255636,NA,2.1855687005046,8,-5801.90399152038,11619.8629448728,1834.42885877455,0
"148",12.8534509139162,0.00493405199433416,-0.0100831188794931,NA,NA,-0.450173957812291,NA,NA,-0.0264765961911687,NA,2.18968879988847,7,-5806.02135288833,11626.0854375584,1840.65135146013,0
"150",12.4242357345515,0.00555142793760823,NA,-0.389520392107722,NA,-1.17094437214912,NA,NA,-0.0243519816192277,NA,2.19147013017373,7,-5806.46440098588,11626.9715337535,1841.53744765524,0
"140",12.7248384598424,0.00482286780577113,-0.015182724446049,NA,0.0125859468263047,NA,NA,NA,-0.025225860287154,NA,2.19131191523239,7,-5809.01177238226,11632.0662765463,1846.63219044801,0
"16",12.4433863832983,0.00360196217606092,-0.0141794195450513,-0.430645616918476,0.0158083791443065,NA,NA,NA,NA,NA,2.19113169831927,7,-5809.73267090074,11633.5080735833,1848.07398748497,0
"132",12.9204617011214,0.00491261962998684,-0.0139478419614917,NA,NA,NA,NA,NA,-0.0257844271982789,NA,2.19489748808838,6,-5813.12997980886,11638.291996231,1852.85791013272,0
"24",12.6126418885229,0.00367596926355972,-0.00986057960490522,-0.42053821047347,NA,-0.318074254844772,NA,NA,NA,NA,2.19415011467221,7,-5812.70118023751,11639.4450922568,1854.01100615849,0
"154",11.652437546296,0.00531718715443122,NA,NA,0.0362218875451987,-1.67871213973813,NA,NA,-0.024859889650621,NA,2.19700750074597,7,-5814.05032883784,11642.1433894574,1856.70930335915,0
"8",12.6734418267194,0.0036826954666612,-0.0126030475707517,-0.428249737396089,NA,NA,NA,NA,NA,NA,2.19673949563095,6,-5816.24686866591,11644.5257739451,1859.09168784681,0
"30",11.4201846543282,0.00410946255108427,NA,-0.406826888005249,0.0372576883864293,-1.55176705227994,NA,NA,NA,NA,2.19913587338286,7,-5817.91313056598,11649.8689929137,1864.43490681545,0
"59",12.5876403526291,NA,-0.0128224596990431,NA,0.040425526951686,-0.481378506598652,-0.01562956871066,NA,NA,NA,2.1994330894461,7,-5818.05075849618,11650.1442487741,1864.71016267585,0
"187",12.545280919099,NA,-0.0127023277134088,NA,0.0403939405412048,-0.474407006278368,-0.0157204047044783,NA,0.0011873601956194,NA,2.19930820031644,8,-5817.94513918968,11651.9452402114,1866.51115411314,0
"43",12.8022132710938,NA,-0.0157964096453667,NA,0.031221236889088,NA,-0.0165543556154163,NA,NA,NA,2.20361433995697,6,-5823.32182403917,11658.6756846916,1873.24159859333,0
"171",12.7244789149657,NA,-0.0155170517720349,NA,0.0313925318324099,NA,-0.0166870765639593,NA,0.0020297954772423,NA,2.20330653712549,7,-5823.01087571737,11660.0644832165,1874.63039711823,0
"39",13.5560020974233,NA,-0.0135672027299633,-0.326696393843034,NA,NA,-0.0141943634762011,NA,NA,NA,2.20654266646731,6,-5826.58260628489,11665.1972491831,1879.76316308477,0
"55",13.5754050450979,NA,-0.0146503730080988,-0.327231391254459,NA,0.141297528127171,-0.0145593390340006,NA,NA,NA,2.20585214087799,7,-5825.94892965939,11665.9405911005,1880.50650500226,0
"167",13.5033581306335,NA,-0.0133603149925038,-0.3271767376571,NA,NA,-0.0142821413382997,NA,0.0014377080504446,NA,2.20638189084897,7,-5826.42664950828,11666.8960307983,1881.46194470004,0
"183",13.5111476082214,NA,-0.0144685990894837,-0.327866075274013,NA,0.151206737516457,-0.0146944779398725,NA,0.00178996913118441,NA,2.20560689930468,8,-5825.7101210334,11667.4752038989,1882.04111780059,0
"28",11.7566319710748,0.00352506231190849,-0.00862594527050076,NA,0.0336280389154914,-0.890025903095617,NA,NA,NA,NA,2.20800253982887,7,-5829.22895648231,11672.5006447464,1887.06655864811,0
"146",12.203455963326,0.00563391724822879,NA,NA,NA,-1.21949543017271,NA,NA,-0.0256926538594332,NA,2.21765111205166,6,-5837.70603656055,11687.4441097344,1902.01002363609,0
"22",11.9805869065964,0.00439827153001596,NA,-0.414362085321644,NA,-1.07421580150388,NA,NA,NA,NA,2.2206459761775,6,-5842.81922823041,11697.6704930741,1912.2364069758,0
"35",13.331438392805,NA,-0.0134110032587404,NA,NA,NA,-0.0153903940539476,NA,NA,NA,2.22461013373799,5,-5847.85893586593,11705.740746303,1920.30666020467,0
"51",13.3493025820979,NA,-0.0144311080625925,NA,NA,0.13310775090646,-0.0157359618063962,NA,NA,NA,2.22399032802436,6,-5847.30539928797,11706.6428351892,1921.20874909093,0
"163",13.2892958310499,NA,-0.0132462255766041,NA,NA,NA,-0.0154615915782794,NA,0.00114403287793264,NA,2.22450349232818,6,-5847.76175269319,11707.5555419996,1922.12145590137,0
"12",12.1747986461149,0.00364086685839387,-0.0144769615110291,NA,0.0152773761854798,NA,NA,NA,NA,NA,2.2233035644407,6,-5848.07464103499,11708.1813186833,1922.74723258498,0
"179",13.2960673771119,NA,-0.0142813005217252,NA,NA,0.141265599586973,-0.0158490359301019,NA,0.00147328751689911,NA,2.22381770760985,7,-5847.1461973331,11708.335126448,1922.90104034967,0
"20",12.3324656671821,0.0037098062641618,-0.00967583824636626,NA,NA,-0.379123389818286,NA,NA,NA,NA,2.22474510076151,6,-5849.06951759918,11710.1710718116,1924.73698571335,0
"26",11.1474279405102,0.00412177077656028,NA,NA,0.0381939546911101,-1.60913285288368,NA,NA,NA,NA,2.22761708238887,6,-5851.82116886964,11715.6743743525,1930.24028825426,0
"4",12.3986794810312,0.00371868169779027,-0.0129517295319303,NA,NA,NA,NA,NA,NA,NA,2.22847403954831,5,-5853.9861405945,11717.9951557601,1932.56106966182,0
"189",11.8547271473875,NA,NA,-0.305882846366457,0.0487097518801382,-1.56870363753496,-0.0160496642210502,NA,0.00732229484859225,NA,2.2283000660216,8,-5851.97623360844,11720.0074290489,1934.57334295067,0
"61",12.0760294315897,NA,NA,-0.302382826850344,0.0494224324478962,-1.68026762564693,-0.0155556420370519,NA,NA,NA,2.23199113231612,7,-5856.07676536411,11726.19626251,1940.7621764117,0
"185",11.6569908275205,NA,NA,NA,0.0493171448923741,-1.57170391113057,-0.0170982853254182,NA,0.00694304889941366,NA,2.2439099497687,7,-5870.28390025184,11754.6105322855,1969.17644618717,0
"57",11.8693194102768,NA,NA,NA,0.0499868337553705,-1.67754478177694,-0.0166177098067713,NA,NA,NA,2.24721497920644,6,-5873.92290347419,11759.8778435617,1974.44375746337,0
"18",11.7174025845096,0.00441837163061403,NA,NA,NA,-1.12039690991566,NA,NA,NA,NA,2.24993354951351,5,-5877.32619205106,11764.6752586732,1979.24117257493,0
"159",13.2170146510345,NA,-0.0148808227232753,-0.417513928733057,0.0404324207661183,-0.963626789827727,NA,NA,-0.00422979940546766,NA,2.24972463104395,8,-5879.00017998182,11774.0553217957,1988.62123569742,0
"31",13.0725066074415,NA,-0.0144827820705125,-0.421295758179558,0.0403290819817104,-0.949636474148123,NA,NA,NA,NA,2.25072557179291,7,-5880.31957236808,11774.6818765179,1989.24779041965,0
"181",12.6374877311041,NA,NA,-0.314767092563266,NA,-0.972915974995675,-0.0164670753660656,NA,0.00841442430218122,NA,2.2656121859503,7,-5894.01285809368,11802.0684479691,2016.63436187085,0
"53",12.9034869711066,NA,NA,-0.310873681531368,NA,-1.09072959256589,-0.0159187562000336,NA,NA,NA,2.27057959244244,6,-5899.24704394025,11810.5261244938,2025.0920383955,0
"15",13.5715685171303,NA,-0.0209399657223853,-0.441825502898444,0.0209204818147457,NA,NA,NA,NA,NA,2.26782314903314,6,-5900.9087642059,11813.8495650251,2028.41547892679,0
"143",13.687599109559,NA,-0.0213170057326384,-0.439163584159727,0.0207857900978654,NA,NA,NA,-0.00322941861634465,NA,2.26723556457246,7,-5900.14818355874,11814.3390988992,2028.90501280097,0
"151",13.9841982484565,NA,-0.0165183299273652,-0.427251155388165,NA,-0.346785109414673,NA,NA,-0.00398483980712409,NA,2.27357010902751,7,-5906.810844976,11827.6644217338,2042.23033563548,0
"23",13.8463459048129,NA,-0.0161409377229293,-0.430799084495841,NA,-0.334925879384478,NA,NA,NA,NA,2.27445400644076,6,-5907.95822987549,11827.9484963643,2042.51441026597,0
"7",13.9126451539562,NA,-0.019041218740102,-0.438959157853846,NA,NA,NA,NA,NA,NA,2.27726521042011,5,-5911.61424781625,11833.2513702036,2047.81728410533,0
"135",14.0367236233853,NA,-0.0194656130748965,-0.436076341754261,NA,NA,NA,NA,-0.00352130926967021,NA,2.27656126788576,6,-5910.71678597827,11833.4656085698,2048.03152247154,0
"177",12.4443451939995,NA,NA,NA,NA,-0.968319120958702,-0.0175542569587108,NA,0.00803393293857125,NA,2.28193095245985,6,-5912.77096113574,11837.5739588848,2052.13987278647,0
"155",12.9638290013124,NA,-0.0148044339167947,NA,0.041587899924992,-1.04470789902661,NA,NA,-0.00523685858390033,NA,2.27908322737786,7,-5913.03973549522,11840.1222027722,2054.68811667391,0
"27",12.7815930869554,NA,-0.0143093425474796,NA,0.0414742762295903,-1.02831242261397,NA,NA,NA,NA,2.28063515058955,6,-5915.01412134911,11842.0602793115,2056.6261932132,0
"49",12.7013681840788,NA,NA,NA,NA,-1.08095239637779,-0.0170169885848552,NA,NA,NA,2.28644992994707,5,-5917.47908614009,11844.9810468513,2059.54696075299,0
"142",11.8016884325809,0.00710179039375852,NA,-0.44580984801995,-0.0247185439851728,NA,NA,NA,-0.0191917071188212,NA,2.28710096152422,7,-5919.46481079388,11852.9723533695,2067.53826727124,0
"139",13.4613758592107,NA,-0.0218079927640071,NA,0.0202602219512825,NA,NA,NA,-0.00420490719043011,NA,2.29955347459828,6,-5937.34759459209,11886.7272257975,2101.29313969917,0
"11",13.3082171792379,NA,-0.021320033682513,NA,0.0204317630726294,NA,NA,NA,NA,NA,2.30056270594064,5,-5938.60314160396,11887.229157779,2101.79507168075,0
"134",11.046507545311,0.00738386788891634,NA,-0.460535331345537,NA,NA,NA,NA,-0.0167058763556119,NA,2.30393251038494,6,-5938.85607555258,11889.7441877184,2104.31010162016,0
"14",11.4301377803232,0.00610617081868497,NA,-0.463082083461585,-0.0212329717696354,NA,NA,NA,NA,NA,2.30481520417045,6,-5940.57794707155,11893.1879307564,2107.75384465809,0
"147",13.7466982196621,NA,-0.0164850341112025,NA,NA,-0.412061888193077,NA,NA,-0.00501072531566756,NA,2.30403209850461,6,-5941.72383056574,11895.4796977447,2110.04561164646,0
"19",13.5705094843537,NA,-0.0160091613880209,NA,NA,-0.397796177634472,NA,NA,NA,NA,2.30544483262598,5,-5943.49367979061,11897.0102341523,2111.57614805405,0
"131",13.8033140919362,NA,-0.0199997477701453,NA,NA,NA,NA,NA,-0.00448277151534865,NA,2.30829913922406,5,-5947.11307184767,11904.2490182664,2118.81493216816,0
"3",13.6430865963635,NA,-0.0194629886560794,NA,NA,NA,NA,NA,NA,NA,2.30945004788009,4,-5948.53008981675,11905.0754235359,2119.64133743767,0
"29",12.2378686514341,NA,NA,-0.41154424759501,0.0516345707435859,-2.35623640730235,NA,NA,NA,NA,2.30999452097959,6,-5947.93709792895,11907.9062324712,2122.47214637288,0
"157",12.18336899921,NA,NA,-0.413328587860748,0.051461215007429,-2.33311001553639,NA,NA,0.00186964554546538,NA,2.30971170726468,7,-5947.68229306615,11909.4073179141,2123.97323181578,0
"6",10.8105913593491,0.0064657000191956,NA,-0.47398503374166,NA,NA,NA,NA,NA,NA,2.31742061773429,5,-5954.9355352456,11919.8939450623,2134.45985896401,0
"138",11.5301576559628,0.00726620802777347,NA,NA,-0.0263190021754786,NA,NA,NA,-0.020535854629249,NA,2.3200908482537,6,-5957.14834098394,11926.3287185812,2140.89463248288,0
"165",11.7220650772088,NA,NA,-0.309696652438247,NA,NA,-0.0247054680851677,NA,0.0211654392183951,NA,2.32203680762344,6,-5958.00688850924,11928.0458136318,2142.61172753347,0
"173",11.6940380238553,NA,NA,-0.309446727205614,0.00102508787366079,NA,-0.0248029054904544,NA,0.0213059344608815,NA,2.32199935457835,7,-5957.9788817633,11930.0004953084,2144.56640921008,0
"161",11.5368400928269,NA,NA,NA,NA,NA,-0.0257365572657022,NA,0.0207346198316222,NA,2.33745215409602,5,-5975.30615882809,11960.6351922273,2175.201106129,0
"169",11.4951093849584,NA,NA,NA,0.00153525747161899,NA,-0.0258811270205881,NA,0.0209458233334148,NA,2.33737613292173,6,-5975.2441315085,11962.5202996303,2177.08621353198,0
"130",10.7146953635677,0.00757296438719337,NA,NA,NA,NA,NA,NA,-0.0179301959457786,NA,2.33893197559449,5,-5978.53898643346,11967.100847438,2181.66676133974,0
"25",11.9638583300883,NA,NA,NA,0.0526318686560808,-2.41680117676445,NA,NA,NA,NA,2.3377571835053,5,-5979.41476212357,11968.8523988182,2183.41831271995,0
"153",11.9385853044424,NA,NA,NA,0.0525550502308032,-2.40642625265221,NA,NA,0.000848222652580277,NA,2.33768527304476,6,-5979.36343450792,11970.7589056291,2185.32481953083,0
"10",11.119335910941,0.00620472392625597,NA,NA,-0.0226441417777831,NA,NA,NA,NA,NA,2.34019808299491,5,-5980.68643934309,11971.3957532573,2185.96166715899,0
"21",13.1196923984897,NA,NA,-0.422859744541175,NA,-1.75592845390413,NA,NA,NA,NA,2.3500689776031,5,-5991.99425394776,11994.0113824666,2208.57729636833,0
"149",13.0294339961632,NA,NA,-0.425613239938944,NA,-1.72251306202678,NA,NA,0.00296021200767277,NA,2.3493773823517,6,-5991.37687475444,11994.7857861222,2209.35170002387,0
"45",12.3987346595464,NA,NA,-0.29864150724275,-0.00788395217962421,NA,-0.025276467029439,NA,NA,NA,2.35630939255327,6,-5994.4431751378,12000.9183868889,2215.4843007906,0
"2",10.4497728326929,0.00659123264086543,NA,NA,NA,NA,NA,NA,NA,NA,2.35432733306154,4,-5996.54015664109,12001.0955571846,2215.66147108634,0
"37",12.2117908637326,NA,NA,-0.296069390531576,NA,NA,-0.0260933965928472,NA,NA,NA,2.35783272799539,5,-5996.16437757052,12002.3516297121,2216.91754361386,0
"41",12.1988141966209,NA,NA,NA,-0.00726427713158268,NA,-0.0263052910537081,NA,NA,NA,2.37037845303696,5,-6010.08308579909,12030.1890461693,2244.75496007101,0
"33",12.0281242703025,NA,NA,NA,NA,NA,-0.0270496342391651,NA,NA,NA,2.37165201591584,4,-6011.52816351302,12031.0715709285,2245.63748483019,0
"17",12.8562597123522,NA,NA,NA,NA,-1.80626308470348,NA,NA,NA,NA,2.37889962221829,4,-6024.11353933088,12056.2423225642,2270.80823646592,0
"145",12.7961850715713,NA,NA,NA,NA,-1.78467284567293,NA,NA,0.00193150111748017,NA,2.37857703927049,5,-6023.85645733364,12057.7357892384,2272.30170314009,0
"141",12.255476971318,NA,NA,-0.538493457909315,-0.041993862473782,NA,NA,NA,0.0244119142638647,NA,2.56749890558387,6,-6225.10713504642,12462.2463067061,2676.81222060783,0
"13",13.0585397028092,NA,NA,-0.530583130748258,-0.0530192589196895,NA,NA,NA,NA,NA,2.60744508834713,5,-6264.43586219614,12538.8945989634,2753.4605128651,0
"137",11.9370464261454,NA,NA,NA,-0.0444228361774487,NA,NA,NA,0.0239988349507178,NA,2.61056233361434,5,-6268.84172974954,12547.7063340702,2762.27224797191,0
"133",10.9634794856955,NA,NA,-0.570555693217541,NA,NA,NA,NA,0.0318014078668945,NA,2.61160892998255,5,-6270.2007904941,12550.4244555593,2764.99036946103,0
"9",12.7323529932658,NA,NA,NA,-0.0552318334590758,NA,NA,NA,NA,NA,2.64858269038354,4,-6305.65664885304,12619.3285416085,2833.89445551024,0
"129",10.5453978848897,NA,NA,NA,NA,NA,NA,NA,0.0318171831861688,NA,2.65924457535928,4,-6317.74804609116,12643.5113360848,2858.07724998649,0
"5",11.6252912081684,NA,NA,-0.571403540293626,NA,NA,NA,NA,NA,NA,2.68304498083167,4,-6339.44557516863,12686.9063942397,2901.47230814142,0
"1",11.2084472703127,NA,NA,NA,NA,NA,NA,NA,NA,NA,2.72950231852297,3,-6384.67234801664,12775.3538388904,2989.91975279215,0
