sampleDate,max_temp,max_temp_flag,min_temp,min_temp_flag,mean_temp,mean_temp_flag
1998-10-08,6.5,A,NA,NA,NA,NA
1998-10-09,6.5,A,5,A,5.5,A
1998-10-10,6.5,A,5,A,6,A
1998-10-11,6.5,A,5.5,A,6,A
1998-10-12,6.5,A,6,A,6,A
1998-10-13,6.5,A,5.5,A,6,A
1998-10-14,6.5,A,5.5,A,6,A
1998-10-15,6.5,A,5.5,A,6,A
1998-10-16,6,A,5.5,A,6,A
1998-10-17,6,A,5.5,A,6,A
1998-10-18,6,A,5.5,A,5.5,A
1998-10-19,6,A,5.5,A,6,A
1998-10-20,6,A,5.5,A,5.5,A
1998-10-21,5.5,A,4.5,A,5,A
1998-10-22,5,A,4,A,5,A
1998-10-23,5.5,A,5,A,5,A
1998-10-24,6,A,5,A,5.5,A
1998-10-25,5.5,A,4,A,4.5,A
1998-10-26,5,A,4,A,4.5,A
1998-10-27,4.5,A,4,A,4,A
1998-10-28,4,A,3.5,A,4,A
1998-10-29,4.5,A,3.5,A,4,A
1998-10-30,4.5,A,4,A,4,A
1998-10-31,5,A,4,A,4.5,A
1998-11-01,5,A,4.5,A,4.5,A
1998-11-02,5,A,4.5,A,4.5,A
1998-11-03,5,A,4.5,A,5,A
1998-11-04,5,A,4,A,4.5,A
1998-11-05,4.5,A,3.5,A,4,A
1998-11-06,5,A,4,A,4.5,A
1998-11-07,4.5,A,3.5,A,4,A
1998-11-08,4,A,3,A,3.5,A
1998-11-09,3.5,A,3,A,3,A
1998-11-10,3.5,A,3,A,3.5,A
1998-11-11,3.5,A,3,A,3,A
1998-11-12,3.5,A,2,A,2.5,A
1998-11-13,3,A,2,A,2.5,A
1998-11-14,3,A,2.5,A,3,A
1998-11-15,3,A,1.5,A,2.5,A
1998-11-16,2.5,A,1,A,1.5,A
1998-11-17,3,A,2,A,2.5,A
1998-11-18,3,A,2,A,2.5,A
1998-11-19,2.5,A,1.5,A,2,A
1998-11-20,3,A,1.5,A,2.5,A
1998-11-21,1.5,A,0.5,A,1,A
1998-11-22,1,A,0,A,0.5,A
1998-11-23,2,A,1,A,1.5,A
1998-11-24,2,A,1,A,1.5,A
1998-11-25,1.5,A,0.5,A,1,A
1998-11-26,1,A,0,A,0.5,A
1998-11-27,0.5,A,0,A,0,A
1998-11-28,1,A,0,A,0,A
1998-11-29,2,A,0.5,A,1.5,A
1998-11-30,2,A,1.5,A,1.5,A
1998-12-01,2.5,A,1,A,1.5,A
1998-12-02,2.5,A,0.5,A,2,A
1998-12-03,0.5,A,0,A,0.5,A
1998-12-04,1,A,0,A,0.5,A
1998-12-05,1,A,0,A,0.5,A
1998-12-06,0,A,0,A,0,A
1998-12-07,0,A,0,A,0,A
1998-12-08,0,A,0,A,0,A
1998-12-09,0.5,A,0,A,0,A
1998-12-10,0.5,A,0,A,0.5,A
1998-12-11,0,A,0,A,0,A
1998-12-12,0,A,0,A,0,A
1998-12-13,0,A,0,A,0,A
1998-12-14,0,A,0,A,0,A
1998-12-15,0.5,A,0,A,0,A
1998-12-16,0,A,0,A,0,A
1998-12-17,0,A,0,A,0,A
1998-12-18,0,A,0,A,0,A
1998-12-19,0,A,0,A,0,A
1998-12-20,0.5,A,0,A,0,A
1998-12-21,0.5,A,0,A,0.5,A
1998-12-22,0,A,0,A,0,A
1998-12-23,0,A,0,A,0,A
1998-12-24,0,A,0,A,0,A
1998-12-25,0,A,0,A,0,A
1998-12-26,0,A,0,A,0,A
1998-12-27,0,A,0,A,0,A
1998-12-28,0,A,0,A,0,A
1998-12-29,0,A,0,A,0,A
1998-12-30,0,A,0,A,0,A
1998-12-31,0,A,0,A,0,A
1999-01-01,0,A,0,A,0,A
1999-01-02,0,A,0,A,0,A
1999-01-03,0,A,0,A,0,A
1999-01-04,0,A,0,A,0,A
1999-01-05,0,A,0,A,0,A
1999-01-06,0,A,0,A,0,A
1999-01-07,0,A,0,A,0,A
1999-01-08,0,A,0,A,0,A
1999-01-09,0,A,0,A,0,A
1999-01-10,0,A,0,A,0,A
1999-01-11,0,A,0,A,0,A
1999-01-12,0,A,0,A,0,A
1999-01-13,0,A,0,A,0,A
1999-01-14,0,A,0,A,0,A
1999-01-15,0,A,0,A,0,A
1999-01-16,0,A,0,A,0,A
1999-01-17,0,A,0,A,0,A
1999-01-18,0.5,A,0,A,0,A
1999-01-19,0,A,0,A,0,A
1999-01-20,0.5,A,0,A,0,A
1999-01-21,0.5,A,0,A,0,A
1999-01-22,0,A,0,A,0,A
1999-01-23,0,A,0,A,0,A
1999-01-24,0,A,0,A,0,A
1999-01-25,0,A,0,A,0,A
1999-01-26,0,A,0,A,0,A
1999-01-27,0,A,0,A,0,A
1999-01-28,0,A,0,A,0,A
1999-01-29,0,A,0,A,0,A
1999-01-30,0,A,0,A,0,A
1999-01-31,0,A,0,A,0,A
1999-02-01,0,A,0,A,0,A
1999-02-02,0.5,A,0,A,0,A
1999-02-03,0.5,A,0,A,0,A
1999-02-04,0,A,0,A,0,A
1999-02-05,0,A,0,A,0,A
1999-02-06,0,A,0,A,0,A
1999-02-07,0,A,0,A,0,A
1999-02-08,0,A,0,A,0,A
1999-02-09,0,A,0,A,0,A
1999-02-10,0,A,0,A,0,A
1999-02-11,0.5,A,0,A,0,A
1999-02-12,0,A,0,A,0,A
1999-02-13,0,A,0,A,0,A
1999-02-14,0,A,0,A,0,A
1999-02-15,0,A,0,A,0,A
1999-02-16,0,A,0,A,0,A
1999-02-17,0,A,0,A,0,A
1999-02-18,0,A,0,A,0,A
1999-02-19,0,A,0,A,0,A
1999-02-20,0,A,0,A,0,A
1999-02-21,0,A,0,A,0,A
1999-02-22,0,A,0,A,0,A
1999-02-23,0,A,0,A,0,A
1999-02-24,0,A,0,A,0,A
1999-02-25,0,A,0,A,0,A
1999-02-26,0,A,0,A,0,A
1999-02-27,0,A,0,A,0,A
1999-02-28,0,A,0,A,0,A
1999-03-01,0,A,0,A,0,A
1999-03-02,0,A,0,A,0,A
1999-03-03,0,A,0,A,0,A
1999-03-04,0,A,0,A,0,A
1999-03-05,0,A,0,A,0,A
1999-03-06,0,A,0,A,0,A
1999-03-07,0,A,0,A,0,A
1999-03-08,0,A,0,A,0,A
1999-03-09,0,A,0,A,0,A
1999-03-10,0,A,0,A,0,A
1999-03-11,0,A,0,A,0,A
1999-03-12,0,A,0,A,0,A
1999-03-13,0,A,0,A,0,A
1999-03-14,0,A,0,A,0,A
1999-03-15,0,A,0,A,0,A
1999-03-16,0,A,0,A,0,A
1999-03-17,0,A,0,A,0,A
1999-03-18,0,A,0,A,0,A
1999-03-19,0,A,0,A,0,A
1999-03-20,0,A,0,A,0,A
1999-03-21,0,A,0,A,0,A
1999-03-22,0,A,0,A,0,A
1999-03-23,0,A,0,A,0,A
1999-03-24,0,A,0,A,0,A
1999-03-25,0,A,0,A,0,A
1999-03-26,0,A,0,A,0,A
1999-03-27,0,A,0,A,0,A
1999-03-28,0,A,0,A,0,A
1999-03-29,0,A,0,A,0,A
1999-03-30,0,A,0,A,0,A
1999-03-31,0,A,0,A,0,A
1999-04-01,0,A,0,A,0,A
1999-04-02,0,A,0,A,0,A
1999-04-03,0,A,0,A,0,A
1999-04-04,0,A,0,A,0,A
1999-04-05,0,A,0,A,0,A
1999-04-06,0,A,0,A,0,A
1999-04-07,0,A,0,A,0,A
1999-04-08,0,A,0,A,0,A
1999-04-09,0,A,0,A,0,A
1999-04-10,0,A,0,A,0,A
1999-04-11,0,A,0,A,0,A
1999-04-12,0,A,0,A,0,A
1999-04-13,0,A,0,A,0,A
1999-04-14,0,A,0,A,0,A
1999-04-15,0,A,0,A,0,A
1999-04-16,0,A,0,A,0,A
1999-04-17,0.5,A,0,A,0,A
1999-04-18,1.5,A,0,A,0.5,A
1999-04-19,3,A,1,A,2,A
1999-04-20,3.5,A,1.5,A,2.5,A
1999-04-21,3,A,1,A,2,A
1999-04-22,2.5,A,1,A,1.5,A
1999-04-23,3.5,A,0.5,A,2,A
1999-04-24,3.5,A,1,A,2,A
1999-04-25,4,A,1,A,2,A
1999-04-26,4,A,1,A,2.5,A
1999-04-27,5,A,1,A,3,A
1999-04-28,4.5,A,2,A,3.5,A
1999-04-29,5.5,A,2,A,4,A
1999-04-30,5,A,2.5,A,3.5,A
1999-05-01,5.5,A,2,A,3.5,A
1999-05-02,5.5,A,1.5,A,3.5,A
1999-05-03,6,A,2.5,A,4.5,A
1999-05-04,7,A,3.5,A,5,A
1999-05-05,6,A,4,A,5,A
1999-05-06,7.5,A,3.5,A,5.5,A
1999-05-07,8,A,4.5,A,6,A
1999-05-08,7.5,A,4,A,5.5,A
1999-05-09,6.5,A,4,A,5,A
1999-05-10,6.5,A,4,A,5,A
1999-05-11,7,A,4.5,A,5.5,A
1999-05-12,7.5,A,4,A,5.5,A
1999-05-13,9.5,A,4.5,A,7,A
1999-05-14,10.5,A,5.5,A,8,A
1999-05-15,10.5,A,6.5,A,8.5,A
1999-05-16,11,A,7,A,9,A
1999-05-17,10.5,A,7,A,8.5,A
1999-05-18,10,A,7,A,8.5,A
1999-05-19,9.5,A,6.5,A,8,A
1999-05-20,9.5,A,6.5,A,8,A
1999-05-21,9,A,6.5,A,8,A
1999-05-22,8.5,A,7,A,8,A
1999-05-23,9,A,7,A,8,A
1999-05-24,8,A,6.5,A,7.5,A
1999-05-25,9.5,A,6.5,A,8,A
1999-05-26,8.5,A,6.5,A,7.5,A
1999-05-27,8,A,6.5,A,7,A
1999-05-28,7.5,A,6,A,7,A
1999-05-29,7,A,6,A,6.5,A
1999-05-30,7,A,5.5,A,6,A
1999-05-31,8.5,A,5.5,A,7,A
1999-06-01,8,A,6,A,7,A
1999-06-02,7.5,A,5,A,6.5,A
1999-06-03,8.5,A,5.5,A,7,A
1999-06-04,9,A,6,A,7,A
1999-06-05,9,A,6.5,A,7.5,A
1999-06-06,9.5,A,7,A,8.5,A
1999-06-07,9,A,7,A,8.5,A
1999-06-08,9,A,6.5,A,7.5,A
1999-06-09,9,A,7,A,8,A
1999-06-10,10,A,8.5,A,9,A
1999-06-11,10,A,8,A,9,A
1999-06-12,10,A,7.5,A,9,A
1999-06-13,9.5,A,7.5,A,8,A
1999-06-14,9.5,A,7,A,8.5,A
1999-06-15,10,A,7.5,A,8.5,A
1999-06-16,10,A,8,A,9,A
1999-06-17,9.5,A,8.5,A,9,A
1999-06-18,9.5,A,8.5,A,9,A
1999-06-19,10,A,8.5,A,9.5,A
1999-06-20,9.5,A,9,A,9,A
1999-06-21,10.5,A,8.5,A,9.5,A
1999-06-22,10,A,9,A,9.5,A
1999-06-23,11.5,A,9,A,10,A
1999-06-24,10.5,A,8.5,A,9.5,A
1999-06-25,10,A,7.5,A,9,A
1999-06-26,10,A,7.5,A,9,A
1999-06-27,9.5,A,7,A,8.5,A
1999-06-28,12.5,A,9.5,A,11,A
1999-06-29,11.5,A,10,A,10.5,A
1999-06-30,13,A,10,A,11,A
1999-07-01,13.5,A,10.5,A,12,A
1999-07-02,13.5,A,9,A,11,A
1999-07-03,13.5,A,11,A,12.5,A
1999-07-04,14,A,10,A,12.5,A
1999-07-05,14.5,A,11.5,A,13,A
1999-07-06,14.5,A,11.5,A,13.5,A
1999-07-07,14.5,A,13,A,14,A
1999-07-08,14,A,10,A,12,A
1999-07-09,12,A,7.5,A,10,A
1999-07-10,14,A,11.5,A,12.5,A
1999-07-11,13.5,A,13,A,13.5,A
1999-07-12,13.5,A,11,A,12.5,A
1999-07-13,13.5,A,10,A,12,A
1999-07-14,13,A,10.5,A,12,A
1999-07-15,13,A,10.5,A,11.5,A
1999-07-16,11.5,A,9.5,A,10.5,A
1999-07-17,14,A,10,A,11.5,A
1999-07-18,13.5,A,13,A,13,A
1999-07-19,13.5,A,12.5,A,13,A
1999-07-20,13.5,A,11.5,A,12.5,A
1999-07-21,12.5,A,10.5,A,11.5,A
1999-07-22,12.5,A,10.5,A,11.5,A
1999-07-23,13.5,A,10.5,A,12,A
1999-07-24,14,A,11.5,A,12.5,A
1999-07-25,13,A,11.5,A,12,A
1999-07-26,13,A,11.5,A,12,A
1999-07-27,12.5,A,11.5,A,12,A
1999-07-28,13,A,11.5,A,12,A
1999-07-29,12.5,A,11,A,12,A
1999-07-30,12.5,A,10.5,A,11.5,A
1999-07-31,13,A,11,A,12,A
1999-08-01,13,A,10.5,A,11.5,A
1999-08-02,12,A,10.5,A,11.5,A
1999-08-03,14,A,11,A,12.5,A
1999-08-04,13,A,12,A,12.5,A
1999-08-05,12,A,11,A,11.5,A
1999-08-06,11.5,A,11,A,11.5,A
1999-08-07,11.5,A,11,A,11,A
1999-08-08,11.5,A,10.5,A,11,A
1999-08-09,12,A,10.5,A,11,A
1999-08-10,12.5,A,11,A,11.5,A
1999-08-11,12.5,A,11,A,12,A
1999-08-12,12,A,10.5,A,11.5,A
1999-08-13,12.5,A,11.5,A,12,A
1999-08-14,12,A,10.5,A,11,A
1999-08-15,12,A,10.5,A,11,A
1999-08-16,12.5,A,11,A,11.5,A
1999-08-17,13,A,11,A,12,A
1999-08-18,14,A,11.5,A,13,A
1999-08-19,13.5,A,12.5,A,13,A
1999-08-20,13.5,A,11.5,A,12.5,A
1999-08-21,11.5,A,11,A,11,A
1999-08-22,12.5,A,11,A,11.5,A
1999-08-23,12.5,A,11,A,12,A
1999-08-24,12.5,A,11,A,11.5,A
1999-08-25,12,A,11,A,11.5,A
1999-08-26,12.5,A,11,A,11.5,A
1999-08-27,12,A,11,A,11.5,A
1999-08-28,12,A,10.5,A,11.5,A
1999-08-29,12.5,A,10.5,A,11.5,A
1999-08-30,12,A,11,A,11.5,A
1999-08-31,12.5,A,11.5,A,12,A
1999-09-01,12.5,A,11.5,A,11.5,A
1999-09-02,11.5,A,10.5,A,10.5,A
1999-09-03,11,A,10,A,10.5,A
1999-09-04,11,A,9.5,A,10,A
1999-09-05,11,A,10,A,10.5,A
1999-09-06,11,A,9.5,A,10.5,A
1999-09-07,11,A,10,A,10.5,A
1999-09-08,11,A,9.5,A,10.5,A
1999-09-09,11.5,A,9.5,A,10,A
1999-09-10,12,A,10,A,11,A
1999-09-11,11.5,A,10.5,A,11,A
1999-09-12,11,A,10,A,10.5,A
1999-09-13,11,A,10,A,10.5,A
1999-09-14,10,A,9,A,9.5,A
1999-09-15,10.5,A,9,A,10,A
1999-09-16,10,A,9,A,9.5,A
1999-09-17,10,A,9,A,9.5,A
1999-09-18,9.5,A,8.5,A,9,A
1999-09-19,9.5,A,8,A,9,A
1999-09-20,9,A,8.5,A,9,A
1999-09-21,9,A,8.5,A,8.5,A
1999-09-22,9,A,8.5,A,8.5,A
1999-09-23,9,A,8,A,8.5,A
1999-09-24,9,A,8,A,8.5,A
1999-09-25,8.5,A,7.5,A,8,A
1999-09-26,8.5,A,7,A,7.5,A
1999-09-27,8,A,7,A,7.5,A
1999-09-28,8.5,A,7.5,A,8,A
1999-09-29,8,A,7.5,A,8,A
1999-09-30,8.5,A,7.5,A,8,A
1999-10-01,8,A,7.5,A,8,A
1999-10-02,8,A,7,A,7.5,A
1999-10-03,7.5,A,6.5,A,7,A
1999-10-04,7.5,A,7,A,7,A
1999-10-05,7.5,A,7,A,7,A
1999-10-06,7.5,A,6.5,A,7,A
1999-10-07,7.5,A,7,A,7,A
1999-10-08,7.5,A,6.5,A,7,A
1999-10-09,7,A,5.5,A,6.5,A
1999-10-10,6.5,A,5.5,A,6,A
1999-10-11,6,A,5.5,A,6,A
1999-10-12,6,A,5.5,A,6,A
1999-10-13,6,A,5.5,A,5.5,A
1999-10-14,5.5,A,4.5,A,5,A
1999-10-15,5,A,4,A,4.5,A
1999-10-16,5,A,3.5,A,4,A
1999-10-17,5.5,A,4.5,A,5,A
1999-10-18,5.5,A,5,A,5,A
1999-10-19,5.5,A,5,A,5,A
1999-10-20,5,A,4,A,4.5,A
1999-10-21,5,A,4,A,4.5,A
1999-10-22,4.5,A,3.5,A,4,A
1999-10-23,4.5,A,3.5,A,4,A
1999-10-24,4,A,3,A,3.5,A
1999-10-25,4,A,3.5,A,4,A
1999-10-26,4,A,3.5,A,3.5,A
1999-10-27,4,A,3,A,3.5,A
1999-10-28,3.5,A,2.5,A,3,A
1999-10-29,4,A,2.5,A,3,A
1999-10-30,3.5,A,2.5,A,3.5,A
1999-10-31,3.5,A,2.5,A,3,A
1999-11-01,3.5,A,2.5,A,3,A
1999-11-02,3,A,2,A,2.5,A
1999-11-03,2.5,A,1.5,A,2,A
1999-11-04,2.5,A,1.5,A,2,A
1999-11-05,4,A,2,A,3,A
1999-11-06,4.5,A,3,A,3.5,A
1999-11-07,4.5,A,3.5,A,4,A
1999-11-08,3.5,A,2.5,A,3.5,A
1999-11-09,3.5,A,2.5,A,3,A
1999-11-10,3,A,1.5,A,2,A
1999-11-11,2.5,A,1,A,2,A
1999-11-12,2.5,A,2,A,2.5,A
1999-11-13,3,A,2,A,2.5,A
1999-11-14,3,A,2.5,A,2.5,A
1999-11-15,3,A,1.5,A,2.5,A
1999-11-16,2,A,0.5,A,1,A
1999-11-17,2,A,1,A,1.5,A
1999-11-18,2.5,A,1.5,A,2,A
1999-11-19,2,A,1.5,A,2,A
1999-11-20,2,A,1.5,A,2,A
1999-11-21,2,A,1.5,A,2,A
1999-11-22,2,A,1.5,A,2,A
1999-11-23,2,A,1,A,1.5,A
1999-11-24,2,A,1,A,1.5,A
1999-11-25,1.5,A,0,A,0.5,A
1999-11-26,0.5,A,0,A,0,A
1999-11-27,0.5,A,0,A,0,A
1999-11-28,0,A,0,A,0,A
1999-11-29,0.5,A,0,A,0,A
1999-11-30,0,A,0,A,0,A
1999-12-01,0.5,A,0,A,0,A
1999-12-02,1,A,0,A,0,A
1999-12-03,0.5,A,0,A,0.5,A
1999-12-04,0.5,A,0,A,0,A
1999-12-05,0.5,A,0,A,0,A
1999-12-06,0.5,A,0,A,0,A
1999-12-07,0.5,A,0,A,0,A
1999-12-08,0.5,A,0,A,0,A
1999-12-09,0.5,A,0,A,0,A
1999-12-10,0.5,A,0,A,0,A
1999-12-11,0.5,A,0,A,0,A
1999-12-12,0,A,0,A,0,A
1999-12-13,0.5,A,0,A,0,A
1999-12-14,0.5,A,0,A,0,A
1999-12-15,0.5,A,0,A,0,A
1999-12-16,0,A,0,A,0,A
1999-12-17,0.5,A,0,A,0,A
1999-12-18,0,A,0,A,0,A
1999-12-19,0.5,A,0,A,0,A
1999-12-20,0,A,0,A,0,A
1999-12-21,0.5,A,0,A,0,A
1999-12-22,0,A,0,A,0,A
1999-12-23,0,A,0,A,0,A
1999-12-24,0.5,A,0,A,0,A
1999-12-25,0,A,0,A,0,A
1999-12-26,0.5,A,0,A,0,A
1999-12-27,0,A,0,A,0,A
1999-12-28,0,A,0,A,0,A
1999-12-29,0.5,A,0,A,0,A
1999-12-30,0.5,A,0,A,0,A
1999-12-31,0.5,A,0,A,0,A
2000-01-01,0.5,A,0,A,0,A
2000-01-02,0.5,A,0,A,0,A
2000-01-03,0,A,0,A,0,A
2000-01-04,0,A,0,A,0,A
2000-01-05,0.5,A,0,A,0,A
2000-01-06,0,A,0,A,0,A
2000-01-07,0,A,0,A,0,A
2000-01-08,0,A,0,A,0,A
2000-01-09,0,A,0,A,0,A
2000-01-10,0.5,A,0,A,0,A
2000-01-11,0.5,A,0,A,0,A
2000-01-12,0.5,A,0,A,0,A
2000-01-13,0.5,A,0,A,0,A
2000-01-14,0.5,A,0,A,0,A
2000-01-15,0.5,A,0,A,0,A
2000-01-16,0.5,A,0,A,0,A
2000-01-17,0.5,A,0,A,0,A
2000-01-18,0,A,0,A,0,A
2000-01-19,0.5,A,0,A,0,A
2000-01-20,0,A,0,A,0,A
2000-01-21,0,A,0,A,0,A
2000-01-22,0,A,0,A,0,A
2000-01-23,0,A,0,A,0,A
2000-01-24,0,A,0,A,0,A
2000-01-25,0,A,0,A,0,A
2000-01-26,0.5,A,0,A,0,A
2000-01-27,0.5,A,0,A,0,A
2000-01-28,0.5,A,0,A,0,A
2000-01-29,0.5,A,0,A,0,A
2000-01-30,0.5,A,0,A,0,A
2000-02-03,0,A,0,A,0,A
2000-02-04,0.5,A,0,A,0,A
2000-02-05,0.5,A,0,A,0,A
2000-02-06,0.5,A,0,A,0,A
2000-02-07,0,A,0,A,0,A
2000-02-08,0.5,A,0,A,0,A
2000-02-09,0.5,A,0,A,0,A
2000-02-10,0,A,0,A,0,A
2000-02-11,0,A,0,A,0,A
2000-02-12,0,A,0,A,0,A
2000-02-13,0,A,0,A,0,A
2000-02-14,0.5,A,0,A,0,A
2000-02-15,0.5,A,0,A,0,A
2000-02-16,0.5,A,0,A,0,A
2000-02-17,0.5,A,0,A,0,A
2000-02-18,0.5,A,0,A,0,A
2000-02-19,0,A,0,A,0,A
2000-02-20,0.5,A,0,A,0,A
2000-02-21,0.5,A,0,A,0,A
2000-02-22,0.5,A,0,A,0,A
2000-02-23,0,A,0,A,0,A
2000-02-24,0,A,0,A,0,A
2000-02-25,0.5,A,0,A,0,A
2000-02-26,0,A,0,A,0,A
2000-02-27,0,A,0,A,0,A
2000-02-28,0,A,0,A,0,A
2000-02-29,0,A,0,A,0,A
2000-03-01,0,A,0,A,0,A
2000-03-02,0,A,0,A,0,A
2000-03-03,0,A,0,A,0,A
2000-03-04,0,A,0,A,0,A
2000-03-05,0,A,0,A,0,A
2000-03-06,0,A,0,A,0,A
2000-03-07,0,A,0,A,0,A
2000-03-08,0,A,0,A,0,A
2000-03-09,0,A,0,A,0,A
2000-03-10,0,A,0,A,0,A
2000-03-11,0,A,0,A,0,A
2000-03-12,0,A,0,A,0,A
2000-03-13,0,A,0,A,0,A
2000-03-14,0,A,0,A,0,A
2000-03-15,0,A,0,A,0,A
2000-03-16,0,A,0,A,0,A
2000-03-17,0,A,0,A,0,A
2000-03-18,0,A,0,A,0,A
2000-03-19,0,A,0,A,0,A
2000-03-20,0,A,0,A,0,A
2000-03-21,0,A,0,A,0,A
2000-03-22,0.5,A,0,A,0,A
2000-03-23,1,A,0,A,0.5,A
2000-03-24,1.5,A,0,A,1,A
2000-03-25,1.5,A,0,A,0.5,A
2000-03-26,1.5,A,0.5,A,1,A
2000-03-27,0.5,A,0,A,0,A
2000-03-28,0.5,A,0,A,0,A
2000-03-29,2,A,0,A,0.5,A
2000-03-30,2,A,1,A,1.5,A
2000-03-31,2.5,A,0.5,A,1.5,A
2000-04-01,2,A,0,A,1,A
2000-04-02,3.5,A,1,A,2,A
2000-04-03,4,A,1,A,2.5,A
2000-04-04,4,A,2,A,3,A
2000-04-05,3.5,A,1,A,2.5,A
2000-04-06,3.5,A,1,A,2.5,A
2000-04-07,4,A,1.5,A,2.5,A
2000-04-08,4,A,1,A,2.5,A
2000-04-09,4.5,A,1,A,2.5,A
2000-04-10,3.5,A,1.5,A,2.5,A
2000-04-11,3.5,A,1.5,A,2.5,A
2000-04-12,5,A,2,A,3,A
2000-04-13,4,A,2.5,A,3,A
2000-04-14,5,A,1.5,A,3,A
2000-04-15,5,A,1.5,A,3.5,A
2000-04-16,4.5,A,2,A,3,A
2000-04-17,3.5,A,2,A,2.5,A
2000-04-18,3.5,A,1.5,A,2.5,A
2000-04-19,4,A,1.5,A,2.5,A
2000-04-20,4,A,1.5,A,2.5,A
2000-04-21,4,A,1.5,A,3,A
2000-04-22,4.5,A,1.5,A,2.5,A
2000-04-23,5,A,1.5,A,3,A
2000-04-24,5,A,2,A,3.5,A
2000-04-25,5,A,2.5,A,4,A
2000-04-26,6.5,A,2.5,A,4,A
2000-04-27,7,A,3.5,A,5,A
2000-04-28,7,A,3.5,A,5,A
2000-04-29,7,A,4,A,5.5,A
2000-04-30,7,A,4.5,A,6,A
2000-05-01,7,A,4.5,A,6,A
2000-05-02,7,A,4,A,5.5,A
2000-05-03,8,A,4,A,6,A
2000-05-04,9,A,5,A,7,A
2000-05-05,8.5,A,5,A,6.5,A
2000-05-06,8.5,A,4.5,A,6.5,A
2000-05-07,9,A,6,A,7.5,A
2000-05-08,9,A,6,A,7.5,A
2000-05-09,8.5,A,5.5,A,7,A
2000-05-10,8.5,A,5,A,6.5,A
2000-05-11,8.5,A,5,A,7,A
2000-05-12,9,A,5.5,A,7,A
2000-05-13,9,A,6,A,7.5,A
2000-05-14,8,A,6.5,A,7,A
2000-05-15,7,A,5.5,A,6.5,A
2000-05-16,7.5,A,5.5,A,6.5,A
2000-05-17,7.5,A,6,A,7,A
2000-05-18,7.5,A,5.5,A,6.5,A
2000-05-19,7,A,6,A,6.5,A
2000-05-20,7,A,5,A,6.5,A
2000-05-21,7.5,A,5.5,A,6.5,A
2000-05-22,7,A,5.5,A,6.5,A
2000-05-23,8,A,6,A,6.5,A
2000-05-24,8,A,5.5,A,6.5,A
2000-05-25,8.5,A,5.5,A,7,A
2000-05-26,9,A,6,A,7.5,A
2000-05-27,9.5,A,6.5,A,8,A
2000-05-28,9.5,A,7,A,8,A
2000-05-29,9,A,7,A,8,A
2000-05-30,8.5,A,6.5,A,7.5,A
2000-05-31,7.5,A,6,A,6.5,A
2000-06-01,8.5,A,6,A,7.5,A
2000-06-02,9,A,7,A,8,A
2000-06-03,9,A,7,A,8,A
2000-06-04,9.5,A,7,A,8.5,A
2000-06-05,12.5,A,8,A,10,A
2000-06-06,12,A,10.5,A,11,A
2000-06-07,11.5,A,9.5,A,10.5,A
2000-06-08,10,A,8.5,A,9,A
2000-06-09,10.5,A,8.5,A,9.5,A
2000-06-10,10,A,8.5,A,9,A
2000-06-11,11,A,8.5,A,9.5,A
2000-06-12,11.5,A,9,A,10,A
2000-06-13,10.5,A,8.5,A,9.5,A
2000-06-14,10.5,A,8.5,A,9.5,A
2000-06-15,10,A,7.5,A,8.5,A
2000-06-16,10,A,8,A,9,A
2000-06-17,10,A,8,A,9,A
2000-06-18,9.5,A,7.5,A,9,A
2000-06-19,9.5,A,8,A,8.5,A
2000-06-20,9,A,7.5,A,8.5,A
2000-06-21,10,A,7.5,A,9,A
2000-06-22,9.5,A,7.5,A,8.5,A
2000-06-23,11,A,8,A,9.5,A
2000-06-24,12,A,8.5,A,10.5,A
2000-06-25,12,A,10,A,11,A
2000-06-26,11,A,10,A,10.5,A
2000-06-27,11,A,10,A,10.5,A
2000-06-28,11,A,9.5,A,10.5,A
2000-06-29,10.5,A,9,A,10,A
2000-06-30,12,A,9.5,A,11,A
2000-07-01,12.5,A,9.5,A,11,A
2000-07-02,12,A,9,A,10.5,A
2000-07-03,13.5,A,11.5,A,12.5,A
2000-07-04,13,A,11,A,12,A
2000-07-05,12.5,A,9,A,10,A
2000-07-06,12,A,9.5,A,10.5,A
2000-07-07,12,A,9,A,10.5,A
2000-07-08,12,A,8.5,A,10,A
2000-07-09,12,A,10,A,11.5,A
2000-07-10,12,A,10,A,11,A
2000-07-11,13.5,A,10.5,A,12,A
2000-07-12,14,A,12.5,A,13,A
2000-07-13,13.5,A,12.5,A,13,A
2000-07-14,13,A,11.5,A,12,A
2000-07-15,12.5,A,10,A,11,A
2000-07-16,12,A,10,A,11,A
2000-07-17,10.5,A,9,A,10,A
2000-07-18,9.5,A,8,A,9,A
2000-07-19,11.5,A,9,A,10,A
2000-07-20,10.5,A,9,A,10,A
2000-07-21,11,A,10,A,10.5,A
2000-07-22,11.5,A,10,A,10.5,A
2000-07-23,12,A,10.5,A,11,A
2000-07-24,11.5,A,10.5,A,11,A
2000-07-25,12,A,10,A,11,A
2000-07-26,12.5,A,10,A,11.5,A
2000-07-27,12.5,A,10.5,A,11.5,A
2000-07-28,12.5,A,10,A,11.5,A
2000-07-29,12.5,A,12,A,12.5,A
2000-07-30,12.5,A,11,A,11.5,A
2000-07-31,12,A,11,A,11.5,A
2000-08-01,12,A,10.5,A,11,A
2000-08-02,11.5,A,10,A,10.5,A
2000-08-03,11.5,A,10,A,10.5,A
2000-08-04,11.5,A,10,A,10.5,A
2000-08-05,11,A,9.5,A,10.5,A
2000-08-06,12,A,10,A,11,A
2000-08-07,12,A,11,A,11.5,A
2000-08-08,12.5,A,9.5,A,11,A
2000-08-09,13,A,11,A,12,A
2000-08-10,12.5,A,10,A,11.5,A
2000-08-11,12.5,A,10,A,11.5,A
2000-08-12,13,A,10.5,A,12,A
2000-08-13,14,A,12,A,13,A
2000-08-14,15,A,11,A,13,A
2000-08-15,14,A,10.5,A,12,A
2000-08-16,11,A,9.5,A,10.5,A
2000-08-17,11.5,A,9,A,10.5,A
2000-08-18,12.5,A,10.5,A,11.5,A
2000-08-19,13.5,A,11.5,A,12.5,A
2000-08-20,13,A,11,A,12,A
2000-08-21,13,A,11,A,12,A
2000-08-22,12.5,A,11,A,11.5,A
2000-08-23,12.5,A,10.5,A,11.5,A
2000-08-24,12.5,A,11,A,12,A
2000-08-25,12.5,A,11,A,12,A
2000-08-26,12,A,10.5,A,11.5,A
2000-08-27,12,A,11,A,11.5,A
2000-08-28,12,A,11,A,11.5,A
2000-08-29,12,A,11,A,11.5,A
2000-08-30,11,A,9.5,A,10,A
2000-08-31,10,A,8,A,9,A
2000-09-01,10.5,A,9.5,A,10,A
2000-09-02,10.5,A,9,A,9.5,A
2000-09-03,11,A,9.5,A,10,A
2000-09-04,10.5,A,8.5,A,9.5,A
2000-09-05,10.5,A,9.5,A,10,A
2000-09-06,11,A,10,A,10,A
2000-09-07,10.5,A,9,A,10,A
2000-09-08,10.5,A,8.5,A,9.5,A
2000-09-09,10,A,8,A,9,A
2000-09-10,10,A,9,A,9.5,A
2000-09-11,10.5,A,8.5,A,9.5,A
2000-09-12,10,A,8.5,A,9,A
2000-09-13,9,A,8.5,A,9,A
2000-09-14,10,A,8.5,A,9,A
2000-09-15,9.5,A,8.5,A,9,A
2000-09-16,9.5,A,8,A,8.5,A
2000-09-17,9,A,7.5,A,8.5,A
2000-09-18,9,A,7,A,8,A
2000-09-19,8.5,A,7.5,A,8,A
2000-09-20,8.5,A,7.5,A,8,A
2000-09-21,10,A,8.5,A,9,A
2000-09-22,9.5,A,9,A,9.5,A
2000-09-23,9.5,A,8,A,8.5,A
2000-09-24,9,A,8,A,8.5,A
2000-09-25,9,A,8.5,A,8.5,A
2000-09-26,9,A,8,A,8.5,A
2000-09-27,8.5,A,7.5,A,8,A
2000-09-28,7.5,A,7,A,7,A
2000-09-29,7,A,6,A,6.5,A
2000-09-30,7,A,6,A,6.5,A
2000-10-01,7,A,6,A,6.5,A
2000-10-02,7,A,6,A,6.5,A
2000-10-03,7,A,6.5,A,6.5,A
2000-10-04,7,A,6.5,A,7,A
2000-10-05,7,A,6,A,6.5,A
2000-10-06,7.5,A,6.5,A,7,A
2000-10-07,7.5,A,6.5,A,7,A
2000-10-08,7,A,6,A,6.5,A
2000-10-09,7,A,6,A,6.5,A
2000-10-10,6,A,5,A,5.5,A
2000-10-11,6,A,5,A,5.5,A
2000-10-12,6.5,A,5.5,A,6,A
2000-10-13,6,A,5,A,6,A
2000-10-14,6.5,A,5.5,A,6,A
2000-10-15,6,A,5,A,5.5,A
2000-10-16,6,A,5.5,A,5.5,A
2000-10-17,6,A,5,A,5.5,A
2000-10-18,5.5,A,5,A,5.5,A
2000-10-19,5.5,A,4,A,5,A
2000-10-20,5.5,A,4.5,A,5,A
2000-10-21,5,A,3.5,A,4.5,A
2000-10-22,4.5,A,3.5,A,4,A
2000-10-23,5,A,4,A,4.5,A
2000-10-24,5,A,4,A,4.5,A
2000-10-25,5,A,4.5,A,4.5,A
2000-10-26,4.5,A,4,A,4.5,A
2000-10-27,4,A,3,A,3.5,A
2000-10-28,3.5,A,2.5,A,3,A
2000-10-29,4,A,3,A,3.5,A
2000-10-30,3.5,A,2.5,A,3,A
2000-10-31,4,A,2.5,A,3.5,A
2000-11-01,4,A,3,A,3,A
2000-11-02,3,A,2.5,A,2.5,A
2000-11-03,3,A,2.5,A,3,A
2000-11-04,3,A,2,A,2.5,A
2000-11-05,3.5,A,2.5,A,3,A
2000-11-06,3,A,2,A,2.5,A
2000-11-07,3,A,2,A,2.5,A
2000-11-08,3,A,1.5,A,2.5,A
2000-11-09,3.5,A,2.5,A,3,A
2000-11-10,4,A,3,A,3.5,A
2000-11-11,4,A,2.5,A,3.5,A
2000-11-12,2.5,A,2,A,2.5,A
2000-11-13,3.5,A,2.5,A,3,A
2000-11-14,3,A,2.5,A,3,A
2000-11-15,2.5,A,1.5,A,2,A
2000-11-16,3,A,2,A,2.5,A
2000-11-17,3,A,2,A,2.5,A
2000-11-18,3,A,2,A,2.5,A
2000-11-19,3.5,A,2.5,A,3,A
2000-11-20,3.5,A,3,A,3.5,A
2000-11-21,3.5,A,3,A,3,A
2000-11-22,3,A,2.5,A,3,A
2000-11-23,3,A,2,A,2.5,A
2000-11-24,2.5,A,1.5,A,2,A
2000-11-25,2,A,1.5,A,1.5,A
2000-11-26,2,A,0.5,A,1,A
2000-11-27,2,A,1.5,A,2,A
2000-11-28,3,A,2,A,2.5,A
2000-11-29,3.5,A,2.5,A,3,A
2000-11-30,3,A,2,A,3,A
2000-12-01,2,A,0,A,1,A
2000-12-02,0.5,A,0,A,0,A
2000-12-03,1,A,0,A,0.5,A
2000-12-04,1.5,A,0.5,A,1,A
2000-12-05,3,A,1.5,A,2,A
2000-12-06,2.5,A,2,A,2.5,A
2000-12-07,3,A,2,A,2.5,A
2000-12-08,2.5,A,1.5,A,2,A
2000-12-09,2.5,A,1.5,A,2,A
2000-12-10,2,A,1.5,A,1.5,A
2000-12-11,2.5,A,1.5,A,2,A
2000-12-12,2.5,A,1.5,A,2,A
2000-12-13,2,A,1,A,1.5,A
2000-12-14,1.5,A,0.5,A,1,A
2000-12-15,1,A,0,A,0.5,A
2000-12-16,1,A,0,A,0.5,A
2000-12-17,0.5,A,0,A,0,A
2000-12-18,2,A,0,A,1,A
2000-12-19,2.5,A,1.5,A,2,A
2000-12-20,2,A,1.5,A,2,A
2000-12-21,2,A,0.5,A,1.5,A
2000-12-22,0.5,A,0,A,0,A
2000-12-23,0.5,A,0,A,0.5,A
2000-12-24,1,A,0.5,A,1,A
2000-12-25,1,A,0.5,A,1,A
2000-12-26,1.5,A,1,A,1,A
2000-12-27,1.5,A,0.5,A,1,A
2000-12-28,2,A,1,A,1.5,A
2000-12-29,2.5,A,1.5,A,2,A
2000-12-30,2.5,A,1.5,A,2,A
2000-12-31,2,A,1.5,A,2,A
2001-01-01,2,A,1,A,1.5,A
2001-01-02,1.5,A,0.5,A,1,A
2001-01-03,1,A,0,A,0.5,A
2001-01-04,1,A,0,A,0.5,A
2001-01-05,1,A,0,A,0.5,A
2001-01-06,0.5,A,0,A,0,A
2001-01-07,1,A,0,A,0.5,A
2001-01-08,2,A,1,A,1.5,A
2001-01-09,1.5,A,1,A,1.5,A
2001-01-10,1.5,A,0,A,1,A
2001-01-11,0.5,A,0,A,0,A
2001-01-12,0.5,A,0,A,0,A
2001-01-13,1.5,A,0.5,A,1,A
2001-01-14,2.5,A,1,A,1.5,A
2001-01-15,2.5,A,1.5,A,2,A
2001-01-16,2,A,1,A,1,A
2001-01-17,1.5,A,0.5,A,1,A
2001-01-18,2.5,A,1.5,A,2,A
2001-01-19,2.5,A,2,A,2,A
2001-01-20,2,A,1.5,A,2,A
2001-01-21,2,A,1.5,A,2,A
2001-01-22,2.5,A,1.5,A,2,A
2001-01-23,2,A,1.5,A,2,A
2001-01-24,2,A,1.5,A,2,A
2001-01-25,2,A,1.5,A,1.5,A
2001-01-26,2,A,1.5,A,2,A
2001-01-27,2,A,1.5,A,2,A
2001-01-28,1.5,A,0.5,A,1,A
2001-01-29,1.5,A,0.5,A,1,A
2001-01-30,1,A,0.5,A,1,A
2001-01-31,1.5,A,0.5,A,1,A
2001-02-01,1,A,0,A,1,A
2001-02-02,1,A,0,A,0.5,A
2001-02-03,1,A,0,A,0.5,A
2001-02-04,1,A,0,A,0.5,A
2001-02-05,1,A,0.5,A,0.5,A
2001-02-06,1.5,A,0.5,A,1,A
2001-02-07,2,A,0.5,A,1.5,A
2001-02-08,1,A,0,A,0,A
2001-02-09,0.5,A,0,A,0,A
2001-02-10,0.5,A,0,A,0,A
2001-02-11,0.5,A,0,A,0,A
2001-02-12,1,A,0,A,0.5,A
2001-02-13,1,A,0,A,0,A
2001-02-14,0.5,A,0,A,0,A
2001-02-15,0.5,A,0,A,0,A
2001-02-16,0.5,A,0,A,0,A
2001-02-17,1,A,0,A,0.5,A
2001-02-18,1,A,0,A,0.5,A
2001-02-19,2,A,0,A,1,A
2001-02-20,2,A,1,A,1.5,A
2001-02-21,2,A,1.5,A,1.5,A
2001-02-22,1.5,A,1,A,1.5,A
2001-02-23,1.5,A,0,A,0.5,A
2001-02-24,0.5,A,0,A,0,A
2001-02-25,0.5,A,0,A,0,A
2001-02-26,1,A,0,A,0.5,A
2001-02-27,1.5,A,0.5,A,1,A
2001-02-28,1,A,0,A,0.5,A
2001-03-01,1,A,0,A,0.5,A
2001-03-02,1,A,0,A,0.5,A
2001-03-03,0.5,A,0,A,0,A
2001-03-04,1,A,0,A,0,A
2001-03-05,2,A,0.5,A,1.5,A
2001-03-06,2,A,1,A,1.5,A
2001-03-07,2.5,A,1,A,1.5,A
2001-03-08,1.5,A,0.5,A,1,A
2001-03-09,2,A,0.5,A,1.5,A
2001-03-10,3,A,1.5,A,2,A
2001-03-11,3,A,2,A,2.5,A
2001-03-12,3,A,2,A,2.5,A
2001-03-13,2.5,A,0.5,A,1.5,A
2001-03-14,2.5,A,1,A,2,A
2001-03-15,2,A,1,A,1.5,A
2001-03-16,3,A,1,A,2,A
2001-03-17,2.5,A,0.5,A,1.5,A
2001-03-18,1.5,A,0,A,1,A
2001-03-19,1,A,0,A,0.5,A
2001-03-20,1,A,0,A,0.5,A
2001-03-21,1,A,0,A,0.5,A
2001-03-22,0.5,A,0,A,0,A
2001-03-23,0.5,A,0,A,0,A
2001-03-24,0,A,0,A,0,A
2001-03-25,0.5,A,0,A,0,A
2001-03-26,2,A,0,A,1,A
2001-03-27,3,A,1,A,2,A
2001-03-28,3.5,A,1.5,A,2.5,A
2001-03-29,3,A,1,A,2,A
2001-03-30,2,A,0.5,A,1,A
2001-03-31,3,A,0,A,1.5,A
2001-04-01,3,A,0,A,1.5,A
2001-04-02,3.5,A,1,A,2.5,A
2001-04-03,3,A,2,A,2.5,A
2001-04-04,3,A,2,A,2.5,A
2001-04-05,3.5,A,0,A,2,A
2001-04-06,3,A,0.5,A,2,A
2001-04-07,3,A,1,A,2,A
2001-04-08,4.5,A,1.5,A,3,A
2001-04-09,3.5,A,1.5,A,2.5,A
2001-04-10,3.5,A,1.5,A,3,A
2001-04-11,4.5,A,2,A,3,A
2001-04-12,4,A,2,A,3,A
2001-04-13,4,A,1.5,A,2.5,A
2001-04-14,5,A,1.5,A,3,A
2001-04-15,4,A,1.5,A,3,A
2001-04-16,4.5,A,2,A,3,A
2001-04-17,4.5,A,2,A,3,A
2001-04-18,5,A,2,A,3,A
2001-04-19,5,A,2.5,A,3.5,A
2001-04-20,5.5,A,2,A,4,A
2001-04-21,5.5,A,3.5,A,4.5,A
2001-04-22,6,A,3,A,4.5,A
2001-04-23,5.5,A,3,A,4,A
2001-04-24,6,A,2.5,A,4.5,A
2001-04-25,5.5,A,3.5,A,4.5,A
2001-04-26,7,A,4,A,5.5,A
2001-04-27,6,A,4,A,5,A
2001-04-28,5.5,A,4,A,4.5,A
2001-04-29,7,A,3.5,A,5,A
2001-04-30,7,A,4.5,A,6,A
2001-05-01,6,A,4,A,5,A
2001-05-02,5,A,3,A,4,A
2001-05-03,4.5,A,3,A,3.5,A
2001-05-04,4,A,2,A,3,A
2001-05-05,5,A,1.5,A,3.5,A
2001-05-06,5.5,A,3.5,A,4.5,A
2001-05-07,6.5,A,4,A,5,A
2001-05-08,6.5,A,4,A,5,A
2001-05-09,6.5,A,4.5,A,5.5,A
2001-05-10,7,A,4.5,A,6,A
2001-05-11,8,A,4,A,6,A
2001-05-12,9,A,5,A,7,A
2001-05-13,9.5,A,5.5,A,7.5,A
2001-05-14,10,A,6,A,8,A
2001-05-15,10.5,A,7.5,A,9,A
2001-05-16,9.5,A,7.5,A,8,A
2001-05-17,8.5,A,6,A,7.5,A
2001-05-18,9.5,A,6.5,A,8,A
2001-05-19,8.5,A,6,A,7,A
2001-05-20,9,A,6.5,A,7.5,A
2001-05-21,8.5,A,7,A,8,A
2001-05-22,7.5,A,5.5,A,6.5,A
2001-05-23,7.5,A,5,A,6.5,A
2001-05-24,7.5,A,5.5,A,6.5,A
2001-05-25,7,A,5.5,A,6,A
2001-05-26,6.5,A,5,A,5.5,A
2001-05-27,8.5,A,4.5,A,6.5,A
2001-05-28,9.5,A,7,A,8,A
2001-05-29,9.5,A,7.5,A,8.5,A
2001-05-30,9,A,7,A,8,A
2001-05-31,8,A,6.5,A,7.5,A
2001-06-01,9,A,6.5,A,8,A
2001-06-02,10,A,7,A,8.5,A
2001-06-03,11.5,A,8,A,9.5,A
2001-06-04,10.5,A,8,A,9,A
2001-06-05,9.5,A,8,A,8.5,A
2001-06-06,9,A,7,A,8,A
2001-06-07,8,A,6,A,7,A
2001-06-08,9.5,A,6.5,A,8,A
2001-06-09,10.5,A,7.5,A,8.5,A
2001-06-10,10,A,8,A,9,A
2001-06-11,9.5,A,7,A,8,A
2001-06-12,10,A,7.5,A,9,A
2001-06-13,11,A,9,A,10,A
2001-06-14,11.5,A,9,A,10,A
2001-06-15,11,A,7.5,A,9.5,A
2001-06-16,12.5,A,8,A,10,A
2001-06-17,12,A,8.5,A,10.5,A
2001-06-18,12,A,9.5,A,11,A
2001-06-19,12,A,10,A,11,A
2001-06-20,12,A,10,A,11,A
2001-06-21,13,A,11,A,12,A
2001-06-22,13.5,A,9.5,A,12,A
2001-06-23,13,A,11,A,12.5,A
2001-06-24,13,A,9.5,A,11.5,A
2001-06-25,13.5,A,8.5,A,11,A
2001-06-26,13.5,A,10,A,12,A
2001-06-27,13,A,10,A,12,A
2001-06-28,13,A,9,A,11,A
2001-06-29,14,A,9.5,A,12,A
2001-06-30,12.5,A,9.5,A,10.5,A
2001-07-01,11.5,A,9,A,10.5,A
2001-07-02,12.5,A,9,A,11,A
2001-07-03,11.5,A,9,A,10,A
2001-07-04,11,A,8.5,A,10,A
2001-07-05,10.5,A,9,A,10,A
2001-07-06,11.5,A,10,A,11,A
2001-07-07,12.5,A,11,A,12,A
2001-07-08,13.5,A,11.5,A,12.5,A
2001-07-09,13.5,A,12,A,13,A
2001-07-10,13.5,A,12.5,A,13,A
2001-07-11,13,A,12,A,12.5,A
2001-07-12,12.5,A,10.5,A,11,A
2001-07-13,11.5,A,10,A,11,A
2001-07-14,12,A,10,A,11,A
2001-07-15,11.5,A,10.5,A,11,A
2001-07-16,11.5,A,10,A,11,A
2001-07-17,12.5,A,10.5,A,11.5,A
2001-07-18,12,A,10.5,A,11.5,A
2001-07-19,14,A,11.5,A,13,A
2001-07-20,13,A,11,A,11.5,A
2001-07-21,12,A,10,A,11,A
2001-07-22,12,A,10,A,10.5,A
2001-07-23,12,A,11.5,A,12,A
2001-07-24,12,A,11,A,11.5,A
2001-07-25,12,A,11,A,11.5,A
2001-07-26,13,A,10.5,A,12,A
2001-07-27,13.5,A,11.5,A,12.5,A
2001-07-28,13,A,11.5,A,12.5,A
2001-07-29,12.5,A,10.5,A,12,A
2001-07-30,12.5,A,12,A,12.5,A
2001-07-31,12.5,A,11.5,A,12,A
2001-08-01,12.5,A,10.5,A,11.5,A
2001-08-02,13,A,11,A,12,A
2001-08-03,12.5,A,10.5,A,11,A
2001-08-04,11.5,A,10,A,10.5,A
2001-08-05,12.5,A,10.5,A,11,A
2001-08-06,13.5,A,11,A,12.5,A
2001-08-07,15,A,12,A,13.5,A
2001-08-08,14.5,A,13,A,14,A
2001-08-09,14,A,12.5,A,13,A
2001-08-10,14,A,13,A,13.5,A
2001-08-11,14,A,12.5,A,13.5,A
2001-08-12,14,A,12.5,A,13.5,A
2001-08-13,14.5,A,12.5,A,13.5,A
2001-08-14,14.5,A,12,A,13.5,A
2001-08-15,14.5,A,13.5,A,14,A
2001-08-16,13.5,A,12,A,12.5,A
2001-08-17,13.5,A,12,A,12.5,A
2001-08-18,13,A,12,A,12.5,A
2001-08-19,12.5,A,11.5,A,12,A
2001-08-20,12.5,A,11,A,11.5,A
2001-08-21,11.5,A,10.5,A,11,A
2001-08-22,12.5,A,10.5,A,11.5,A
2001-08-23,12,A,10.5,A,11.5,A
2001-08-24,12.5,A,11,A,12,A
2001-08-25,12.5,A,11.5,A,12,A
2001-08-26,13,A,11.5,A,12.5,A
2001-08-27,12.5,A,12,A,12,A
2001-08-28,12,A,11,A,11.5,A
2001-08-29,11.5,A,10.5,A,11,A
2001-08-30,11.5,A,10.5,A,11,A
2001-08-31,11.5,A,10.5,A,11,A
2001-09-01,11.5,A,10,A,11,A
2001-09-02,11.5,A,10.5,A,11,A
2001-09-03,11.5,A,10.5,A,11,A
2001-09-04,11.5,A,11,A,11,A
2001-09-05,11,A,9.5,A,10,A
2001-09-06,9.5,A,8,A,8.5,A
2001-09-07,10,A,9,A,9.5,A
2001-09-08,10,A,9,A,9.5,A
2001-09-09,10.5,A,8.5,A,9.5,A
2001-09-10,10.5,A,9,A,10,A
2001-09-11,10.5,A,9.5,A,10,A
2001-09-12,10.5,A,9.5,A,10,A
2001-09-13,10,A,9,A,9.5,A
2001-09-14,9.5,A,9,A,9.5,A
2001-09-15,10,A,8.5,A,9.5,A
2001-09-16,10.5,A,9,A,9.5,A
2001-09-17,10,A,9,A,9.5,A
2001-09-18,10,A,9,A,9.5,A
2001-09-19,9.5,A,9,A,9.5,A
2001-09-20,10,A,9,A,9.5,A
2001-09-21,9.5,A,9,A,9.5,A
2001-09-22,9,A,8,A,8.5,A
2001-09-23,9,A,8.5,A,8.5,A
2001-09-24,8.5,A,8,A,8.5,A
2001-09-25,9,A,8,A,8.5,A
2001-09-26,9,A,8,A,8.5,A
2001-09-27,8.5,A,8,A,8.5,A
2001-09-28,8.5,A,8,A,8.5,A
2001-09-29,8.5,A,7.5,A,8,A
2001-09-30,8.5,A,7.5,A,8,A
2014-05-09,9.4,A,5.8,A,7.6,A
2014-05-10,9.9,A,6.4,A,8.2,A
2014-05-11,10.4,A,6.9,A,8.6,A
2014-05-12,9.8,A,7.8,A,8.7,A
2014-05-13,9.4,A,7,A,8.3,A
2014-05-14,9.5,A,6.9,A,8.2,A
2014-05-15,9.7,A,6.7,A,8.3,A
2014-05-16,9.8,A,7.3,A,8.6,A
2014-05-17,10.3,A,7.7,A,9.1,A
2014-05-18,10.1,A,7.8,A,9.1,A
2014-05-19,8.3,A,6.6,A,7.4,A
2014-05-20,8.4,A,5.7,A,7,A
2014-05-21,7.9,A,6.3,A,6.9,A
2014-05-22,8.1,A,5.9,A,7,A
2014-05-23,8.7,A,6.4,A,7.5,A
2014-05-24,8.2,A,6.4,A,7.2,A
2014-05-25,9.3,A,5.7,A,7.4,A
2014-05-26,8.6,A,6.6,A,7.5,A
2014-05-27,7.7,A,6.1,A,6.8,A
2014-05-28,7.7,A,6.9,A,7.4,A
2014-05-29,7.6,A,6.7,A,7.1,A
2014-05-30,8,A,6.7,A,7.2,A
2014-05-31,7.7,A,6.2,A,7,A
2014-06-01,7,A,5.7,A,6.3,A
2014-06-02,8.5,A,5.6,A,6.9,A
2014-06-03,9.6,A,6.6,A,7.9,A
2014-06-04,9.4,A,7.5,A,8.6,A
2014-06-05,9.6,A,7.2,A,8.5,A
2014-06-06,11.3,A,8.4,A,9.7,A
2014-06-07,10.6,A,8.1,A,8.8,A
2014-06-08,9.7,A,7.4,A,8.4,A
2014-06-09,9.1,A,7.5,A,8.1,A
2014-06-10,8.8,A,6.8,A,7.7,A
2014-06-11,8.9,A,7.4,A,8.1,A
2014-06-12,8.8,A,7.4,A,8.1,A
2014-06-13,8.9,A,7.7,A,8.3,A
2014-06-14,9.4,A,7.9,A,8.7,A
2014-06-15,9.3,A,8,A,8.7,A
2014-06-16,8.7,A,7.6,A,8,A
2014-06-17,9.6,A,7.2,A,8.4,A
2014-06-18,9.4,A,8.1,A,8.8,A
2014-06-19,11,A,8.1,A,9.4,A
2014-06-20,11.8,A,9.1,A,10.3,A
2014-06-21,11.1,A,9.4,A,9.9,A
2014-06-22,9.5,A,8.3,A,9,A
2014-06-23,10.1,A,7.8,A,9.1,A
2014-06-24,11.8,A,9.2,A,10.3,A
2014-06-25,11.2,A,10,A,10.6,A
2014-06-26,10.3,A,9.2,A,9.5,A
2014-06-27,9.7,A,8.3,A,8.9,A
2014-06-28,11.6,A,8,A,9.7,A
2014-06-29,12.5,A,10.2,A,11.2,A
2014-06-30,11.3,A,9.5,A,10.4,A
2014-07-01,12.9,A,10,A,11.3,A
2014-07-02,12.8,A,9.5,A,11.5,A
2014-07-03,12.5,A,10.5,A,11.4,A
2014-07-04,13,A,9.3,A,11.2,A
2014-07-05,15.7,A,11.4,A,13.2,A
2014-07-06,14.6,A,12.9,A,14.1,A
2014-07-07,14.1,A,12.4,A,13.1,A
2014-07-08,13.4,A,11.8,A,12.5,A
2014-07-09,12.7,A,11.1,A,11.5,A
2014-07-10,12,A,11.4,A,11.8,A
2014-07-11,12.4,A,11,A,11.5,A
2014-07-12,12.4,A,11,A,11.7,A
2014-07-13,12.4,A,10.9,A,11.6,A
2014-07-14,12.9,A,11,A,11.9,A
2014-07-15,13,A,11,A,11.9,A
2014-07-16,12.6,A,10.9,A,11.7,A
2014-07-17,13.9,A,10.5,A,12.3,A
2014-07-18,14.4,A,13.2,A,13.7,A
2014-07-19,13.5,A,11.2,A,12.3,A
2014-07-20,13.1,A,9.7,A,11.2,A
2014-07-21,12.9,A,10.6,A,11.7,A
2014-07-22,12.9,A,10.5,A,11.8,A
2014-07-23,12.6,A,9.8,A,11.6,A
2014-07-24,13.5,A,11.6,A,12.8,A
2014-07-25,12.6,A,11.9,A,12.4,A
2014-07-26,13.2,A,11.5,A,12.4,A
2014-07-27,15.4,A,12,A,13.5,A
2014-07-28,14.5,A,13.7,A,14.1,A
2014-07-29,14.7,A,12.9,A,13.8,A
2014-07-30,15.9,A,13,A,14.3,A
2014-07-31,15.4,A,13.5,A,14.5,A
2014-08-01,14.7,A,12,A,13.6,A
2014-08-02,14.5,A,11.4,A,13.4,A
2014-08-03,15.2,A,13.4,A,14.3,A
2014-08-04,14.7,A,13.9,A,14.3,A
2014-08-05,15.2,A,13.6,A,14.3,A
2014-08-06,14.7,A,13.6,A,14.2,A
2014-08-07,14.3,A,13.1,A,13.8,A
2014-08-08,14.1,A,12.2,A,12.8,A
2014-08-09,12.6,A,12,A,12.3,A
2014-08-10,13,A,12.1,A,12.5,A
2014-08-11,13.7,A,12.7,A,13.1,A
2014-08-12,13.3,A,12.6,A,12.8,A
2014-08-13,13,A,12.3,A,12.6,A
2014-08-14,12.8,A,12.2,A,12.5,A
2014-08-15,12.6,A,12,A,12.3,A
2014-08-16,12.3,A,11.6,A,12,A
2014-08-17,12.2,A,11,A,11.6,A
2014-08-18,11.8,A,10.2,A,10.9,A
2014-08-19,12.3,A,10.3,A,11.3,A
2014-08-20,12.5,A,11.5,A,12,A
2014-08-21,12.3,A,10.8,A,11.7,A
2014-08-22,13.5,A,11,A,12.3,A
2014-08-23,13.1,A,11.9,A,12.5,A
2014-08-24,12.8,A,11.7,A,12.2,A
2014-08-25,11.8,A,11,A,11.4,A
2014-08-26,11.8,A,10.8,A,11.3,A
2014-08-27,12.2,A,11.3,A,11.7,A
2014-08-28,12,A,10.9,A,11.4,A
2014-08-29,11.6,A,10.6,A,11,A
2014-08-30,11.6,A,10.3,A,11,A
2014-08-31,11.5,A,10.6,A,11.1,A
2014-09-01,11.2,A,9.6,A,10.5,A
2014-09-02,11,A,9.7,A,10.3,A
2014-09-03,11.3,A,9.3,A,10.3,A
2014-09-04,11,A,10,A,10.4,A
2014-09-05,10.5,A,10.1,A,10.3,A
2014-09-06,11.1,A,9.8,A,10.4,A
2014-09-07,11,A,9.6,A,10.4,A
2014-09-08,10.7,A,9.9,A,10.3,A
2014-09-09,10.7,A,9.9,A,10.3,A
2014-09-10,10.6,A,9.8,A,10.2,A
2014-09-11,11,A,10.1,A,10.5,A
2014-09-12,11,A,10.5,A,10.8,A
2014-09-13,11,A,10.5,A,10.8,A
2014-09-14,10.6,A,9.6,A,9.9,A
2014-09-15,10.1,A,9.8,A,9.9,A
2014-09-16,9.9,A,9.4,A,9.7,A
2014-09-17,9.8,A,9.3,A,9.5,A
2014-09-18,9.7,A,9.2,A,9.4,A
2014-09-19,9.3,A,9,A,9.2,A
2014-09-20,9.2,A,8.6,A,8.9,A
2014-09-21,9.2,A,8.8,A,9,A
2014-09-22,9,A,8.1,A,8.6,A
2014-09-23,9,A,8.2,A,8.6,A
2014-09-24,9.2,A,8.1,A,8.6,A
2014-09-25,8.8,A,7.8,A,8.4,A
2014-09-26,8.8,A,7.6,A,8.3,A
2014-09-27,8.7,A,8,A,8.3,A
2014-09-28,8.8,A,7.7,A,8.3,A
2014-09-29,8.5,A,7.4,A,7.9,A
2014-09-30,8,A,7,A,7.5,A
2014-10-01,7.8,A,6.7,A,7.3,A
2014-10-02,7.5,A,6.6,A,7.2,A
2014-10-03,7.7,A,6.8,A,7.2,A
2014-10-04,7.5,A,7,A,7.3,A
2014-10-05,7.4,A,6.8,A,7.1,A
2014-10-06,7,A,6.3,A,6.6,A
2014-10-07,6.4,A,5.3,A,5.8,A
2014-10-08,5.7,A,4.7,A,5.3,A
2014-10-09,5.5,A,4.8,A,5.1,A
2014-10-10,5.8,A,4.7,A,5.3,A
2014-10-11,6.4,A,5.8,A,6.1,A
2014-10-12,6.1,A,5.6,A,5.8,A
2014-10-13,6.2,A,5.6,A,5.9,A
2014-10-14,6.1,A,5.3,A,5.6,A
2014-10-15,5.4,A,4.4,A,5,A
2014-10-16,6,A,5.2,A,5.6,A
2014-10-17,5.9,A,5.5,A,5.6,A
2014-10-18,5.6,A,5,A,5.4,A
2014-10-19,5.5,A,4.9,A,5.2,A
2014-10-20,5.3,A,4.8,A,5.1,A
2014-10-21,5.4,A,4.6,A,5.1,A
2014-10-22,4.6,A,3.4,A,4,A
2014-10-23,4.1,A,3.4,A,3.7,A
2014-10-24,4.3,A,3.6,A,3.9,A
2014-10-25,4,A,3,A,3.5,A
2014-10-26,3.4,A,2.7,A,3.1,A
2014-10-27,3.6,A,2.9,A,3.2,A
2014-10-28,3.2,A,2.6,A,2.9,A
2014-10-29,2.7,A,1.7,A,2.3,A
2014-10-30,3.3,A,2.5,A,2.8,A
2014-10-31,2.8,A,1.8,A,2.3,A
2014-11-01,3.2,A,2.7,A,2.9,A
2014-11-02,3.3,A,2.4,A,2.9,A
2014-11-03,3.2,A,2.6,A,3,A
2014-11-04,3.1,A,2.1,A,2.5,A
2014-11-05,3,A,2.2,A,2.5,A
2014-11-06,2.6,A,1.7,A,2.1,A
2014-11-07,2.7,A,2.2,A,2.4,A
2014-11-08,3.3,A,2.4,A,2.7,A
2014-11-09,3.8,A,3.3,A,3.5,A
2014-11-10,3.8,A,3.1,A,3.3,A
2014-11-11,4.3,A,3.3,A,3.9,A
2014-11-12,4.3,A,3.6,A,4,A
2014-11-13,3.6,A,2.7,A,3.3,A
2014-11-14,2.7,A,2.1,A,2.3,A
2014-11-15,2.5,A,2.1,A,2.2,A
2014-11-16,3.3,A,2.5,A,3,A
2014-11-17,3.5,A,3,A,3.2,A
2014-11-18,3.8,A,3.3,A,3.5,A
2014-11-19,3.4,A,3.1,A,3.3,A
2014-11-20,3.5,A,3.1,A,3.3,A
2014-11-21,3.5,A,3.1,A,3.4,A
2014-11-22,3.1,A,2.7,A,2.9,A
2014-11-23,2.9,A,2.4,A,2.7,A
2014-11-24,2.9,A,2.5,A,2.7,A
2014-11-25,2.9,A,2.4,A,2.6,A
2014-11-26,3.1,A,2.3,A,2.8,A
2014-11-27,2.3,A,1.6,A,1.8,A
2014-11-28,2.9,A,1.8,A,2.4,A
2014-11-29,3,A,2.5,A,2.8,A
2014-11-30,3,A,2.4,A,2.6,A
2014-12-01,3,A,2.3,A,2.6,A
2014-12-02,3.3,A,2.5,A,3.1,A
2014-12-03,3.2,A,2.7,A,2.9,A
2014-12-04,2.9,A,2.6,A,2.8,A
2014-12-05,2.7,A,2.4,A,2.6,A
2014-12-06,2.9,A,2.6,A,2.8,A
2014-12-07,3.1,A,2.8,A,2.9,A
2014-12-08,3.2,A,2.9,A,3,A
2014-12-09,3.1,A,2.8,A,3,A
2014-12-10,2.8,A,2.1,A,2.3,A
2014-12-11,2.6,A,2.1,A,2.3,A
2014-12-12,2.7,A,2.3,A,2.6,A
2014-12-13,2.4,A,2,A,2.1,A
2014-12-14,2.4,A,2,A,2.2,A
2014-12-15,2.6,A,2.1,A,2.4,A
2014-12-16,2.7,A,2.4,A,2.6,A
2014-12-17,2.7,A,2.5,A,2.6,A
2014-12-18,2.6,A,1.1,A,1.7,A
2014-12-19,1.2,A,1,A,1.1,A
2014-12-20,1.1,A,0.5,A,0.8,A
2014-12-21,1.2,A,0.5,A,0.8,A
2014-12-22,2.1,A,1.2,A,1.6,A
2014-12-23,1.9,A,1.2,A,1.8,A
2014-12-24,1.7,A,1.1,A,1.3,A
2014-12-25,1.7,A,1.4,A,1.5,A
2014-12-26,1.6,A,1.2,A,1.4,A
2014-12-27,1.4,A,0.9,A,1.1,A
2014-12-28,2,A,1.1,A,1.4,A
2014-12-29,2.4,A,2,A,2.2,A
2014-12-30,2.8,A,2.3,A,2.6,A
2014-12-31,2.7,A,2.4,A,2.6,A
2015-01-01,2.4,A,1.7,A,2.2,A
2015-01-02,1.7,A,0.4,A,0.8,A
2015-01-03,0.4,A,0,A,0.3,A
2015-01-04,0,A,0,A,0,A
2015-01-05,0,A,0,A,0,A
2015-01-06,0,A,0,A,0,A
2015-01-07,0,A,0,A,0,A
2015-01-08,0,A,0,A,0,A
2015-01-09,0.7,A,0,A,0.4,A
2015-01-10,0.6,A,0.2,A,0.4,A
2015-01-11,0.4,A,0,A,0.2,A
2015-01-12,0.6,A,0,A,0.2,A
2015-01-13,1.1,A,0.6,A,0.8,A
2015-01-14,1.9,A,1.1,A,1.6,A
2015-01-15,2,A,1.6,A,1.9,A
2015-01-16,2.1,A,1.3,A,1.8,A
2015-01-17,1.3,A,0.9,A,1,A
2015-01-18,1.6,A,1,A,1.3,A
2015-01-19,1.7,A,1.4,A,1.6,A
2015-01-20,1.4,A,0,A,0.5,A
2015-01-21,0,A,0,A,0,A
2015-01-22,0,A,0,A,0,A
2015-01-23,0.3,A,0,A,0,A
2015-01-24,0.3,A,0,A,0.1,A
2015-01-25,0,A,0,A,0,A
2015-01-26,0,A,0,A,0,A
2015-01-27,0,A,0,A,0,A
2015-01-28,0,A,0,A,0,A
2015-01-29,0,A,0,A,0,A
2015-01-30,0,A,0,A,0,A
2015-01-31,0,A,0,A,0,A
2015-02-01,0,A,0,A,0,A
2015-02-02,0,A,0,A,0,A
2015-02-03,0,A,0,A,0,A
2015-02-04,0,A,0,A,0,A
2015-02-05,0,A,0,A,0,A
2015-02-06,0,A,0,A,0,A
2015-02-07,0,A,0,A,0,A
2015-02-08,0,A,0,A,0,A
2015-02-09,0,A,0,A,0,A
2015-02-10,0,A,0,A,0,A
2015-02-11,0,A,0,A,0,A
2015-02-12,0,A,0,A,0,A
2015-02-13,0,A,0,A,0,A
2015-02-14,0,A,0,A,0,A
2015-02-15,0,A,0,A,0,A
2015-02-16,0,A,0,A,0,A
2015-02-17,0,A,0,A,0,A
2015-02-18,0,A,0,A,0,A
2015-02-19,0,A,0,A,0,A
2015-02-20,0,A,0,A,0,A
2015-02-21,0,A,0,A,0,A
2015-02-22,0,A,0,A,0,A
2015-02-23,0,A,0,A,0,A
2015-02-24,0,A,0,A,0,A
2015-02-25,0,A,0,A,0,A
2015-02-26,0,A,0,A,0,A
2015-02-27,0,A,0,A,0,A
2015-02-28,0,A,0,A,0,A
2015-03-01,0,A,0,A,0,A
2015-03-02,0,A,0,A,0,A
2015-03-03,0,A,0,A,0,A
2015-03-04,0,A,0,A,0,A
2015-03-05,0,A,0,A,0,A
2015-03-06,0,A,0,A,0,A
2015-03-07,0.3,A,0,A,0,A
2015-03-08,0.2,A,0,A,0.1,A
2015-03-09,0,A,0,A,0,A
2015-03-10,0,A,0,A,0,A
2015-03-11,0,A,0,A,0,A
2015-03-12,0,A,0,A,0,A
2015-03-13,0,A,0,A,0,A
2015-03-14,0,A,0,A,0,A
2015-03-15,0,A,0,A,0,A
2015-03-16,0,A,0,A,0,A
2015-03-17,0,A,0,A,0,A
2015-03-18,0,A,0,A,0,A
2015-03-19,0,A,0,A,0,A
2015-03-20,0,A,0,A,0,A
2015-03-21,0,A,0,A,0,A
2015-03-22,0.1,A,0,A,0,A
2015-03-23,1,A,0,A,0.3,A
2015-03-24,1.6,A,0.2,A,0.8,A
2015-03-25,1.2,A,0.5,A,0.9,A
2015-03-26,2.1,A,0.7,A,1.3,A
2015-03-27,2.8,A,1.3,A,1.9,A
2015-03-28,2.8,A,1.1,A,2,A
2015-03-29,2.9,A,1.4,A,2.1,A
2015-03-30,3.3,A,1.6,A,2.4,A
2015-03-31,3.5,A,1.5,A,2.4,A
2015-04-01,3.8,A,1.3,A,2.3,A
2015-04-02,3.4,A,1.2,A,2.3,A
2015-04-03,4.3,A,1.2,A,2.7,A
2015-04-04,3.8,A,0.9,A,2.5,A
2015-04-05,3.8,A,1.9,A,2.8,A
2015-04-06,4.1,A,2.4,A,3.2,A
2015-04-07,4,A,2,A,3.3,A
2015-04-08,3,A,1.6,A,2.2,A
2015-04-09,3.8,A,1.7,A,2.6,A
2015-04-10,4.6,A,2.1,A,3.2,A
2015-04-11,3.9,A,2.1,A,2.9,A
2015-04-12,3.3,A,2.3,A,2.9,A
2015-04-13,4.8,A,1,A,2.7,A
2015-04-14,3.8,A,1.7,A,2.8,A
2015-04-15,5,A,2.1,A,3.3,A
2015-04-16,4.4,A,2.8,A,3.6,A
2015-04-17,4.6,A,2.2,A,3.5,A
2015-04-18,5.7,A,3.2,A,4.3,A
2015-04-19,5.4,A,3.9,A,4.8,A
2015-04-20,4.2,A,2.7,A,3.4,A
2015-04-21,5.5,A,2.2,A,3.6,A
2015-04-22,5.8,A,2.9,A,4.2,A
2015-04-23,6.5,A,3.3,A,4.9,A
2015-04-24,5.6,A,3.9,A,4.9,A
2015-04-25,6.7,A,3.9,A,5.2,A
2015-04-26,6.3,A,3.9,A,5.2,A
2015-04-27,6.7,A,4.7,A,5.7,A
2015-04-28,8.6,A,4.8,A,6.4,A
2015-04-29,7.5,A,5.6,A,6.4,A
2015-04-30,7.7,A,5.1,A,6.1,A
2015-05-01,7.5,A,4.9,A,6.2,A
2015-05-02,8.5,A,4.8,A,6.6,A
2015-05-03,8.3,A,5.6,A,7,A
2015-05-04,9.3,A,6,A,7.6,A
2015-05-05,8.3,A,6.5,A,7.4,A
2015-05-06,7.1,A,5.4,A,6.1,A
2015-05-07,7.4,A,5.4,A,6.3,A
2015-05-08,7.3,A,6,A,6.6,A
2015-05-09,8.2,A,6.1,A,7.1,A
2015-05-10,8.3,A,6.1,A,7.3,A
2015-05-11,8.6,A,6.3,A,7.4,A
2015-05-12,9.1,A,7,A,7.9,A
2015-05-13,8.7,A,6.6,A,7.6,A
2015-05-14,7.3,A,5.9,A,6.5,A
2015-05-15,6.8,A,5.6,A,6.3,A
2015-05-16,8.4,A,5.6,A,6.9,A
2015-05-17,9.2,A,6.5,A,7.8,A
2015-05-18,9.1,A,7,A,8.1,A
2015-05-19,8.4,A,7.3,A,7.8,A
2015-05-20,7.5,A,5.9,A,6.8,A
2015-05-21,9.2,A,6.6,A,7.8,A
2015-05-22,9.4,A,7.6,A,8.5,A
2015-05-23,8.9,A,6.8,A,7.9,A
2015-05-24,8.1,A,6.4,A,7.2,A
2015-05-25,8.7,A,6.9,A,7.7,A
2015-05-26,8.3,A,7,A,7.7,A
2015-05-27,8.9,A,6.9,A,7.9,A
2015-05-28,9.7,A,7.7,A,8.7,A
2015-05-29,10,A,7.9,A,9,A
2015-05-30,10.5,A,8.7,A,9.4,A
2015-05-31,10.5,A,8.5,A,9.4,A
2015-06-01,11.1,A,7.8,A,9.4,A
2015-06-02,11.4,A,9.5,A,10.3,A
2015-06-03,10.5,A,8.5,A,9,A
2015-06-04,8.9,A,8,A,8.5,A
2015-06-05,8.6,A,7.5,A,7.9,A
2015-06-06,9.7,A,8,A,8.7,A
2015-06-07,10.5,A,8.4,A,9.3,A
2015-06-08,9.8,A,7.9,A,8.5,A
2015-06-09,8.6,A,7.7,A,8.2,A
2015-06-10,9,A,6.9,A,7.8,A
2015-06-11,9.6,A,7.6,A,8.5,A
2015-06-12,9.8,A,7.3,A,8.6,A
2015-06-13,10.4,A,7,A,8.5,A
2015-06-14,10.7,A,7.8,A,9.5,A
2015-06-15,12.5,A,9.2,A,10.9,A
2015-06-16,15.6,A,11.4,A,13.2,A
2015-06-17,15.9,A,13.2,A,14.6,A
2015-06-18,15.2,A,9.5,A,12.5,A
2015-06-19,14.9,A,11.1,A,13.2,A
2015-06-20,14.1,A,11.2,A,12.2,A
2015-06-21,11.4,A,9.3,A,10,A
2015-06-22,12.9,A,10,A,11.3,A
2015-06-23,12.4,A,9.8,A,11.4,A
2015-06-24,11.4,A,8.4,A,9.9,A
2015-06-25,12.9,A,9.2,A,10.6,A
2015-06-26,13.2,A,11.8,A,12.2,A
2015-06-27,12.3,A,11.2,A,11.7,A
2015-06-28,12.1,A,11.2,A,11.4,A
2015-06-29,11.5,A,10.6,A,11.1,A
2015-06-30,12.8,A,11,A,11.8,A
2015-07-01,12.5,A,11.2,A,11.8,A
2015-07-02,11.7,A,9.9,A,10.8,A
2015-07-03,12.4,A,10.5,A,11.3,A
2015-07-04,12.9,A,11.6,A,12.4,A
2015-07-05,12.6,A,11.2,A,11.8,A
2015-07-06,12.4,A,11,A,11.8,A
2015-07-07,12,A,10.5,A,11.3,A
2015-07-08,10.5,A,9.3,A,9.9,A
2015-07-09,10.8,A,9.1,A,9.9,A
2015-07-10,12.9,A,10.2,A,11.2,A
2015-07-11,11.5,A,10.2,A,10.9,A
2015-07-12,12.4,A,10.4,A,11.4,A
2015-07-13,13.9,A,12.2,A,13,A
2015-07-14,13,A,11.5,A,12.2,A
2015-07-15,12.5,A,11,A,11.9,A
2015-07-16,12.2,A,11.2,A,11.8,A
2015-07-17,11.2,A,10,A,10.7,A
2015-07-18,11.4,A,9.5,A,10.4,A
2015-07-19,11.5,A,9.5,A,10.5,A
2015-07-20,12.5,A,10.1,A,11.3,A
2015-07-21,12.4,A,10.1,A,11.4,A
2015-07-22,12.7,A,10.5,A,11.6,A
2015-07-23,12.9,A,11.8,A,12.4,A
2015-07-24,13.4,A,11.4,A,12.4,A
2015-07-25,13.2,A,11.4,A,12.5,A
2015-07-26,13,A,11.5,A,12.3,A
2015-07-27,12.9,A,11.5,A,12.3,A
2015-07-28,14.2,A,12.7,A,13.5,A
2015-07-29,14.2,A,13,A,13.5,A
2015-07-30,13.7,A,12,A,12.9,A
2015-07-31,14.9,A,11.7,A,13.4,A
2015-08-01,15.5,A,13.7,A,14.6,A
2015-08-02,15.7,A,13.7,A,14.9,A
2015-08-03,15.7,A,14,A,15,A
2015-08-04,15.7,A,13,A,14.6,A
2015-08-05,16.1,A,14.4,A,15.4,A
2015-08-06,15.6,A,14.2,A,14.9,A
2015-08-07,16.9,A,14.6,A,15.6,A
2015-08-08,16.5,A,14.7,A,15.3,A
2015-08-09,15.2,A,14,A,14.8,A
2015-08-10,14.7,A,13,A,13.8,A
2015-08-11,14.7,A,13,A,13.9,A
2015-08-12,14.7,A,12.2,A,13.8,A
2015-08-13,14.7,A,12.7,A,13.9,A
2015-08-14,14.8,A,13,A,14,A
2015-08-15,14.7,A,12.9,A,13.9,A
2015-08-16,14.4,A,12.7,A,13.7,A
2015-08-17,14.2,A,13.7,A,13.9,A
2015-08-18,14,A,13,A,13.6,A
2015-08-19,13.9,A,11.1,A,12.6,A
2015-08-20,14.2,A,12.7,A,13.5,A
2015-08-21,13.8,A,12.3,A,13.3,A
2015-08-22,14.5,A,12.9,A,13.7,A
2015-08-23,14.1,A,11.9,A,12.8,A
2015-08-24,12.8,A,11.2,A,12.2,A
2015-08-25,13.7,A,11.2,A,12.5,A
2015-08-26,14.2,A,12.8,A,13.5,A
2015-08-27,14,A,12.8,A,13.5,A
2015-08-28,12.8,A,10.7,A,11.7,A
2015-08-29,11.4,A,9.6,A,10.3,A
2015-08-30,10.7,A,9.2,A,10.1,A
2015-08-31,10.5,A,9,A,9.7,A
2015-09-01,9.9,A,7.8,A,9,A
2015-09-02,10.2,A,7.9,A,9.1,A
2015-09-03,10.7,A,9.8,A,10.2,A
2015-09-04,11.1,A,10.6,A,10.8,A
2015-09-05,10.8,A,10.2,A,10.4,A
2015-09-06,10.8,A,10.2,A,10.4,A
2015-09-07,11.2,A,10.2,A,10.7,A
2015-09-08,11,A,10.2,A,10.5,A
2015-09-09,11.8,A,10.2,A,11,A
2015-09-10,11.4,A,10.1,A,10.5,A
2015-09-11,10.5,A,9.5,A,9.9,A
2015-09-12,10.5,A,9.8,A,10.1,A
2015-09-13,10.2,A,9,A,9.6,A
2015-09-14,10.2,A,9.3,A,9.8,A
2015-09-15,10.1,A,9.5,A,9.8,A
2015-09-16,9.9,A,9.3,A,9.6,A
2015-09-17,9.5,A,8.8,A,9.1,A
2015-09-18,9.3,A,8.1,A,8.7,A
2015-09-19,9,A,7.8,A,8.4,A
2015-09-20,9.2,A,8.1,A,8.6,A
2015-09-21,8.9,A,7.8,A,8.4,A
2015-09-22,8.8,A,7.6,A,8.3,A
2015-09-23,8.6,A,7.2,A,7.9,A
2015-09-24,8.1,A,6.8,A,7.5,A
2015-09-25,8.1,A,6.8,A,7.5,A
2015-09-26,8.7,A,8,A,8.3,A
2015-09-27,8.7,A,8.3,A,8.5,A
2015-09-28,8.8,A,8.5,A,8.7,A
2015-09-29,8.8,A,7.3,A,8.2,A
2015-09-30,7.4,A,6.4,A,6.9,A
2015-10-01,6.8,A,5.5,A,6.2,A
2015-10-02,7.1,A,6.5,A,6.7,A
2015-10-03,7.3,A,6.6,A,7,A
2015-10-04,7.8,A,6.9,A,7.3,A
2015-10-05,7.8,A,7.3,A,7.6,A
2015-10-06,7.6,A,7.1,A,7.3,A
2015-10-07,7.3,A,7,A,7.1,A
2015-10-08,7.5,A,6.8,A,7.1,A
2015-10-09,7.6,A,7.1,A,7.4,A
2015-10-10,7.4,A,7,A,7.2,A
2015-10-11,7.3,A,6.6,A,6.9,A
2015-10-12,7.1,A,6.5,A,6.8,A
2015-10-13,7.1,A,6.3,A,6.7,A
2015-10-14,7,A,6.3,A,6.7,A
2015-10-15,6.8,A,6.5,A,6.7,A
2015-10-16,6.7,A,6.5,A,6.6,A
2015-10-17,7,A,6.5,A,6.8,A
2015-10-18,7,A,6.6,A,6.8,A
2015-10-19,6.8,A,5.9,A,6.3,A
2015-10-20,6.5,A,6.1,A,6.4,A
2015-10-21,6.5,A,5.4,A,5.8,A
2015-10-22,5.6,A,4.8,A,5.2,A
2015-10-23,5.6,A,5,A,5.3,A
2015-10-24,6,A,5.5,A,5.8,A
2015-10-25,5.9,A,5.3,A,5.5,A
2015-10-26,5.6,A,5.3,A,5.5,A
2015-10-27,5.6,A,5.6,A,5.6,A
2015-10-28,5.8,A,5.6,A,5.7,A
2015-10-29,5.7,A,5.2,A,5.5,A
2015-10-30,5.8,A,4.9,A,5.4,A
2015-10-31,4.9,A,4.1,A,4.5,A
2015-11-01,4.1,A,3.5,A,3.9,A
2015-11-02,4.5,A,4.1,A,4.3,A
2015-11-03,4.4,A,3.3,A,3.7,A
2015-11-04,3.8,A,2.9,A,3.3,A
2015-11-05,4.3,A,3.7,A,4,A
2015-11-06,4.3,A,3.7,A,4,A
2015-11-07,4.2,A,3.4,A,3.9,A
2015-11-08,3.6,A,2.9,A,3.2,A
2015-11-09,3.3,A,3,A,3.2,A
2015-11-10,3.6,A,3.1,A,3.3,A
2015-11-11,3.2,A,2.6,A,2.9,A
2015-11-12,2.6,A,1.6,A,2,A
2015-11-13,1.6,A,1,A,1.3,A
2015-11-14,1.4,A,0.4,A,0.8,A
2015-11-15,0.4,A,0,A,0.1,A
2015-11-16,0,A,0,A,0,A
2015-11-17,0,A,0,A,0,A
2015-11-18,0,A,0,A,0,A
2015-11-19,0,A,0,A,0,A
2015-11-20,1.3,A,0,A,0.7,A
2015-11-21,1.6,A,0.7,A,1.1,A
2015-11-22,1.1,A,0,A,0.4,A
2015-11-23,1.6,A,1.1,A,1.4,A
2015-11-24,2.7,A,1.6,A,2.2,A
2015-11-25,3.1,A,2.7,A,2.9,A
2015-11-26,3.2,A,2.9,A,3.1,A
2015-11-27,3.4,A,2.9,A,3.2,A
2015-11-28,2.9,A,2.4,A,2.6,A
2015-11-29,2.5,A,1.9,A,2.2,A
2015-11-30,2,A,1.7,A,1.8,A
2015-12-01,1.9,A,0.8,A,1.3,A
2015-12-02,2.1,A,0.9,A,1.7,A
2015-12-03,2.1,A,1.9,A,2,A
2015-12-04,2.4,A,2,A,2.2,A
2015-12-05,2.4,A,1.7,A,2.1,A
2015-12-06,1.7,A,0,A,0.8,A
2015-12-07,0.7,A,0,A,0.3,A
2015-12-08,0.7,A,0.3,A,0.5,A
2015-12-09,0.8,A,0,A,0.4,A
2015-12-10,1,A,0.4,A,0.8,A
2015-12-11,0.8,A,0.1,A,0.4,A
2015-12-12,0.8,A,0.4,A,0.6,A
2015-12-13,1.1,A,0.4,A,0.8,A
2015-12-14,1.5,A,0.8,A,1.2,A
2015-12-15,1.6,A,1.3,A,1.5,A
2015-12-16,1.3,A,0.6,A,0.9,A
2015-12-17,0.9,A,0.5,A,0.8,A
2015-12-18,1.1,A,0.3,A,0.7,A
2015-12-19,1.7,A,1.1,A,1.6,A
2015-12-20,1.6,A,0.9,A,1.2,A
2015-12-21,0.9,A,0.5,A,0.8,A
2015-12-22,0.7,A,0.5,A,0.6,A
2015-12-23,0.7,A,0,A,0.3,A
2015-12-24,0,A,0,A,0,A
2015-12-25,0,A,0,A,0,A
2015-12-26,0,A,0,A,0,A
2015-12-27,0.6,A,0,A,0.1,A
2015-12-28,1.9,A,0.6,A,1.3,A
2015-12-29,2.3,A,1.9,A,2.1,A
2015-12-30,2.5,A,2.1,A,2.3,A
2015-12-31,2.1,A,1.2,A,1.8,A
2016-01-01,1.9,A,1.2,A,1.5,A
2016-01-02,1.9,A,1.7,A,1.8,A
2016-01-03,1.7,A,1.4,A,1.5,A
2016-01-04,2.2,A,1.4,A,1.8,A
2016-01-05,2.2,A,1.4,A,1.9,A
2016-01-06,1.4,A,0.7,A,1,A
2016-01-07,0.9,A,0.5,A,0.6,A
2016-01-08,0.5,A,0.3,A,0.4,A
2016-01-09,1.2,A,0.4,A,0.9,A
2016-01-10,1.9,A,1.1,A,1.5,A
2016-01-11,2.2,A,1.9,A,2,A
2016-01-12,2.1,A,1.8,A,1.9,A
2016-01-13,1.9,A,1.4,A,1.6,A
2016-01-14,1.8,A,1.1,A,1.5,A
2016-01-15,1.2,A,0,A,0.7,A
2016-01-16,0.1,A,0,A,0,A
2016-01-17,0.2,A,0,A,0.1,A
2016-01-18,0.8,A,0.1,A,0.4,A
2016-01-19,0.8,A,0.2,A,0.5,A
2016-01-20,0.4,A,0,A,0.1,A
2016-01-21,0,A,0,A,0,A
2016-01-22,0,A,0,A,0,A
2016-01-23,0,A,0,A,0,A
2016-01-24,0.5,A,0,A,0.2,A
2016-01-25,1.4,A,0.5,A,1,A
2016-01-26,1.2,A,0.8,A,1,A
2016-01-27,1.4,A,0.9,A,1.2,A
2016-01-28,1.8,A,1.2,A,1.4,A
2016-01-29,1.3,A,0.9,A,1.1,A
2016-01-30,1.2,A,0.9,A,1,A
2016-01-31,0.9,A,0,A,0.5,A
2016-02-01,0,A,0,A,0,A
2016-02-02,0,A,0,A,0,A
2016-02-03,0,A,0,A,0,A
2016-02-04,0.5,A,0,A,0.2,A
2016-02-05,1.1,A,0.5,A,0.8,A
2016-02-06,1.2,A,0.5,A,0.9,A
2016-02-07,0.9,A,0,A,0.4,A
2016-02-08,0.9,A,0.2,A,0.5,A
2016-02-09,1.1,A,0.5,A,0.8,A
2016-02-10,1.1,A,0.4,A,0.7,A
2016-02-11,1.3,A,0.5,A,0.9,A
2016-02-12,1.5,A,0.9,A,1.1,A
2016-02-13,1.6,A,0.9,A,1.2,A
2016-02-14,1.5,A,1.1,A,1.3,A
2016-02-15,1.3,A,0.5,A,0.9,A
2016-02-16,0.6,A,0,A,0.3,A
2016-02-17,0.2,A,0,A,0.1,A
2016-02-18,0.3,A,0,A,0.1,A
2016-02-19,0,A,0,A,0,A
2016-02-20,0,A,0,A,0,A
2016-02-21,0,A,0,A,0,A
2016-02-22,0.8,A,0,A,0.3,A
2016-02-23,1.4,A,0.7,A,1,A
2016-02-24,2.1,A,1.2,A,1.6,A
2016-02-25,2.2,A,1.4,A,1.8,A
2016-02-26,2.6,A,1.4,A,2,A
2016-02-27,2.3,A,1.6,A,1.8,A
2016-02-28,2.1,A,1.1,A,1.5,A
2016-02-29,2,A,0.8,A,1.4,A
2016-03-01,1.9,A,1.1,A,1.5,A
2016-03-02,1.7,A,0.7,A,1.2,A
2016-03-03,1.2,A,0,A,0.7,A
2016-03-04,0.7,A,0,A,0.3,A
2016-03-05,1.3,A,0.4,A,0.8,A
2016-03-06,1.5,A,0.3,A,0.9,A
2016-03-07,1.4,A,0.7,A,1,A
2016-03-08,2,A,0.9,A,1.4,A
2016-03-09,2.2,A,0.9,A,1.5,A
2016-03-10,1.7,A,0.5,A,1.1,A
2016-03-11,1.9,A,1,A,1.4,A
2016-03-12,2.6,A,1.2,A,1.8,A
2016-03-13,2.4,A,0.7,A,1.5,A
2016-03-14,2.4,A,0.7,A,1.5,A
2016-03-15,2.8,A,1.2,A,1.9,A
2016-03-16,2.4,A,1.3,A,1.8,A
2016-03-17,2.2,A,1.1,A,1.5,A
2016-03-18,2.1,A,0.3,A,1.2,A
2016-03-19,1.8,A,0.2,A,1,A
2016-03-20,1.4,A,0,A,0.6,A
2016-03-21,2.9,A,1.2,A,1.9,A
2016-03-22,4.3,A,2.2,A,3.1,A
2016-03-23,3.6,A,2.3,A,3,A
2016-03-24,3.6,A,2.2,A,2.9,A
2016-03-25,3.1,A,2.3,A,2.8,A
2016-03-26,2.8,A,1.6,A,2.1,A
2016-03-27,2.3,A,1.5,A,1.9,A
2016-03-28,2.4,A,1.9,A,2.1,A
2016-03-29,3.6,A,2,A,2.6,A
2016-03-30,3.1,A,2.4,A,2.7,A
2016-03-31,3.9,A,1.8,A,2.8,A
2016-04-01,3.5,A,2.2,A,2.9,A
2016-04-02,3,A,1.9,A,2.4,A
2016-04-03,3.3,A,1.2,A,2.3,A
2016-04-04,2.7,A,1.7,A,2.2,A
2016-04-05,3.8,A,2,A,2.7,A
2016-04-06,3.9,A,2.7,A,3.3,A
2016-04-07,5.1,A,2.7,A,3.8,A
2016-04-08,4.4,A,2.9,A,3.8,A
2016-04-09,4.9,A,3.5,A,4.1,A
2016-04-10,5.6,A,3.7,A,4.5,A
2016-04-11,4.8,A,3.3,A,4.1,A
2016-04-12,5.1,A,2.6,A,3.8,A
2016-04-13,4.8,A,3.6,A,4.2,A
2016-04-14,4.7,A,3.6,A,4.2,A
2016-04-15,4.6,A,3.4,A,4,A
2016-04-16,5.8,A,3.7,A,4.5,A
2016-04-17,5.5,A,3.4,A,4.6,A
2016-04-18,5.4,A,3.9,A,4.7,A
2016-04-19,4.9,A,3.8,A,4.4,A
2016-04-20,5,A,3.7,A,4.3,A
2016-04-21,6.1,A,3.4,A,4.7,A
2016-04-22,5.8,A,4.7,A,5.3,A
2016-04-23,6,A,4.9,A,5.5,A
2016-04-24,6,A,4.2,A,5.1,A
2016-04-25,6,A,4.4,A,5.1,A
2016-04-26,5.8,A,4.6,A,5.2,A
2016-04-27,5.7,A,4.1,A,5,A
2016-04-28,5.3,A,4.3,A,4.8,A
2016-04-29,5.2,A,3.9,A,4.5,A
2016-04-30,4.9,A,3.8,A,4.3,A
2016-05-01,5.2,A,4.3,A,4.7,A
2016-05-02,5.7,A,3.9,A,4.8,A
2016-05-03,6.3,A,4.7,A,5.6,A
2016-05-04,6.2,A,4.9,A,5.6,A
2016-05-05,5.7,A,4.4,A,4.9,A
2016-05-06,6.5,A,4.3,A,5.2,A
2016-05-07,7.3,A,5.1,A,6.2,A
2016-05-08,6.9,A,5.5,A,5.9,A
2016-05-09,6.6,A,5,A,5.7,A
2016-05-10,7.2,A,5.3,A,6.3,A
2016-05-11,8.3,A,6.5,A,7.3,A
2016-05-12,9.3,A,6.9,A,8,A
2016-05-13,9.3,A,7.1,A,8.2,A
2016-05-14,9.8,A,7,A,8.4,A
2016-05-15,11.8,A,7.8,A,9.7,A
2016-05-16,11.2,A,9.2,A,10.2,A
2016-05-17,10.2,A,8.8,A,9.4,A
2016-05-18,9,A,7.4,A,8.1,A
2016-05-19,8.8,A,6.5,A,7.5,A
2016-05-20,9,A,7.1,A,8.1,A
2016-05-21,8.3,A,6.6,A,7.2,A
2016-05-22,8.3,A,6,A,7,A
2016-05-23,8.2,A,6.6,A,7.5,A
2016-05-24,8.3,A,6.1,A,7.2,A
2016-05-25,8.7,A,6,A,7.4,A
2016-05-26,9.2,A,6.3,A,7.7,A
2016-05-27,9.9,A,6.8,A,8.3,A
2016-05-28,9.5,A,7.3,A,8.4,A
2016-05-29,9.3,A,6.6,A,7.9,A
2016-05-30,10.1,A,6.9,A,8.6,A
2016-05-31,9.9,A,8.8,A,9.1,A
2016-06-01,10.2,A,8.3,A,9.3,A
2016-06-02,9.7,A,8.1,A,8.8,A
2016-06-03,10.4,A,8.9,A,9.5,A
2016-06-04,9.7,A,8.3,A,9.1,A
2016-06-05,10.9,A,9.1,A,9.9,A
2016-06-06,9.8,A,7.6,A,8.2,A
2016-06-07,10.1,A,7.6,A,8.6,A
2016-06-08,10.6,A,8.3,A,9.4,A
2016-06-09,10.7,A,8,A,9.4,A
2016-06-10,10.3,A,7.3,A,8.4,A
2016-06-11,9.7,A,7.9,A,8.8,A
2016-06-12,9.7,A,7.8,A,8.9,A
2016-06-13,11.4,A,8,A,9.5,A
2016-06-14,11.9,A,9.1,A,10.4,A
2016-06-15,11.4,A,9.2,A,10.3,A
2016-06-16,12.4,A,9,A,10.5,A
2016-06-17,12.2,A,8.7,A,10.6,A
2016-06-18,13.4,A,11.9,A,12.8,A
2016-06-19,12.9,A,10.1,A,10.9,A
2016-06-20,12,A,10.2,A,11,A
2016-06-21,11.5,A,8.4,A,10,A
2016-06-22,11.5,A,8.5,A,10.2,A
2016-06-23,12.1,A,9.4,A,11,A
2016-06-24,12.2,A,10.7,A,11.7,A
2016-06-25,12,A,11,A,11.6,A
2016-06-26,13.2,A,11.2,A,12.1,A
2016-06-27,13.2,A,11.9,A,12.6,A
2016-06-28,13.4,A,12.3,A,12.8,A
2016-06-29,13.7,A,12.7,A,13.1,A
2016-06-30,13.3,A,12.4,A,12.9,A
2016-07-01,12.9,A,12,A,12.4,A
2016-07-02,12.4,A,11.4,A,11.8,A
2016-07-03,13.2,A,10.3,A,12,A
2016-07-04,13.5,A,12.4,A,12.8,A
2016-07-05,12.7,A,11.1,A,11.7,A
2016-07-06,12.2,A,10.9,A,11.5,A
2016-07-07,12.9,A,12,A,12.4,A
2016-07-08,13.7,A,11.4,A,12.6,A
2016-07-09,13.5,A,11.4,A,12.5,A
2016-07-10,14.5,A,12.7,A,13.8,A
2016-07-11,14,A,12.5,A,13.1,A
2016-07-12,15.1,A,12.2,A,13.3,A
2016-07-13,15.1,A,12.2,A,13.4,A
2016-07-14,14.4,A,12.4,A,13.4,A
2016-07-15,16.3,A,13.2,A,14.9,A
2016-07-16,15.8,A,12.7,A,14.3,A
2016-07-17,16.6,A,13.1,A,15.2,A
2016-07-18,16.3,A,13.6,A,14.9,A
2016-07-19,15.7,A,12.9,A,14.3,A
2016-07-20,15.1,A,11.4,A,13.5,A
2016-07-21,15.9,A,11.9,A,13.8,A
2016-07-22,15.8,A,14.7,A,15.3,A
2016-07-23,15.7,A,14.4,A,15.2,A
2016-07-24,14.4,A,12.4,A,12.9,A
2016-07-25,14.2,A,13.4,A,13.8,A
2016-07-26,14,A,13.5,A,13.6,A
2016-07-27,14.1,A,13,A,13.6,A
2016-07-28,14.7,A,13.5,A,14.1,A
2016-07-29,14.9,A,12.9,A,13.9,A
2016-07-30,14.2,A,12.3,A,13.2,A
2016-07-31,14.2,A,12.2,A,13.3,A
2016-08-01,14.1,A,13.6,A,13.9,A
2016-08-02,14,A,13.2,A,13.7,A
2016-08-03,14,A,12,A,13,A
2016-08-04,13.7,A,12.5,A,13,A
2016-08-05,13.6,A,11.9,A,12.5,A
2016-08-06,12.8,A,11.5,A,12.3,A
2016-08-07,12.2,A,11.1,A,11.5,A
2016-08-08,11.9,A,11,A,11.4,A
2016-08-09,12.7,A,11,A,11.6,A
2016-08-10,12.1,A,11.3,A,11.7,A
2016-08-11,11.9,A,11,A,11.4,A
2016-08-12,12.5,A,11.5,A,12.1,A
2016-08-13,12.9,A,12.2,A,12.5,A
2016-08-14,12.5,A,11.6,A,12,A
2016-08-15,12.7,A,11.7,A,12.1,A
2016-08-16,13.4,A,12.1,A,12.7,A
2016-08-17,12.7,A,11.9,A,12.4,A
2016-08-18,12.5,A,11.8,A,12.2,A
2016-08-19,12.4,A,11.7,A,12,A
2016-08-20,13.1,A,11.6,A,12.3,A
2016-08-21,12.7,A,11.5,A,11.9,A
2016-08-22,12,A,11.5,A,11.8,A
2016-08-23,12.2,A,11.2,A,11.7,A
2016-08-24,12.5,A,11.7,A,12,A
2016-08-25,12.2,A,11.5,A,11.7,A
2016-08-26,12.2,A,10.9,A,11.4,A
2016-08-27,12.6,A,11.2,A,11.9,A
2016-08-28,12.4,A,11.2,A,11.7,A
2016-08-29,12.6,A,11.3,A,12.1,A
2016-08-30,13.4,A,12.2,A,12.7,A
2016-08-31,14,A,12.3,A,13.1,A
2016-09-01,14.2,A,12.7,A,13.4,A
2016-09-02,14,A,12.5,A,13.3,A
2016-09-03,13.6,A,12.5,A,13.1,A
2016-09-04,13.4,A,12.8,A,13.2,A
2016-09-05,12.8,A,12.2,A,12.4,A
2016-09-06,12.4,A,11.9,A,12.1,A
2016-09-07,12.5,A,11.1,A,11.7,A
2016-09-08,12,A,10.8,A,11.5,A
2016-09-09,12.4,A,11.4,A,11.9,A
2016-09-10,11.8,A,9.8,A,10.9,A
2016-09-11,11.5,A,11,A,11.3,A
2016-09-12,11.5,A,10.7,A,11,A
2016-09-13,10.7,A,9.8,A,10.2,A
2016-09-14,9.8,A,8.3,A,8.9,A
2016-09-15,10.5,A,9.3,A,10,A
2016-09-16,10.1,A,9.2,A,9.7,A
2016-09-17,10,A,9.4,A,9.7,A
2016-09-18,10.3,A,9.2,A,9.7,A
2016-09-19,10,A,8.9,A,9.5,A
2016-09-20,9.7,A,9.2,A,9.4,A
2016-09-21,9.5,A,9,A,9.2,A
2016-09-22,9,A,8.2,A,8.6,A
2016-09-23,8.6,A,7.4,A,8,A
2016-09-24,9,A,8.1,A,8.5,A
2016-09-25,9,A,8.3,A,8.6,A
2016-09-26,8.8,A,8.1,A,8.5,A
2016-09-27,8.7,A,7.6,A,8.1,A
2016-09-28,8.5,A,7.5,A,8,A
2016-09-29,8.5,A,7.6,A,8.1,A
2016-09-30,8.5,A,7.3,A,7.9,A
2016-10-01,8.2,A,7.3,A,7.7,A
2016-10-02,8.2,A,7.7,A,7.9,A
2016-10-03,8.5,A,7.7,A,8.1,A
2016-10-04,8.2,A,7.4,A,7.9,A
2016-10-05,8,A,7,A,7.6,A
2016-10-06,7.8,A,6.7,A,7.3,A
2016-10-07,7.5,A,6.6,A,7.1,A
2016-10-08,7.5,A,6.5,A,7,A
2016-10-09,7.6,A,7,A,7.3,A
2016-10-10,7.7,A,7.3,A,7.5,A
2016-10-11,7.6,A,7.2,A,7.4,A
2016-10-12,7.6,A,7,A,7.3,A
