Hydrolab MS5 47418,,,,,,,,,,,,,,,
Log File Name : Russian_071416_080616,,,,,,,,,,,,,,,
Setup Date (MMDDYY) : 071116,,,,,,,,,,,,,,,
Setup Time (HHMMSS) : 043626,,,,,,,,,,,,,,,
Starting Date (MMDDYY) : 071416,,,,,,,,,,,,,,,
Starting Time (HHMMSS) : 080000,,,,,,,,,,,,,,,
Stopping Date (MMDDYY) : 080616,,,,,,,,,,,,,,,
Stopping Time (HHMMSS) : 235959,,,,,,,,,,,,,,,
Interval (HHMMSS) : 001500,,,,,,,,,,,,,,,
Sensor warmup (HHMMSS) : 000030,,,,,,,,,,,,,,,
Circltr warmup (HHMMSS) : 000030,,,,,,,,,,,,,,,
,,,,,,,,,,,,,,,
,,,,,,,,,,,,,,,
Date,Time,,Temp,,LDO,,LDO%,,pH,,TurbSC,,SpCond,,IBatt
MMDDYY,HHMMSS,,øC,,mg/l,,Sat,,Units,,NTU,,æS/cm,,Volts
,,,,,,,,,,,,,,,
7/14/2016,8:00:00,,13.57,,0.03,,0.3,,6.66,,0,,58.5,,12.5
7/14/2016,8:15:00,,13.53,,0.03,,0.3,,6.65,,0,,58.1,,12.5
7/14/2016,8:30:00,,13.15,,0.02,,0.2,,6.65,,0,,58.2,,12.5
7/14/2016,8:45:00,,13.38,,0.02,,0.2,,6.65,,0,,58.5,,12.4
7/14/2016,9:00:00,,12.97,,0.02,,0.2,,6.64,,0,,58.3,,12.4
7/14/2016,9:15:00,,13.23,,0.02,,0.2,,6.64,,0,,57.1,,12.3
7/14/2016,9:30:00,,13.17,,0.02,,0.2,,6.62,,0,,59.5,,12.3
7/14/2016,9:45:00,,13.06,,0.02,,0.2,,6.61,,0,,58.2,,12.3
7/14/2016,10:00:00,,13.11,,0.02,,0.2,,6.59,,0,,58.6,,12.3
7/14/2016,10:15:00,,13.06,,0.02,,0.2,,6.6,,0,,59,,12.3
7/14/2016,10:30:00,,12.97,,0.02,,0.2,,6.58,,0,,57.9,,12.3
7/14/2016,10:45:00,,12.75,,0.01,,0.1,,6.58,,0,,58.5,,12.3
7/14/2016,11:00:00,,12.72,,0.01,,0.1,,6.57,,0,,58.1,,12.2
7/14/2016,11:15:00,,12.55,,0.01,,0.1,,6.56,,0,,58.3,,12.2
7/14/2016,11:30:00,,12.43,,0,,0,,6.54,,0,,59.2,,12.2
7/14/2016,11:45:00,,12.25,,0,,0,,6.54,,0,,58.2,,12.2
7/14/2016,12:00:00,,12.29,,0,,0,,6.54,,0,,58.1,,12.2
7/14/2016,12:15:00,,12.32,,0,,0,,6.53,,0,,57.7,,12.1
7/14/2016,12:30:00,,12.1,,0,,0,,6.53,,0,,57.8,,12.1
7/14/2016,12:45:00,,12.07,,0,,0,,6.51,,0,,57.9,,12.1
7/14/2016,13:00:00,,11.9,,0,,0,,6.53,,0,,57.3,,12.1
7/14/2016,13:15:00,,11.82,,0,,0,,6.52,,0,,58.2,,12.1
7/14/2016,13:30:00,,12.08,,0,,0,,6.48,,0,,57.8,,12.1
7/14/2016,13:45:00,,11.76,,0,,0,,6.5,,0,,57.8,,12.1
7/14/2016,14:00:00,,11.78,,0,,0,,6.49,,0,,57.9,,12.1
7/14/2016,14:15:00,,11.8,,0,,0,,6.48,,0,,58,,12.1
7/14/2016,14:30:00,,11.82,,0,,0,,6.47,,0,,57.6,,12.1
7/14/2016,14:45:00,,11.58,,0,,0,,6.47,,0,,57.8,,12.1
7/14/2016,15:00:00,,11.8,,0,,0,,6.45,,0,,58.9,,12.1
7/14/2016,15:15:00,,11.69,,0,,0,,6.45,,0,,57.5,,12.1
7/14/2016,15:30:00,,11.43,,0,,0,,6.45,,0,,57.6,,12
7/14/2016,15:45:00,,11.47,,0,,0,,6.44,,0,,57.9,,12
7/14/2016,16:00:00,,11.71,,0,,0,,6.44,,0,,57.3,,12
7/14/2016,16:15:00,,11.47,,0,,0,,6.43,,0,,57.5,,12
7/14/2016,16:30:00,,11.36,,0,,0,,6.41,,0,,57.7,,12
7/14/2016,16:45:00,,11.35,,0,,0,,6.41,,0,,58,,12
7/14/2016,17:00:00,,11.45,,0,,0,,6.4,,0,,57.1,,12
7/14/2016,17:15:00,,11.15,,0,,0,,6.4,,0,,58,,11.9
7/14/2016,17:30:00,,11.03,,0,,0,,6.39,,0,,58,,12
7/14/2016,17:45:00,,11.13,,0,,0,,6.39,,0,,57.6,,12
7/14/2016,18:00:00,,11.05,,0,,0,,6.39,,0,,58.2,,11.9
7/14/2016,18:15:00,,11.17,,0,,0,,6.36,,0,,57.7,,11.9
7/14/2016,18:30:00,,11.13,,0,,0,,6.38,,0,,58,,11.9
7/14/2016,18:45:00,,11.03,,0,,0,,6.4,,0,,57.5,,11.9
7/14/2016,19:00:00,,11.04,,0,,0,,6.39,,0,,57.1,,11.9
7/14/2016,19:15:00,,10.95,,0,,0,,6.39,,0,,58.6,,11.9
7/14/2016,19:30:00,,11.04,,0,,0,,6.39,,0,,58.8,,11.9
7/14/2016,19:45:00,,11.22,,0,,0,,6.39,,0,,57.8,,11.9
7/14/2016,20:00:00,,11.06,,0,,0,,6.39,,0,,58,,11.9
7/14/2016,20:15:00,,11.09,,0,,0,,6.4,,0,,58.1,,11.9
7/14/2016,20:30:00,,10.98,,0,,0,,6.41,,0,,57.5,,11.9
7/14/2016,20:45:00,,11.12,,0,,0,,6.42,,0,,57.5,,11.9
7/14/2016,21:00:00,,11.04,,0,,0,,6.42,,0,,57.8,,11.9
7/14/2016,21:15:00,,11.17,,0,,0,,6.41,,0,,58.8,,11.9
7/14/2016,21:30:00,,11,,0,,0,,6.43,,0,,58.4,,11.9
7/14/2016,21:45:00,,11.2,,0,,0,,6.42,,0,,57.9,,11.9
7/14/2016,22:00:00,,11.3,,0,,0,,6.44,,0,,57.5,,11.9
7/14/2016,22:15:00,,11.06,,0,,0,,6.43,,0,,58,,11.9
7/14/2016,22:30:00,,11.15,,0,,0,,6.43,,0,,57.6,,11.9
7/14/2016,22:45:00,,11.35,,0,,0,,6.45,,0,,57.7,,11.9
7/14/2016,23:00:00,,11.76,,0,,0,,6.44,,0,,58,,11.9
7/14/2016,23:15:00,,11.73,,0,,0,,6.44,,0,,58.5,,11.9
7/14/2016,23:30:00,,11.63,,0,,0,,6.45,,0,,58.6,,11.9
7/14/2016,23:45:00,,11.69,,0,,0,,6.47,,0,,57.9,,11.9
7/15/2016,0:00:00,,11.99,,0,,0,,6.46,,0,,57.8,,11.9
7/15/2016,0:15:00,,12.07,,0,,0,,6.46,,0,,57.5,,11.9
7/15/2016,0:30:00,,12.27,,0,,0,,6.46,,0,,58.8,,11.9
7/15/2016,0:45:00,,12.53,,0.01,,0.1,,6.47,,0,,58.1,,11.9
7/15/2016,1:00:00,,12.54,,0.01,,0.1,,6.47,,0,,57.7,,11.9
7/15/2016,1:15:00,,12.58,,0.01,,0.1,,6.48,,0,,58,,12
7/15/2016,1:30:00,,12.74,,0.01,,0.1,,6.47,,0,,58.9,,12
7/15/2016,1:45:00,,12.54,,0.01,,0.1,,6.5,,0,,57.8,,11.9
7/15/2016,2:00:00,,12.73,,0.01,,0.1,,6.5,,0,,58.1,,12
7/15/2016,2:15:00,,12.73,,0.01,,0.1,,6.5,,0,,58.7,,12
7/15/2016,2:30:00,,12.94,,0.02,,0.1,,6.52,,0,,58,,12
7/15/2016,2:45:00,,13.25,,0.02,,0.2,,6.52,,0,,58.1,,12
7/15/2016,3:00:00,,13.26,,0.02,,0.2,,6.51,,0,,58.8,,12
7/15/2016,3:15:00,,13.33,,0.02,,0.2,,6.51,,0,,58.5,,12
7/15/2016,3:30:00,,13.21,,0.02,,0.2,,6.54,,0,,58,,12
7/15/2016,3:45:00,,13.47,,0.03,,0.3,,6.54,,0,,57.7,,12.1
7/15/2016,4:00:00,,13.49,,0.03,,0.3,,6.54,,0,,58.7,,12
7/15/2016,4:15:00,,13.37,,0.02,,0.2,,6.54,,0,,58.9,,12
7/15/2016,4:30:00,,13.33,,0.02,,0.2,,6.55,,0,,58.2,,12
7/15/2016,4:45:00,,13.09,,0.02,,0.2,,6.57,,0,,59.6,,12.1
7/15/2016,5:00:00,,13.05,,0.02,,0.2,,6.57,,0,,59.6,,12
7/15/2016,5:15:00,,13.15,,0.02,,0.2,,6.61,,0,,58.7,,12
7/15/2016,5:30:00,,13.03,,0.02,,0.2,,6.61,,0,,59.8,,12
7/15/2016,5:45:00,,13.01,,0.02,,0.2,,6.62,,0,,59.4,,12
7/15/2016,6:00:00,,13.07,,0.02,,0.2,,6.63,,0,,59.8,,12
7/15/2016,6:15:00,,13.09,,0.02,,0.2,,6.63,,0,,59.7,,12
7/15/2016,6:30:00,,13.07,,0.02,,0.2,,6.59,,0,,59.5,,12
7/15/2016,6:45:00,,12.75,,0.01,,0.1,,6.6,,0,,57.9,,12
7/15/2016,7:00:00,,12.88,,0.01,,0.1,,6.6,,0,,58.4,,12
7/15/2016,7:15:00,,12.69,,0.01,,0.1,,6.59,,0,,58.3,,12
7/15/2016,7:30:00,,12.73,,0.01,,0.1,,6.57,,0,,59.9,,12.1
7/15/2016,7:45:00,,12.51,,0.01,,0.1,,6.57,,0,,58.1,,12
7/15/2016,8:00:00,,12.54,,0.01,,0.1,,6.55,,0,,59.2,,12
7/15/2016,8:15:00,,12.35,,0,,0,,6.55,,0,,58.4,,12
7/15/2016,8:30:00,,12.4,,0,,0,,6.54,,0,,58.6,,12
7/15/2016,8:45:00,,12.44,,0,,0,,6.55,,0,,57.8,,12
7/15/2016,9:00:00,,12.26,,0,,0,,6.53,,0,,58.1,,12
7/15/2016,9:15:00,,12.25,,0,,0,,6.52,,0,,58.6,,12.1
7/15/2016,9:30:00,,12.2,,0,,0,,6.52,,0,,58.3,,12
7/15/2016,9:45:00,,12.17,,0,,0,,6.52,,0,,59.1,,12
7/15/2016,10:00:00,,11.87,,0,,0,,6.51,,0,,58.1,,12
7/15/2016,10:15:00,,11.98,,0,,0,,6.51,,0,,58.2,,12
7/15/2016,10:30:00,,11.91,,0,,0,,6.5,,0,,57.5,,12
7/15/2016,10:45:00,,11.71,,0,,0,,6.48,,0,,58.2,,12
7/15/2016,11:00:00,,11.81,,0,,0,,6.49,,0,,57.6,,12
7/15/2016,11:15:00,,11.71,,0,,0,,6.49,,0,,58,,12
7/15/2016,11:30:00,,11.69,,0,,0,,6.49,,0,,58.3,,12
7/15/2016,11:45:00,,11.81,,0,,0,,6.46,,0,,58.7,,12
7/15/2016,12:00:00,,11.83,,0,,0,,6.45,,0,,58,,12
7/15/2016,12:15:00,,11.7,,0,,0,,6.43,,0,,57.8,,12
7/15/2016,12:30:00,,11.69,,0,,0,,6.42,,0,,58.2,,12
7/15/2016,12:45:00,,11.7,,0,,0,,6.42,,0,,57.6,,12
7/15/2016,13:00:00,,11.77,,0,,0,,6.42,,0,,57.6,,12
7/15/2016,13:15:00,,11.8,,0,,0,,6.41,,0,,58.4,,12
7/15/2016,13:30:00,,11.72,,0,,0,,6.41,,0,,58.1,,12
7/15/2016,13:45:00,,11.77,,0,,0,,6.41,,0,,58.3,,12
7/15/2016,14:00:00,,11.72,,0,,0,,6.41,,0,,57.9,,12
7/15/2016,14:15:00,,11.73,,0,,0,,6.38,,0,,57.6,,12
7/15/2016,14:30:00,,11.86,,0,,0,,6.38,,0,,57.9,,12
7/15/2016,14:45:00,,11.62,,0,,0,,6.38,,0,,58.6,,12
7/15/2016,15:00:00,,11.7,,0,,0,,6.36,,0,,58.4,,12
7/15/2016,15:15:00,,11.45,,0,,0,,6.38,,0,,58.3,,12
7/15/2016,15:30:00,,11.57,,0,,0,,6.36,,0,,58.1,,12
7/15/2016,15:45:00,,11.66,,0,,0,,6.37,,0,,58.2,,12
7/15/2016,16:00:00,,11.45,,0,,0,,6.35,,0,,58,,12
7/15/2016,16:15:00,,11.37,,0,,0,,6.36,,0,,58,,12
7/15/2016,16:30:00,,11.39,,0,,0,,6.35,,0,,58.6,,12
7/15/2016,16:45:00,,11.71,,0,,0,,6.34,,0,,59.1,,12
7/15/2016,17:00:00,,11.43,,0,,0,,6.34,,0,,58.7,,12
7/15/2016,17:15:00,,11.3,,0,,0,,6.35,,0,,58.1,,12
7/15/2016,17:30:00,,11.56,,0,,0,,6.34,,0,,57.9,,12
7/15/2016,17:45:00,,11.5,,0,,0,,6.34,,0,,58.5,,12
7/15/2016,18:00:00,,11.47,,0,,0,,6.34,,0,,58.8,,12
7/15/2016,18:15:00,,11.55,,0,,0,,6.33,,0,,59.3,,12
7/15/2016,18:30:00,,11.42,,0,,0,,6.35,,0,,58.6,,12
7/15/2016,18:45:00,,11.23,,0,,0,,6.36,,0,,58.6,,12
7/15/2016,19:00:00,,11.48,,0,,0,,6.35,,0,,58.8,,12
7/15/2016,19:15:00,,11.32,,0,,0,,6.36,,0,,57.8,,12
7/15/2016,19:30:00,,11.61,,0,,0,,6.36,,0,,58,,12
7/15/2016,19:45:00,,11.29,,0,,0,,6.37,,0,,58.4,,12
7/15/2016,20:00:00,,11.45,,0,,0,,6.38,,0,,58.5,,12
7/15/2016,20:15:00,,11.68,,0,,0,,6.38,,0,,58.1,,12
7/15/2016,20:30:00,,11.3,,0,,0,,6.39,,0,,58.5,,12
7/15/2016,20:45:00,,11.49,,0,,0,,6.4,,0,,58.3,,12
7/15/2016,21:00:00,,11.75,,0,,0,,6.4,,0,,58.2,,12
7/15/2016,21:15:00,,11.4,,0,,0,,6.43,,0,,58.3,,12
7/15/2016,21:30:00,,11.43,,0,,0,,6.42,,0,,58.1,,12
7/15/2016,21:45:00,,11.75,,0,,0,,6.42,,0,,59.3,,12
7/15/2016,22:00:00,,11.56,,0,,0,,6.43,,0,,58.6,,12
7/15/2016,22:15:00,,11.77,,0,,0,,6.42,,0,,58.1,,12
7/15/2016,22:30:00,,11.76,,0,,0,,6.44,,0,,58.3,,12
7/15/2016,22:45:00,,11.93,,0,,0,,6.44,,0,,58.4,,12
7/15/2016,23:00:00,,11.9,,0,,0,,6.43,,0,,59.5,,12
7/15/2016,23:15:00,,11.94,,0,,0,,6.44,,0,,58.6,,12
7/15/2016,23:30:00,,11.93,,0,,0,,6.46,,0,,58.1,,12
7/15/2016,23:45:00,,11.88,,0,,0,,6.47,,0,,58.4,,12.1
7/16/2016,0:00:00,,12.05,,0,,0,,6.46,,0,,58.8,,12
7/16/2016,0:15:00,,11.94,,0,,0,,6.48,,0,,57.4,,12.1
7/16/2016,0:30:00,,12.05,,0,,0,,6.48,,0,,58.3,,12.1
7/16/2016,0:45:00,,12.24,,0,,0,,6.47,,0,,58.2,,12.1
7/16/2016,1:00:00,,12.1,,0,,0,,6.46,,0,,58.1,,12
7/16/2016,1:15:00,,12.25,,0,,0,,6.47,,0,,58.3,,12.1
7/16/2016,1:30:00,,12.44,,0,,0,,6.49,,0,,57.9,,12.1
7/16/2016,1:45:00,,12.47,,0,,0,,6.48,,0,,59.2,,12.1
7/16/2016,2:00:00,,12.46,,0,,0,,6.47,,0,,58.7,,12.1
7/16/2016,2:15:00,,12.6,,0.01,,0.1,,6.48,,0,,58.3,,12.1
7/16/2016,2:30:00,,12.73,,0.01,,0.1,,6.48,,0,,58.3,,12.1
7/16/2016,2:45:00,,12.59,,0.01,,0.1,,6.48,,0,,59.4,,12.1
7/16/2016,3:00:00,,12.75,,0.01,,0.1,,6.48,,0,,58.2,,12.1
7/16/2016,3:15:00,,12.76,,0.01,,0.1,,6.47,,0,,59.4,,12.1
7/16/2016,3:30:00,,12.78,,0.01,,0.1,,6.48,,0,,58,,12.1
7/16/2016,3:45:00,,12.66,,0.01,,0.1,,6.47,,0,,58.4,,12.1
7/16/2016,4:00:00,,12.73,,0.01,,0.1,,6.47,,0,,58.6,,12.1
7/16/2016,4:15:00,,12.7,,0.01,,0.1,,6.47,,0,,57.8,,12.1
7/16/2016,4:30:00,,12.81,,0.01,,0.1,,6.46,,0,,58.7,,12.1
7/16/2016,4:45:00,,12.92,,0.01,,0.1,,6.45,,0,,57.7,,12.1
7/16/2016,5:00:00,,12.84,,0.01,,0.1,,6.47,,0,,57.8,,12.1
7/16/2016,5:15:00,,12.91,,0.01,,0.1,,6.48,,0,,58.2,,12.1
7/16/2016,5:30:00,,13.06,,0.02,,0.2,,6.49,,0,,58.4,,12.1
7/16/2016,5:45:00,,12.87,,0.01,,0.1,,6.48,,0,,58.6,,12.1
7/16/2016,6:00:00,,12.91,,0.01,,0.1,,6.5,,0,,57.5,,12.1
7/16/2016,6:15:00,,12.92,,0.01,,0.1,,6.5,,0,,57.6,,12.1
7/16/2016,6:30:00,,12.98,,0.02,,0.2,,6.49,,0,,58.9,,12.1
7/16/2016,6:45:00,,13.09,,0.02,,0.2,,6.49,,0,,58.1,,12.1
7/16/2016,7:00:00,,12.85,,0.01,,0.1,,6.48,,0,,58.3,,12.1
7/16/2016,7:15:00,,13.08,,0.02,,0.2,,6.49,,0,,57.7,,12.1
7/16/2016,7:30:00,,12.99,,0.02,,0.2,,6.48,,0,,57.6,,12.1
7/16/2016,7:45:00,,12.99,,0.02,,0.2,,6.47,,0,,59.3,,12.1
7/16/2016,8:00:00,,12.97,,0.02,,0.2,,6.47,,0,,58.4,,12.1
7/16/2016,8:15:00,,12.87,,0.01,,0.1,,6.47,,0,,57.9,,12.1
7/16/2016,8:30:00,,13.14,,0.02,,0.2,,6.46,,0,,57.6,,12.1
7/16/2016,8:45:00,,13.02,,0.02,,0.2,,6.46,,0,,57.7,,12.1
7/16/2016,9:00:00,,12.78,,0.01,,0.1,,6.48,,0,,58.4,,12.1
7/16/2016,9:15:00,,12.66,,0.01,,0.1,,6.45,,0,,59.4,,12.1
7/16/2016,9:30:00,,12.82,,0.01,,0.1,,6.45,,0,,58.4,,12.1
7/16/2016,9:45:00,,12.56,,0.01,,0.1,,6.45,,0,,59.2,,12.1
7/16/2016,10:00:00,,12.68,,0.01,,0.1,,6.44,,0,,58.3,,12.1
7/16/2016,10:15:00,,12.52,,0.01,,0.1,,6.42,,0,,58.3,,12.1
7/16/2016,10:30:00,,12.47,,0,,0,,6.43,,0,,57.8,,12.1
7/16/2016,10:45:00,,12.42,,0,,0,,6.42,,0,,58.6,,12.1
7/16/2016,11:00:00,,12.46,,0,,0,,6.42,,0,,58.2,,12.1
7/16/2016,11:15:00,,12.35,,0,,0,,6.42,,0,,59.1,,12.1
7/16/2016,11:30:00,,12.47,,0,,0,,6.41,,0,,58.8,,12.1
7/16/2016,11:45:00,,12.23,,0,,0,,6.4,,0,,59.3,,12.1
7/16/2016,12:00:00,,12.33,,0,,0,,6.4,,0,,58.9,,12.1
7/16/2016,12:15:00,,12.23,,0,,0,,6.4,,0,,58.3,,12.1
7/16/2016,12:30:00,,12.08,,0,,0,,6.4,,0,,59.1,,12.1
7/16/2016,12:45:00,,12.31,,0,,0,,6.4,,0,,58.7,,12.1
7/16/2016,13:00:00,,12.25,,0,,0,,6.41,,0,,58.5,,12.1
7/16/2016,13:15:00,,12.37,,0,,0,,6.41,,0,,59.2,,12.1
7/16/2016,13:30:00,,12.29,,0,,0,,6.4,,0,,58.3,,12.1
7/16/2016,13:45:00,,11.94,,0,,0,,6.39,,0,,58.9,,12.1
7/16/2016,14:00:00,,12.12,,0,,0,,6.39,,0,,58.6,,12.1
7/16/2016,14:15:00,,12.25,,0,,0,,6.38,,0,,58.7,,12.1
7/16/2016,14:30:00,,11.97,,0,,0,,6.38,,0,,59.9,,12.1
7/16/2016,14:45:00,,12,,0,,0,,6.38,,0,,59.1,,12.1
7/16/2016,15:00:00,,12.07,,0,,0,,6.37,,0,,58.8,,12.1
7/16/2016,15:15:00,,12.11,,0,,0,,6.38,,0,,59,,12.1
7/16/2016,15:30:00,,11.96,,0,,0,,6.4,,0,,58.2,,12.1
7/16/2016,15:45:00,,12.03,,0,,0,,6.38,,0,,58.3,,12.1
7/16/2016,16:00:00,,11.81,,0,,0,,6.39,,0,,57.9,,12.1
7/16/2016,16:15:00,,11.94,,0,,0,,6.37,,0,,58.4,,12.1
7/16/2016,16:30:00,,11.82,,0,,0,,6.37,,0,,58.8,,12.1
7/16/2016,16:45:00,,11.72,,0,,0,,6.38,,0,,58.6,,12.1
7/16/2016,17:00:00,,12.15,,0,,0,,6.36,,0,,58.5,,12.1
7/16/2016,17:15:00,,11.84,,0,,0,,6.37,,0,,58.8,,12.1
7/16/2016,17:30:00,,11.78,,0,,0,,6.37,,0,,58.3,,12.1
7/16/2016,17:45:00,,11.84,,0,,0,,6.38,,0,,58.1,,12.1
7/16/2016,18:00:00,,11.75,,0,,0,,6.38,,0,,58.4,,12.1
7/16/2016,18:15:00,,11.72,,0,,0,,6.38,,0,,59.2,,12.1
7/16/2016,18:30:00,,11.64,,0,,0,,6.38,,0,,58.3,,12.1
7/16/2016,18:45:00,,11.59,,0,,0,,6.38,,0,,58.3,,12.1
7/16/2016,19:00:00,,11.56,,0,,0,,6.39,,0,,59.1,,12.1
7/16/2016,19:15:00,,11.61,,0,,0,,6.39,,0,,59,,12.1
7/16/2016,19:30:00,,11.56,,0,,0,,6.4,,0,,58.8,,12.1
7/16/2016,19:45:00,,11.67,,0,,0,,6.39,,0,,58.1,,12.1
7/16/2016,20:00:00,,11.6,,0,,0,,6.4,,0,,58.9,,12.1
7/16/2016,20:15:00,,11.78,,0,,0,,6.39,,0,,58.9,,12.1
7/16/2016,20:30:00,,11.79,,0,,0,,6.4,,0,,58.6,,12.1
7/16/2016,20:45:00,,11.66,,0,,0,,6.41,,0,,58.7,,12.1
7/16/2016,21:00:00,,11.57,,0,,0,,6.4,,0,,58.4,,12.1
7/16/2016,21:15:00,,11.63,,0,,0,,6.41,,0,,58.9,,12.1
7/16/2016,21:30:00,,11.64,,0,,0,,6.43,,0,,58.4,,12.1
7/16/2016,21:45:00,,11.72,,0,,0,,6.43,,0,,58.7,,12.1
7/16/2016,22:00:00,,11.85,,0,,0,,6.43,,0,,59,,12.1
7/16/2016,22:15:00,,11.88,,0,,0,,6.45,,0,,58,,12.1
7/16/2016,22:30:00,,11.89,,0,,0,,6.46,,0,,57.4,,12.1
7/16/2016,22:45:00,,11.99,,0,,0,,6.46,,0,,57.9,,12.1
7/16/2016,23:00:00,,12.02,,0,,0,,6.46,,0,,58.8,,12.1
7/16/2016,23:15:00,,12.13,,0,,0,,6.46,,0,,58.5,,12.1
7/16/2016,23:30:00,,12.28,,0,,0,,6.47,,0,,59,,12.1
7/16/2016,23:45:00,,12.39,,0,,0,,6.48,,0,,57.9,,12.1
7/17/2016,0:00:00,,12.61,,0.01,,0.1,,6.48,,0,,59.3,,12.1
7/17/2016,0:15:00,,12.68,,0.01,,0.1,,6.47,,0,,58.6,,12.1
7/17/2016,0:30:00,,12.88,,0.01,,0.1,,6.49,,0,,57.6,,12.1
7/17/2016,0:45:00,,13.1,,0.02,,0.2,,6.48,,0,,58,,12.1
7/17/2016,1:00:00,,13.14,,0.02,,0.2,,6.5,,0,,58,,12.1
7/17/2016,1:15:00,,13.53,,0.03,,0.3,,6.49,,0,,58.4,,12.1
7/17/2016,1:30:00,,13.73,,0.03,,0.3,,6.51,,0,,58.7,,12.1
7/17/2016,1:45:00,,13.69,,0.03,,0.3,,6.52,,0,,57.9,,12.1
7/17/2016,2:00:00,,13.89,,0.04,,0.4,,6.52,,0,,58.4,,12.1
7/17/2016,2:15:00,,13.91,,0.04,,0.4,,6.51,,0,,59.2,,12.1
7/17/2016,2:30:00,,14,,0.04,,0.4,,6.54,,0,,58.5,,12.1
7/17/2016,2:45:00,,13.91,,0.04,,0.4,,6.54,,0,,58.6,,12.1
7/17/2016,3:00:00,,14.04,,0.04,,0.4,,6.55,,0,,58.2,,12.1
7/17/2016,3:15:00,,13.98,,0.04,,0.4,,6.58,,0,,59,,12.1
7/17/2016,3:30:00,,14.05,,0.04,,0.4,,6.6,,0,,59.9,,12.1
7/17/2016,3:45:00,,13.91,,0.04,,0.4,,6.61,,0,,58.9,,12.2
7/17/2016,4:00:00,,13.88,,0.04,,0.3,,6.61,,0,,60.7,,12.2
7/17/2016,4:15:00,,13.77,,0.03,,0.3,,6.65,,0,,59.9,,12.1
7/17/2016,4:30:00,,13.81,,0.03,,0.3,,6.67,,0,,60.6,,12.1
7/17/2016,4:45:00,,13.83,,0.03,,0.3,,6.69,,0,,60.7,,12.1
7/17/2016,5:00:00,,13.56,,0.03,,0.3,,6.71,,0,,60.8,,12.1
7/17/2016,5:15:00,,13.53,,0.03,,0.3,,6.7,,0,,61.2,,12.1
7/17/2016,5:30:00,,13.69,,0.03,,0.3,,6.69,,0,,60.6,,12.1
7/17/2016,5:45:00,,13.5,,0.03,,0.3,,6.7,,0,,61.1,,12.1
7/17/2016,6:00:00,,13.65,,0.03,,0.3,,6.7,,0,,60.1,,12.1
7/17/2016,6:15:00,,13.42,,0.03,,0.2,,6.7,,0,,60.2,,12.1
7/17/2016,6:30:00,,13.6,,0.03,,0.3,,6.69,,0,,60,,12.1
7/17/2016,6:45:00,,13.33,,0.02,,0.2,,6.68,,0,,59.5,,12.1
7/17/2016,7:00:00,,13.33,,0.02,,0.2,,6.68,,0,,58.5,,12.1
7/17/2016,7:15:00,,13.29,,0.02,,0.2,,6.66,,0,,58.8,,12.1
7/17/2016,7:30:00,,13.31,,0.02,,0.2,,6.63,,0,,58.4,,12.1
7/17/2016,7:45:00,,13.33,,0.02,,0.2,,6.61,,0,,58.8,,12.1
7/17/2016,8:00:00,,13.36,,0.02,,0.2,,6.57,,0,,59.1,,12.1
7/17/2016,8:15:00,,13.37,,0.02,,0.2,,6.58,,0,,59.2,,12.1
7/17/2016,8:30:00,,13.49,,0.03,,0.3,,6.6,,0,,58.7,,12.1
7/17/2016,8:45:00,,13.28,,0.02,,0.2,,6.59,,0,,58.2,,12.1
7/17/2016,9:00:00,,13.33,,0.02,,0.2,,6.56,,0,,59.1,,12.1
7/17/2016,9:15:00,,13.33,,0.02,,0.2,,6.55,,0,,58.3,,12.1
7/17/2016,9:30:00,,13.31,,0.02,,0.2,,6.53,,0,,58.5,,12.1
7/17/2016,9:45:00,,13.05,,0.02,,0.2,,6.52,,0,,57.6,,12.1
7/17/2016,10:00:00,,12.99,,0.02,,0.2,,6.5,,0,,59.5,,12.1
7/17/2016,10:15:00,,12.96,,0.02,,0.2,,6.49,,0,,58.3,,12.1
7/17/2016,10:30:00,,12.93,,0.01,,0.1,,6.49,,0,,58.3,,12.1
7/17/2016,10:45:00,,12.6,,0.01,,0.1,,6.49,,0,,58.5,,12.1
7/17/2016,11:00:00,,12.8,,0.01,,0.1,,6.48,,0,,58,,12.1
7/17/2016,11:15:00,,12.55,,0.01,,0.1,,6.47,,0,,58.9,,12.1
7/17/2016,11:30:00,,12.26,,0,,0,,6.48,,0,,58.6,,12.1
7/17/2016,11:45:00,,12.6,,0.01,,0.1,,6.47,,0,,58.7,,12.1
7/17/2016,12:00:00,,12.17,,0,,0,,6.45,,0,,59.3,,12.1
7/17/2016,12:15:00,,12.07,,0,,0,,6.46,,0,,58.1,,12.1
7/17/2016,12:30:00,,12.01,,0,,0,,6.45,,0,,58.9,,12.1
7/17/2016,12:45:00,,12.24,,0,,0,,6.44,,0,,57.6,,12.1
7/17/2016,13:00:00,,12.26,,0,,0,,6.43,,0,,59.4,,12.1
7/17/2016,13:15:00,,12.25,,0,,0,,6.43,,0,,58.4,,12.1
7/17/2016,13:30:00,,12.16,,0,,0,,6.39,,0,,58.3,,12.1
7/17/2016,13:45:00,,12.2,,0,,0,,6.4,,0,,58.5,,12.1
7/17/2016,14:00:00,,11.97,,0,,0,,6.39,,0,,59.2,,12.1
7/17/2016,14:15:00,,12.05,,0,,0,,6.4,,0.4,,58.1,,12.1
7/17/2016,14:30:00,,12.14,,0,,0,,6.4,,0,,58.4,,12.1
7/17/2016,14:45:00,,12.26,,0,,0,,6.38,,0,,59.2,,12.1
7/17/2016,15:00:00,,12.07,,0,,0,,6.39,,0,,58.7,,12.1
7/17/2016,15:15:00,,12.11,,0,,0,,6.38,,0,,58.2,,12.1
7/17/2016,15:30:00,,12.01,,0,,0,,6.38,,0,,58,,12.1
7/17/2016,15:45:00,,12.03,,0,,0,,6.37,,0,,58.1,,12.1
7/17/2016,16:00:00,,12.03,,0,,0,,6.35,,0,,58.8,,12.1
7/17/2016,16:15:00,,11.99,,0,,0,,6.34,,0,,59.1,,12.1
7/17/2016,16:30:00,,11.95,,0,,0,,6.35,,0,,58.5,,12.1
7/17/2016,16:45:00,,12.04,,0,,0,,6.35,,0,,57.7,,12.1
7/17/2016,17:00:00,,12.03,,0,,0,,6.35,,0,,58.6,,12.1
7/17/2016,17:15:00,,11.94,,0,,0,,6.35,,0,,58.3,,12.1
7/17/2016,17:30:00,,12.03,,0,,0,,6.35,,0,,58.8,,12.1
7/17/2016,17:45:00,,12.04,,0,,0,,6.34,,0,,58.6,,12.1
7/17/2016,18:00:00,,11.98,,0,,0,,6.36,,0,,57.6,,12.1
7/17/2016,18:15:00,,12.11,,0,,0,,6.35,,0,,58.3,,12.1
7/17/2016,18:30:00,,12.19,,0,,0,,6.35,,0,,58.8,,12.1
7/17/2016,18:45:00,,12.06,,0,,0,,6.37,,0,,57.8,,12.1
7/17/2016,19:00:00,,11.91,,0,,0,,6.39,,0,,57.6,,12.1
7/17/2016,19:15:00,,12,,0,,0,,6.37,,0,,58.9,,12.1
7/17/2016,19:30:00,,12.02,,0,,0,,6.38,,0,,59.4,,12.1
7/17/2016,19:45:00,,11.99,,0,,0,,6.41,,0,,58.4,,12.1
7/17/2016,20:00:00,,12.17,,0,,0,,6.41,,0,,59.6,,12.1
7/17/2016,20:15:00,,12.13,,0,,0,,6.41,,0,,58.8,,12.1
7/17/2016,20:30:00,,12.08,,0,,0,,6.43,,0,,58.9,,12.1
7/17/2016,20:45:00,,11.88,,0,,0,,6.43,,0,,58,,12.1
7/17/2016,21:00:00,,12.1,,0,,0,,6.44,,0,,59,,12.1
7/17/2016,21:15:00,,12.24,,0,,0,,6.45,,0,,57.4,,12.1
7/17/2016,21:30:00,,12.25,,0,,0,,6.46,,0,,58.3,,12.1
7/17/2016,21:45:00,,12.17,,0,,0,,6.49,,0,,57.7,,12.1
7/17/2016,22:00:00,,12.32,,0,,0,,6.47,,0,,57.9,,12.1
7/17/2016,22:15:00,,12.48,,0.01,,0,,6.47,,0,,58.8,,12.1
7/17/2016,22:30:00,,12.59,,0.01,,0.1,,6.49,,0,,58.3,,12.1
7/17/2016,22:45:00,,12.45,,0,,0,,6.48,,0,,58.4,,12.1
7/17/2016,23:00:00,,12.57,,0.01,,0.1,,6.49,,0,,58,,12.1
7/17/2016,23:15:00,,12.83,,0.01,,0.1,,6.48,,0,,59.2,,12.1
7/17/2016,23:30:00,,12.96,,0.02,,0.2,,6.49,,0,,58.8,,12.1
7/17/2016,23:45:00,,12.89,,0.01,,0.1,,6.49,,0,,57.8,,12.1
7/18/2016,0:00:00,,13.26,,0.02,,0.2,,6.49,,0,,59.1,,12.1
7/18/2016,0:15:00,,13.03,,0.02,,0.2,,6.49,,0,,59.2,,12.1
7/18/2016,0:30:00,,13.39,,0.03,,0.2,,6.48,,0,,59.1,,12.1
7/18/2016,0:45:00,,13.24,,0.02,,0.2,,6.51,,0,,58.2,,12.1
7/18/2016,1:00:00,,13.32,,0.02,,0.2,,6.49,,0,,59.1,,12.1
7/18/2016,1:15:00,,13.42,,0.03,,0.2,,6.52,,0,,58.8,,12.1
7/18/2016,1:30:00,,13.7,,0.03,,0.3,,6.51,,0,,58.6,,12.1
7/18/2016,1:45:00,,14,,0.04,,0.4,,6.52,,0,,58.1,,12.1
7/18/2016,2:00:00,,14.13,,0.04,,0.4,,6.51,,0,,58.9,,12.1
7/18/2016,2:15:00,,13.95,,0.04,,0.4,,6.52,,0,,58.5,,12.1
7/18/2016,2:30:00,,14.04,,0.04,,0.4,,6.54,,0,,58.2,,12.1
7/18/2016,2:45:00,,14.23,,0.04,,0.4,,6.55,,0,,58.2,,12.2
7/18/2016,3:00:00,,14.08,,0.04,,0.4,,6.58,,0,,58.1,,12.2
7/18/2016,3:15:00,,14.1,,0.04,,0.4,,6.58,,0,,57.7,,12.2
7/18/2016,3:30:00,,14.34,,0.05,,0.5,,6.58,,0,,57.8,,12.2
7/18/2016,3:45:00,,14.3,,0.04,,0.4,,6.58,,0.1,,58.4,,12.2
7/18/2016,4:00:00,,14.15,,0.04,,0.4,,6.62,,0.5,,58.5,,12.2
7/18/2016,4:15:00,,14.28,,0.04,,0.4,,6.65,,0,,59.3,,12.2
7/18/2016,4:30:00,,14.14,,0.04,,0.4,,6.68,,0,,59.6,,12.2
7/18/2016,4:45:00,,14.04,,0.04,,0.4,,6.71,,0,,59.6,,12.2
7/18/2016,5:00:00,,14.04,,0.04,,0.4,,6.74,,0.1,,59.9,,12.2
7/18/2016,5:15:00,,13.93,,0.04,,0.4,,6.73,,0,,60.5,,12.2
7/18/2016,5:30:00,,13.8,,0.03,,0.3,,6.74,,0.3,,60.5,,12.2
7/18/2016,5:45:00,,13.82,,0.03,,0.3,,6.74,,0.3,,59.9,,12.2
7/18/2016,6:00:00,,13.72,,0.03,,0.3,,6.73,,0.3,,59.7,,12.2
7/18/2016,6:15:00,,13.81,,0.03,,0.3,,6.73,,0.9,,59.5,,12.1
7/18/2016,6:30:00,,14.06,,0.04,,0.4,,6.7,,0.4,,59.6,,12.2
7/18/2016,6:45:00,,14.13,,0.04,,0.4,,6.68,,0.9,,60,,12.2
7/18/2016,7:00:00,,14,,0.04,,0.4,,6.65,,1.2,,58.5,,12.2
7/18/2016,7:15:00,,14.13,,0.04,,0.4,,6.6,,0.7,,59.8,,12.2
7/18/2016,7:30:00,,14.03,,0.04,,0.4,,6.6,,1,,58.4,,12.2
7/18/2016,7:45:00,,14.14,,0.04,,0.4,,6.57,,1.4,,58.5,,12.2
7/18/2016,8:00:00,,14.14,,0.04,,0.4,,6.55,,1.1,,58.5,,12.1
7/18/2016,8:15:00,,14.06,,0.04,,0.4,,6.54,,1.3,,58.5,,12.2
7/18/2016,8:30:00,,13.92,,0.04,,0.4,,6.53,,1.6,,58.3,,12.2
7/18/2016,8:45:00,,13.89,,0.04,,0.4,,6.51,,2,,58.8,,12.2
7/18/2016,9:00:00,,13.75,,0.03,,0.3,,6.5,,3.8,,58.5,,12.2
7/18/2016,9:15:00,,13.87,,0.04,,0.3,,6.49,,4.5,,59.3,,12.2
7/18/2016,9:30:00,,13.74,,0.03,,0.3,,6.48,,4.4,,58.8,,12.1
7/18/2016,9:45:00,,13.8,,0.03,,0.3,,6.48,,5.1,,58,,12.1
7/18/2016,10:00:00,,13.73,,0.03,,0.3,,6.48,,5.5,,59.3,,12.2
7/18/2016,10:15:00,,13.84,,0.03,,0.3,,6.49,,3.6,,59,,12.2
7/18/2016,10:30:00,,13.79,,0.03,,0.3,,6.49,,3.4,,60.3,,12.1
7/18/2016,10:45:00,,13.52,,0.03,,0.3,,6.48,,3.7,,58.7,,12.1
7/18/2016,11:00:00,,13.41,,0.03,,0.2,,6.48,,3.8,,58.8,,12.1
7/18/2016,11:15:00,,13.37,,0.02,,0.2,,6.47,,3.8,,59.5,,12.1
7/18/2016,11:30:00,,13.31,,0.02,,0.2,,6.47,,4.4,,58.8,,12.1
7/18/2016,11:45:00,,13.12,,0.02,,0.2,,6.5,,5.4,,58.9,,12.1
7/18/2016,12:00:00,,12.93,,0.01,,0.1,,6.5,,5.8,,58.4,,12.1
7/18/2016,12:15:00,,12.97,,0.02,,0.2,,6.48,,6,,58.3,,12.1
7/18/2016,12:30:00,,12.93,,0.02,,0.1,,6.45,,5.9,,59.1,,12.1
7/18/2016,12:45:00,,12.94,,0.02,,0.1,,6.43,,6,,59,,12.1
7/18/2016,13:00:00,,12.84,,0.01,,0.1,,6.43,,6.5,,59,,12.1
7/18/2016,13:15:00,,12.86,,0.01,,0.1,,6.42,,5.6,,58.4,,12.1
7/18/2016,13:30:00,,12.91,,0.01,,0.1,,6.41,,5,,59.1,,12.1
7/18/2016,13:45:00,,12.75,,0.01,,0.1,,6.4,,4.6,,59.2,,12.1
7/18/2016,14:00:00,,12.83,,0.01,,0.1,,6.4,,4.6,,59.4,,12.1
7/18/2016,14:15:00,,12.69,,0.01,,0.1,,6.4,,4.6,,58.6,,12.1
7/18/2016,14:30:00,,12.76,,0.01,,0.1,,6.4,,6.4,,58.7,,12.1
7/18/2016,14:45:00,,12.57,,0.01,,0.1,,6.4,,6.3,,58,,12.1
7/18/2016,15:00:00,,12.71,,0.01,,0.1,,6.38,,6,,58.1,,12.1
7/18/2016,15:15:00,,12.54,,0.01,,0.1,,6.37,,4.9,,58.8,,12.1
7/18/2016,15:30:00,,12.67,,0.01,,0.1,,6.39,,6,,59.3,,12.1
7/18/2016,15:45:00,,12.58,,0.01,,0.1,,6.38,,0,,58.3,,12.1
7/18/2016,16:00:00,,12.53,,0.01,,0.1,,6.39,,0,,58.9,,12.1
7/18/2016,16:15:00,,12.44,,0,,0,,6.39,,0,,58.9,,12.1
7/18/2016,16:30:00,,12.32,,0,,0,,6.39,,4.6,,58.7,,12.1
7/18/2016,16:45:00,,12.47,,0,,0,,6.39,,7.7,,58.8,,12.1
7/18/2016,17:00:00,,12.33,,0,,0,,6.39,,7.6,,59.2,,12.1
7/18/2016,17:15:00,,12.38,,0,,0,,6.4,,0.3,,58.3,,12.1
7/18/2016,17:30:00,,12.65,,0.01,,0.1,,6.37,,0,,58.9,,12.1
7/18/2016,17:45:00,,12.28,,0,,0,,6.38,,0.6,,58.6,,12.1
7/18/2016,18:00:00,,12.41,,0,,0,,6.38,,2.3,,59.1,,12.1
7/18/2016,18:15:00,,12.32,,0,,0,,6.38,,4.4,,59.9,,12.1
7/18/2016,18:30:00,,12.13,,0,,0,,6.39,,6.8,,58.4,,12.1
7/18/2016,18:45:00,,12.31,,0,,0,,6.39,,5.9,,59.1,,12.1
7/18/2016,19:00:00,,12.32,,0,,0,,6.4,,0.8,,59.2,,12.1
7/18/2016,19:15:00,,12.09,,0,,0,,6.39,,0.6,,58.7,,12.1
7/18/2016,19:30:00,,12.33,,0,,0,,6.41,,0.5,,58.5,,12.1
7/18/2016,19:45:00,,12.26,,0,,0,,6.41,,0.4,,58.3,,12.1
7/18/2016,20:00:00,,11.99,,0,,0,,6.41,,0.8,,58.5,,12.1
7/18/2016,20:15:00,,12.2,,0,,0,,6.41,,0.5,,58.6,,12.1
7/18/2016,20:30:00,,12.33,,0,,0,,6.41,,0.4,,58.9,,12.1
7/18/2016,20:45:00,,12.12,,0,,0,,6.41,,0.5,,58.6,,12.1
7/18/2016,21:00:00,,12.24,,0,,0,,6.4,,0.1,,58.4,,12.1
7/18/2016,21:15:00,,12,,0,,0,,6.41,,0.3,,58.8,,12.1
7/18/2016,21:30:00,,12.14,,0,,0,,6.42,,0.5,,58.4,,12.1
7/18/2016,21:45:00,,12.07,,0,,0,,6.44,,1.1,,57.8,,12.1
7/18/2016,22:00:00,,12.17,,0,,0,,6.44,,0.7,,58.9,,12.1
7/18/2016,22:15:00,,12.17,,0,,0,,6.44,,0.9,,59.8,,12.1
7/18/2016,22:30:00,,12.56,,0.01,,0.1,,6.45,,0.9,,59.4,,12.1
7/18/2016,22:45:00,,12.26,,0,,0,,6.44,,1.1,,58.6,,12.1
7/18/2016,23:00:00,,12.53,,0.01,,0.1,,6.48,,1.4,,58.7,,12.1
7/18/2016,23:15:00,,12.84,,0.01,,0.1,,6.47,,0.9,,58.7,,12.1
7/18/2016,23:30:00,,12.93,,0.02,,0.1,,6.47,,0.9,,58.2,,12.1
7/18/2016,23:45:00,,13.04,,0.02,,0.2,,6.46,,0.6,,59,,12.1
7/19/2016,0:00:00,,13.22,,0.02,,0.2,,6.47,,0.9,,58.2,,12.1
7/19/2016,0:15:00,,13.2,,0.02,,0.2,,6.48,,1,,58.9,,12.1
7/19/2016,0:30:00,,13.35,,0.02,,0.2,,6.47,,1.4,,59.4,,12.1
7/19/2016,0:45:00,,13.46,,0.03,,0.3,,6.47,,0.9,,59.1,,12.1
7/19/2016,1:00:00,,13.57,,0.03,,0.3,,6.49,,0.7,,58.9,,12.1
7/19/2016,1:15:00,,13.64,,0.03,,0.3,,6.5,,0.8,,58.8,,12.1
7/19/2016,1:30:00,,13.68,,0.03,,0.3,,6.5,,1,,58.3,,12.1
7/19/2016,1:45:00,,13.57,,0.03,,0.3,,6.53,,1.8,,58.9,,12.1
7/19/2016,2:00:00,,13.69,,0.03,,0.3,,6.54,,1.9,,58.5,,12.1
7/19/2016,2:15:00,,13.71,,0.03,,0.3,,6.55,,1.8,,59.3,,12.1
7/19/2016,2:30:00,,13.49,,0.03,,0.3,,6.55,,3.5,,59.4,,12.1
7/19/2016,2:45:00,,13.67,,0.03,,0.3,,6.59,,8.1,,59.6,,12.1
7/19/2016,3:00:00,,13.58,,0.03,,0.3,,6.59,,3.9,,60.9,,12.1
7/19/2016,3:15:00,,13.56,,0.03,,0.3,,6.61,,3.9,,60.3,,12.1
7/19/2016,3:30:00,,13.71,,0.03,,0.3,,6.61,,4,,61.3,,12.1
7/19/2016,3:45:00,,13.6,,0.03,,0.3,,6.64,,4.4,,60.2,,12.1
7/19/2016,4:00:00,,13.64,,0.03,,0.3,,6.63,,8.5,,59.1,,12.1
7/19/2016,4:15:00,,13.5,,0.03,,0.3,,6.62,,10.4,,59.9,,12.1
7/19/2016,4:30:00,,13.44,,0.03,,0.3,,6.61,,9.6,,58.2,,12.1
7/19/2016,4:45:00,,13.35,,0.02,,0.2,,6.61,,4.1,,58.9,,12.1
7/19/2016,5:00:00,,13.55,,0.03,,0.3,,6.6,,3.7,,58.8,,12.1
7/19/2016,5:15:00,,13.49,,0.03,,0.3,,6.6,,4.5,,59.4,,12.1
7/19/2016,5:30:00,,13.28,,0.02,,0.2,,6.61,,5.1,,58.2,,12.1
7/19/2016,5:45:00,,13.24,,0.02,,0.2,,6.62,,6,,59.4,,12.1
7/19/2016,6:00:00,,13.26,,0.02,,0.2,,6.63,,1.7,,58.2,,12.1
7/19/2016,6:15:00,,13.24,,0.02,,0.2,,6.61,,0.6,,58.5,,12.1
7/19/2016,6:30:00,,13.15,,0.02,,0.2,,6.6,,0.4,,58.8,,12.1
7/19/2016,6:45:00,,13.14,,0.02,,0.2,,6.6,,0.6,,58.2,,12.1
7/19/2016,7:00:00,,13.1,,0.02,,0.2,,6.58,,0.7,,59,,12.1
7/19/2016,7:15:00,,12.86,,0.01,,0.1,,6.59,,0.7,,57.9,,12.1
7/19/2016,7:30:00,,12.93,,0.02,,0.1,,6.58,,0.6,,57.8,,12.1
7/19/2016,7:45:00,,12.85,,0.01,,0.1,,6.57,,0.9,,58.5,,12.1
7/19/2016,8:00:00,,12.62,,0.01,,0.1,,6.57,,1.1,,58.6,,12.1
7/19/2016,8:15:00,,12.69,,0.01,,0.1,,6.55,,1.2,,58.3,,12.1
7/19/2016,8:30:00,,12.56,,0.01,,0.1,,6.54,,1.5,,58.3,,12.1
7/19/2016,8:45:00,,12.54,,0.01,,0.1,,6.53,,1.8,,58.3,,12.1
7/19/2016,9:00:00,,12.67,,0.01,,0.1,,6.51,,2,,59.3,,12.1
7/19/2016,9:15:00,,12.68,,0.01,,0.1,,6.49,,2.5,,58.6,,12.1
7/19/2016,9:30:00,,12.6,,0.01,,0.1,,6.48,,4.9,,57.8,,12.1
7/19/2016,9:45:00,,12.75,,0.01,,0.1,,6.47,,4.7,,57.8,,12.1
7/19/2016,10:00:00,,12.63,,0.01,,0.1,,6.45,,4.7,,58.4,,12.1
7/19/2016,10:15:00,,12.7,,0.01,,0.1,,6.42,,4.9,,58.6,,12.1
7/19/2016,10:30:00,,12.65,,0.01,,0.1,,6.41,,9,,58.8,,12.1
7/19/2016,10:45:00,,12.66,,0.01,,0.1,,6.4,,4.7,,58.4,,12.1
7/19/2016,11:00:00,,12.85,,0.01,,0.1,,6.39,,3.7,,59.1,,12.1
7/19/2016,11:15:00,,12.75,,0.01,,0.1,,6.38,,3.9,,57.8,,12.1
7/19/2016,11:30:00,,12.88,,0.01,,0.1,,6.37,,4.2,,59.1,,12.1
7/19/2016,11:45:00,,12.64,,0.01,,0.1,,6.38,,4.2,,58.3,,12.1
7/19/2016,12:00:00,,12.64,,0.01,,0.1,,6.36,,4.1,,59.4,,12.1
7/19/2016,12:15:00,,12.65,,0.01,,0.1,,6.36,,4.6,,58.6,,12.1
7/19/2016,12:30:00,,12.63,,0.01,,0.1,,6.36,,4.2,,58.6,,12.1
7/19/2016,12:45:00,,12.38,,0,,0,,6.35,,4.3,,59.4,,12.1
7/19/2016,13:00:00,,12.59,,0.01,,0.1,,6.34,,4.9,,59.4,,12.1
7/19/2016,13:15:00,,12.57,,0.01,,0.1,,6.36,,4.6,,57.6,,12.1
7/19/2016,13:30:00,,12.62,,0.01,,0.1,,6.36,,6.9,,58.9,,12.1
7/19/2016,13:45:00,,12.53,,0.01,,0.1,,6.37,,4.3,,58,,12.1
7/19/2016,14:00:00,,12.6,,0.01,,0.1,,6.36,,10.2,,58.7,,12.1
7/19/2016,14:15:00,,12.4,,0,,0,,6.36,,11.2,,58.3,,12.1
7/19/2016,14:30:00,,12.36,,0,,0,,6.36,,5.2,,58.5,,12.1
7/19/2016,14:45:00,,12.48,,0.01,,0,,6.36,,4.2,,58.9,,12.1
7/19/2016,15:00:00,,12.53,,0.01,,0.1,,6.35,,4.6,,59,,12.1
7/19/2016,15:15:00,,12.51,,0.01,,0.1,,6.36,,4.8,,58.7,,12.1
7/19/2016,15:30:00,,12.33,,0,,0,,6.35,,4.4,,58.3,,12.1
7/19/2016,15:45:00,,12.42,,0,,0,,6.34,,4.3,,59.9,,12.1
7/19/2016,16:00:00,,12.34,,0,,0,,6.34,,4.4,,59.6,,12.1
7/19/2016,16:15:00,,12.57,,0.01,,0.1,,6.34,,4.4,,58.6,,12.1
7/19/2016,16:30:00,,12.42,,0,,0,,6.33,,4.4,,58.2,,12.1
7/19/2016,16:45:00,,12.14,,0,,0,,6.33,,4.6,,59,,12.1
7/19/2016,17:00:00,,12.63,,0.01,,0.1,,6.31,,4.2,,59.6,,12.1
7/19/2016,17:15:00,,12.2,,0,,0,,6.32,,4.6,,58.9,,12.1
7/19/2016,17:30:00,,12.54,,0.01,,0.1,,6.31,,13.4,,60,,12.1
7/19/2016,17:45:00,,12.51,,0.01,,0.1,,6.31,,9.6,,59.1,,12.1
7/19/2016,18:00:00,,12.47,,0,,0,,6.31,,2,,58.3,,12.1
7/19/2016,18:15:00,,12.42,,0,,0,,6.31,,2.4,,59.3,,12.1
7/19/2016,18:30:00,,12.43,,0,,0,,6.32,,2.5,,58.5,,12.1
7/19/2016,18:45:00,,12.39,,0,,0,,6.32,,2.7,,59,,12.1
7/19/2016,19:00:00,,12.29,,0,,0,,6.32,,4,,58.8,,12.1
7/19/2016,19:15:00,,12.18,,0,,0,,6.33,,2.5,,58.4,,12.1
7/19/2016,19:30:00,,12.19,,0,,0,,6.32,,2.4,,59.1,,12.1
7/19/2016,19:45:00,,12.07,,0,,0,,6.32,,2.7,,60.5,,12.1
7/19/2016,20:00:00,,12.28,,0,,0,,6.33,,3.4,,59,,12.1
7/19/2016,20:15:00,,12.36,,0,,0,,6.34,,3,,59.3,,12.1
7/19/2016,20:30:00,,12.24,,0,,0,,6.35,,3.6,,58.3,,12.1
7/19/2016,20:45:00,,12.18,,0,,0,,6.36,,3.8,,58.2,,12.1
7/19/2016,21:00:00,,12.32,,0,,0,,6.37,,11.5,,59,,12.1
7/19/2016,21:15:00,,12.29,,0,,0,,6.38,,9.6,,58.7,,12.1
7/19/2016,21:30:00,,12.31,,0,,0,,6.38,,10.7,,58.4,,12.1
7/19/2016,21:45:00,,12.39,,0,,0,,6.38,,9.4,,59,,12.1
7/19/2016,22:00:00,,12.42,,0,,0,,6.4,,10.6,,57.9,,12.1
7/19/2016,22:15:00,,12.36,,0,,0,,6.42,,11,,58,,12.1
7/19/2016,22:30:00,,12.41,,0,,0,,6.42,,11.5,,57.2,,12.1
7/19/2016,22:45:00,,12.61,,0.01,,0.1,,6.41,,9.8,,58.7,,12.1
7/19/2016,23:00:00,,12.58,,0.01,,0.1,,6.43,,9.3,,57.3,,12.1
7/19/2016,23:15:00,,12.79,,0.01,,0.1,,6.43,,9.8,,58.3,,12.1
7/19/2016,23:30:00,,12.79,,0.01,,0.1,,6.43,,9.2,,58.1,,12.1
7/19/2016,23:45:00,,13.2,,0.02,,0.2,,6.42,,9.2,,58.2,,12.1
7/20/2016,0:00:00,,12.92,,0.01,,0.1,,6.44,,9.5,,58.1,,12.1
7/20/2016,0:15:00,,13.41,,0.03,,0.2,,6.44,,9.6,,58.9,,12.1
7/20/2016,0:30:00,,13.42,,0.03,,0.2,,6.44,,9.8,,59.4,,12.1
7/20/2016,0:45:00,,13.43,,0.03,,0.3,,6.45,,10.3,,58.8,,12.1
7/20/2016,1:00:00,,13.5,,0.03,,0.3,,6.46,,10,,58.4,,12.1
7/20/2016,1:15:00,,13.72,,0.03,,0.3,,6.47,,10.5,,58.3,,12.1
7/20/2016,1:30:00,,13.63,,0.03,,0.3,,6.47,,10.3,,58.8,,12.1
7/20/2016,1:45:00,,13.82,,0.03,,0.3,,6.47,,9.8,,58.8,,12.1
7/20/2016,2:00:00,,13.96,,0.04,,0.4,,6.48,,9.9,,58,,12.1
7/20/2016,2:15:00,,13.97,,0.04,,0.4,,6.49,,10.4,,58.3,,12.1
7/20/2016,2:30:00,,14.09,,0.04,,0.4,,6.5,,10.2,,59,,12.1
7/20/2016,2:45:00,,14.01,,0.04,,0.4,,6.51,,4.3,,58.9,,12.1
7/20/2016,3:00:00,,13.92,,0.04,,0.4,,6.51,,10.8,,59,,12.1
7/20/2016,3:15:00,,14.35,,0.05,,0.5,,6.5,,9,,59.4,,12.1
7/20/2016,3:30:00,,14.28,,0.04,,0.4,,6.52,,7.7,,59,,12.1
7/20/2016,3:45:00,,14.33,,0.05,,0.4,,6.54,,5.1,,58.8,,12.1
7/20/2016,4:00:00,,14.24,,0.04,,0.4,,6.55,,8.4,,59.9,,12.1
7/20/2016,4:15:00,,14.28,,0.04,,0.4,,6.55,,8.1,,59,,12.1
7/20/2016,4:30:00,,14.14,,0.04,,0.4,,6.55,,8.3,,59.8,,12.1
7/20/2016,4:45:00,,14.23,,0.04,,0.4,,6.56,,7.9,,60.2,,12.1
7/20/2016,5:00:00,,14.11,,0.04,,0.4,,6.57,,11.2,,59.4,,12.1
7/20/2016,5:15:00,,14.16,,0.04,,0.4,,6.59,,11.5,,59,,12.1
7/20/2016,5:30:00,,14.15,,0.04,,0.4,,6.57,,11.4,,60.5,,12.1
7/20/2016,5:45:00,,14.27,,0.04,,0.4,,6.58,,11.9,,60.1,,12.1
7/20/2016,6:00:00,,14.47,,0.05,,0.5,,6.56,,11.6,,59.3,,12.1
7/20/2016,6:15:00,,14.46,,0.05,,0.5,,6.57,,12.3,,58.6,,12.1
7/20/2016,6:30:00,,14.4,,0.05,,0.5,,6.56,,13,,60,,12.1
7/20/2016,6:45:00,,14.45,,0.05,,0.5,,6.56,,12.7,,59.1,,12.1
7/20/2016,7:00:00,,14.5,,0.05,,0.5,,6.56,,13.2,,59.3,,12.1
7/20/2016,7:15:00,,14.45,,0.05,,0.5,,6.55,,13.1,,60.4,,12.1
7/20/2016,7:30:00,,14.62,,0.05,,0.5,,6.54,,14,,59.8,,12.1
7/20/2016,7:45:00,,14.59,,0.05,,0.5,,6.54,,11.9,,59,,12.1
7/20/2016,8:00:00,,14.5,,0.05,,0.5,,6.53,,11.6,,59.8,,12.1
7/20/2016,8:15:00,,14.6,,0.05,,0.5,,6.52,,11.7,,59.6,,12.1
7/20/2016,8:30:00,,14.43,,0.05,,0.5,,6.52,,12.3,,58.8,,12.1
7/20/2016,8:45:00,,14.5,,0.05,,0.5,,6.5,,11.9,,60.3,,12.1
7/20/2016,9:00:00,,14.22,,0.04,,0.4,,6.5,,11.9,,59.6,,12.1
7/20/2016,9:15:00,,14.26,,0.04,,0.4,,6.5,,11.6,,59,,12.1
7/20/2016,9:30:00,,14.15,,0.04,,0.4,,6.49,,7.1,,59.4,,12.1
7/20/2016,9:45:00,,13.95,,0.04,,0.4,,6.48,,7.4,,59.7,,12.1
7/20/2016,10:00:00,,14.03,,0.04,,0.4,,6.47,,8.1,,59.9,,12.1
7/20/2016,10:15:00,,13.99,,0.04,,0.4,,6.46,,8.8,,60.1,,12.1
7/20/2016,10:30:00,,13.76,,0.03,,0.3,,6.45,,12.5,,60.3,,12.1
7/20/2016,10:45:00,,13.72,,0.03,,0.3,,6.44,,12.2,,60,,12.1
7/20/2016,11:00:00,,13.98,,0.04,,0.4,,6.43,,12.6,,59.9,,12.1
7/20/2016,11:15:00,,13.85,,0.03,,0.3,,6.42,,12.7,,59.9,,12.1
7/20/2016,11:30:00,,13.64,,0.03,,0.3,,6.42,,13,,59,,12.1
7/20/2016,11:45:00,,13.48,,0.03,,0.3,,6.41,,12.3,,59.5,,12.1
7/20/2016,12:00:00,,13.4,,0.03,,0.2,,6.42,,12.5,,58.8,,12.1
7/20/2016,12:15:00,,13.53,,0.03,,0.3,,6.43,,12.7,,58.3,,12.1
7/20/2016,12:30:00,,13.24,,0.02,,0.2,,6.42,,12.7,,59,,12.1
7/20/2016,12:45:00,,13.42,,0.03,,0.2,,6.4,,8.7,,59.8,,12.1
7/20/2016,13:00:00,,13.31,,0.02,,0.2,,6.4,,8.9,,60,,12.1
7/20/2016,13:15:00,,13.26,,0.02,,0.2,,6.42,,9,,59.2,,12.1
7/20/2016,13:30:00,,13.24,,0.02,,0.2,,6.42,,8.9,,60,,12.1
7/20/2016,13:45:00,,13.26,,0.02,,0.2,,6.41,,8.8,,59.5,,12.1
7/20/2016,14:00:00,,13.23,,0.02,,0.2,,6.41,,8.7,,59.1,,12.1
7/20/2016,14:15:00,,13.09,,0.02,,0.2,,6.41,,8.4,,60.3,,12.1
7/20/2016,14:30:00,,12.93,,0.01,,0.1,,6.42,,9.1,,58.7,,12.1
7/20/2016,14:45:00,,13.1,,0.02,,0.2,,6.41,,9.1,,59.3,,12.1
7/20/2016,15:00:00,,13.06,,0.02,,0.2,,6.4,,9.4,,58.8,,12.1
7/20/2016,15:15:00,,13.27,,0.02,,0.2,,6.38,,10.1,,59.5,,12.1
7/20/2016,15:30:00,,12.91,,0.01,,0.1,,6.4,,10.1,,58.4,,12.1
7/20/2016,15:45:00,,13.09,,0.02,,0.2,,6.37,,14,,59.7,,12.1
7/20/2016,16:00:00,,12.79,,0.01,,0.1,,6.37,,12.3,,59.9,,12.1
7/20/2016,16:15:00,,12.86,,0.01,,0.1,,6.36,,12.5,,59,,12.1
7/20/2016,16:30:00,,12.97,,0.02,,0.2,,6.36,,12.5,,60,,12.1
7/20/2016,16:45:00,,12.89,,0.01,,0.1,,6.35,,10.1,,59.1,,12.1
7/20/2016,17:00:00,,12.86,,0.01,,0.1,,6.35,,9.9,,58.6,,12.1
7/20/2016,17:15:00,,12.75,,0.01,,0.1,,6.34,,12.1,,58.4,,12.1
7/20/2016,17:30:00,,12.94,,0.02,,0.1,,6.35,,12.4,,58.4,,12.1
7/20/2016,17:45:00,,12.97,,0.02,,0.2,,6.34,,12.5,,59.2,,12.1
7/20/2016,18:00:00,,12.75,,0.01,,0.1,,6.34,,17.6,,58.8,,12.1
7/20/2016,18:15:00,,12.66,,0.01,,0.1,,6.34,,17.2,,59.2,,12.1
7/20/2016,18:30:00,,12.75,,0.01,,0.1,,6.36,,18.1,,58.5,,12.1
7/20/2016,18:45:00,,12.9,,0.01,,0.1,,6.34,,15.2,,59.3,,12.1
7/20/2016,19:00:00,,12.8,,0.01,,0.1,,6.35,,17,,59.1,,12.1
7/20/2016,19:15:00,,12.75,,0.01,,0.1,,6.35,,20.9,,59,,12.1
7/20/2016,19:30:00,,12.91,,0.01,,0.1,,6.35,,11.2,,59.2,,12.1
7/20/2016,19:45:00,,12.86,,0.01,,0.1,,6.35,,31.1,,59.1,,12.1
7/20/2016,20:00:00,,12.7,,0.01,,0.1,,6.36,,15,,59.4,,12.1
7/20/2016,20:15:00,,12.64,,0.01,,0.1,,6.36,,9.2,,58.9,,12.1
7/20/2016,20:30:00,,12.96,,0.02,,0.2,,6.34,,15.8,,59.7,,12.1
7/20/2016,20:45:00,,12.8,,0.01,,0.1,,6.34,,25.7,,59.1,,12.1
7/20/2016,21:00:00,,12.84,,0.01,,0.1,,6.35,,45.5,,58.7,,12.1
7/20/2016,21:15:00,,12.75,,0.01,,0.1,,6.36,,11.5,,58.7,,12.1
7/20/2016,21:30:00,,12.7,,0.01,,0.1,,6.36,,12.8,,58.3,,12.1
7/20/2016,21:45:00,,12.76,,0.01,,0.1,,6.36,,19.8,,58.5,,12.1
7/20/2016,22:00:00,,12.83,,0.01,,0.1,,6.36,,9.5,,58.8,,12.1
7/20/2016,22:15:00,,12.52,,0.01,,0.1,,6.35,,8.2,,59.6,,12.1
7/20/2016,22:30:00,,12.98,,0.02,,0.2,,6.35,,7.6,,59.4,,12.1
7/20/2016,22:45:00,,12.81,,0.01,,0.1,,6.37,,5.5,,59.5,,12.1
7/20/2016,23:00:00,,12.83,,0.01,,0.1,,6.38,,1,,58.6,,12.1
7/20/2016,23:15:00,,12.72,,0.01,,0.1,,6.39,,1,,58.7,,12.1
7/20/2016,23:30:00,,12.98,,0.02,,0.2,,6.39,,1.2,,58.7,,12.1
7/20/2016,23:45:00,,13.14,,0.02,,0.2,,6.4,,0.8,,58.4,,12.1
7/21/2016,0:00:00,,12.78,,0.01,,0.1,,6.41,,1.3,,58.6,,12.1
7/21/2016,0:15:00,,12.67,,0.01,,0.1,,6.42,,1.4,,59.7,,12.1
7/21/2016,0:30:00,,12.91,,0.01,,0.1,,6.42,,3.2,,59,,12.1
7/21/2016,0:45:00,,13.11,,0.02,,0.2,,6.43,,6.9,,58.9,,12.1
7/21/2016,1:00:00,,13.4,,0.03,,0.2,,6.43,,16,,59,,12.1
7/21/2016,1:15:00,,13.39,,0.03,,0.2,,6.44,,7.5,,58.7,,12.1
7/21/2016,1:30:00,,13.43,,0.03,,0.3,,6.44,,6.9,,59,,12.1
7/21/2016,1:45:00,,13.45,,0.03,,0.3,,6.45,,4.8,,58.1,,12.1
7/21/2016,2:00:00,,13.53,,0.03,,0.3,,6.45,,3.9,,58.8,,12.1
7/21/2016,2:15:00,,13.7,,0.03,,0.3,,6.45,,5.8,,58.8,,12.1
7/21/2016,2:30:00,,13.69,,0.03,,0.3,,6.45,,5.5,,58.6,,12.1
7/21/2016,2:45:00,,13.78,,0.03,,0.3,,6.46,,11.2,,58.2,,12.1
7/21/2016,3:00:00,,13.69,,0.03,,0.3,,6.46,,10.6,,59.1,,12.1
7/21/2016,3:15:00,,13.69,,0.03,,0.3,,6.47,,14.3,,58.7,,12.1
7/21/2016,3:30:00,,14.08,,0.04,,0.4,,6.47,,8.9,,58.7,,12.1
7/21/2016,3:45:00,,13.77,,0.03,,0.3,,6.48,,9.6,,59.3,,12.1
7/21/2016,4:00:00,,13.89,,0.04,,0.4,,6.48,,6.8,,59,,12.1
7/21/2016,4:15:00,,14.15,,0.04,,0.4,,6.49,,6.8,,59.1,,12.1
7/21/2016,4:30:00,,14.22,,0.04,,0.4,,6.5,,6.7,,58.5,,12.1
7/21/2016,4:45:00,,14.31,,0.04,,0.4,,6.5,,6.8,,59.1,,12.1
7/21/2016,5:00:00,,14.31,,0.04,,0.4,,6.51,,6.5,,58.1,,12.1
7/21/2016,5:15:00,,14.45,,0.05,,0.5,,6.51,,4.7,,59.3,,12.1
7/21/2016,5:30:00,,14.06,,0.04,,0.4,,6.52,,5.2,,59,,12.1
7/21/2016,5:45:00,,14.23,,0.04,,0.4,,6.53,,5.7,,59.2,,12.1
7/21/2016,6:00:00,,14.12,,0.04,,0.4,,6.52,,5.3,,59.6,,12.1
7/21/2016,6:15:00,,13.91,,0.04,,0.4,,6.53,,5.8,,59.8,,12.1
7/21/2016,6:30:00,,13.77,,0.03,,0.3,,6.54,,5.8,,59.4,,12.1
7/21/2016,6:45:00,,13.81,,0.03,,0.3,,6.54,,5.5,,58.8,,12.1
7/21/2016,7:00:00,,13.95,,0.04,,0.4,,6.55,,4.9,,59.8,,12.1
7/21/2016,7:15:00,,13.71,,0.03,,0.3,,6.57,,0.8,,60.3,,12.1
7/21/2016,7:30:00,,13.58,,0.03,,0.3,,6.55,,1.4,,59,,12.1
7/21/2016,7:45:00,,13.65,,0.03,,0.3,,6.55,,2.4,,59.6,,12.1
7/21/2016,8:00:00,,13.38,,0.02,,0.2,,6.54,,5.9,,59.6,,12.1
7/21/2016,8:15:00,,13.46,,0.03,,0.3,,6.53,,6.7,,59.4,,12.1
7/21/2016,8:30:00,,13.49,,0.03,,0.3,,6.53,,6.6,,59.5,,12.1
7/21/2016,8:45:00,,13.36,,0.02,,0.2,,6.53,,6.2,,60,,12.1
7/21/2016,9:00:00,,13.3,,0.02,,0.2,,6.52,,6.4,,59.4,,12.1
7/21/2016,9:15:00,,13.35,,0.02,,0.2,,6.5,,6.5,,59.5,,12.1
7/21/2016,9:30:00,,13.28,,0.02,,0.2,,6.49,,6.6,,58.4,,12.1
7/21/2016,9:45:00,,13.01,,0.02,,0.2,,6.49,,7.2,,58.3,,12.1
7/21/2016,10:00:00,,13.28,,0.02,,0.2,,6.47,,7.5,,58.5,,12.1
7/21/2016,10:15:00,,13.36,,0.02,,0.2,,6.45,,7,,59.5,,12.1
7/21/2016,10:30:00,,13.32,,0.02,,0.2,,6.44,,7,,59.8,,12.1
7/21/2016,10:45:00,,12.96,,0.02,,0.1,,6.44,,6.9,,59,,12.1
7/21/2016,11:00:00,,12.9,,0.01,,0.1,,6.42,,6.9,,60.2,,12.1
7/21/2016,11:15:00,,13.03,,0.02,,0.2,,6.41,,7.5,,58.3,,12.1
7/21/2016,11:30:00,,12.9,,0.01,,0.1,,6.39,,6.5,,58.8,,12.1
7/21/2016,11:45:00,,13.04,,0.02,,0.2,,6.4,,6.5,,58.3,,12.1
7/21/2016,12:00:00,,12.76,,0.01,,0.1,,6.39,,7.9,,59.3,,12.1
7/21/2016,12:15:00,,12.69,,0.01,,0.1,,6.39,,8.5,,58.2,,12.1
7/21/2016,12:30:00,,12.98,,0.02,,0.2,,6.37,,8.8,,59.6,,12.1
7/21/2016,12:45:00,,12.72,,0.01,,0.1,,6.37,,9,,58.9,,12.1
7/21/2016,13:00:00,,12.69,,0.01,,0.1,,6.36,,8.6,,58.1,,12.1
7/21/2016,13:15:00,,12.59,,0.01,,0.1,,6.35,,8.3,,58.6,,12.1
7/21/2016,13:30:00,,12.74,,0.01,,0.1,,6.35,,8.2,,58.9,,12.1
7/21/2016,13:45:00,,12.69,,0.01,,0.1,,6.35,,13.4,,58.2,,12.1
7/21/2016,14:00:00,,12.64,,0.01,,0.1,,6.33,,11.6,,58.9,,12.1
7/21/2016,14:15:00,,12.8,,0.01,,0.1,,6.34,,10.9,,59.4,,12.1
7/21/2016,14:30:00,,12.48,,0.01,,0,,6.34,,10.7,,59.3,,12.1
7/21/2016,14:45:00,,12.67,,0.01,,0.1,,6.34,,10.1,,59,,12.1
7/21/2016,15:00:00,,12.52,,0.01,,0.1,,6.34,,10.6,,59,,12.1
7/21/2016,15:15:00,,12.49,,0.01,,0.1,,6.33,,9.4,,59.5,,12.1
7/21/2016,15:30:00,,12.58,,0.01,,0.1,,6.34,,9.3,,58.5,,12.1
7/21/2016,15:45:00,,12.47,,0.01,,0,,6.34,,9,,58.4,,12.1
7/21/2016,16:00:00,,12.34,,0,,0,,6.34,,9.5,,58.8,,12.1
7/21/2016,16:15:00,,12.36,,0,,0,,6.34,,10.2,,58.9,,12.1
7/21/2016,16:30:00,,12.2,,0,,0,,6.34,,9.4,,57.9,,12.1
7/21/2016,16:45:00,,12.48,,0.01,,0,,6.32,,10,,59.5,,12.1
7/21/2016,17:00:00,,12.54,,0.01,,0.1,,6.32,,9.7,,59,,12.1
7/21/2016,17:15:00,,12.41,,0,,0,,6.33,,9.4,,58.1,,12.1
7/21/2016,17:30:00,,12.14,,0,,0,,6.33,,9,,58.4,,12.1
7/21/2016,17:45:00,,12.31,,0,,0,,6.31,,8.9,,58.7,,12.1
7/21/2016,18:00:00,,12.15,,0,,0,,6.32,,9,,59.1,,12.1
7/21/2016,18:15:00,,12.25,,0,,0,,6.31,,8.5,,58.7,,12.1
7/21/2016,18:30:00,,12.16,,0,,0,,6.32,,7.6,,58.1,,12.1
7/21/2016,18:45:00,,12.46,,0,,0,,6.31,,7.5,,58,,12.1
7/21/2016,19:00:00,,12.34,,0,,0,,6.31,,7.7,,59.5,,12.1
7/21/2016,19:15:00,,12.15,,0,,0,,6.33,,6.7,,58.4,,12.1
7/21/2016,19:30:00,,12.28,,0,,0,,6.32,,7.5,,58.5,,12
7/21/2016,19:45:00,,12.18,,0,,0,,6.32,,6.3,,59.6,,12.1
7/21/2016,20:00:00,,12.3,,0,,0,,6.32,,7.2,,58.8,,12
7/21/2016,20:15:00,,12.18,,0,,0,,6.33,,6.9,,58.6,,12.1
7/21/2016,20:30:00,,12.34,,0,,0,,6.32,,6.9,,59.2,,12.1
7/21/2016,20:45:00,,12.4,,0,,0,,6.33,,6.9,,58.8,,12.1
7/21/2016,21:00:00,,12.36,,0,,0,,6.33,,6.8,,59.2,,12.1
7/21/2016,21:15:00,,12.52,,0.01,,0.1,,6.33,,6.6,,58.8,,12.1
7/21/2016,21:30:00,,12.43,,0,,0,,6.34,,6.4,,58.8,,12.1
7/21/2016,21:45:00,,12.19,,0,,0,,6.37,,6.2,,58,,12.1
7/21/2016,22:00:00,,12.51,,0.01,,0.1,,6.37,,6.3,,59.4,,12.1
7/21/2016,22:15:00,,12.34,,0,,0,,6.39,,5.8,,59.2,,12.1
7/21/2016,22:30:00,,12.33,,0,,0,,6.4,,6.3,,58.7,,12
7/21/2016,22:45:00,,12.32,,0,,0,,6.41,,6.7,,58.2,,12.1
7/21/2016,23:00:00,,12.61,,0.01,,0.1,,6.4,,6.5,,59.2,,12.1
7/21/2016,23:15:00,,12.57,,0.01,,0.1,,6.41,,6.1,,58.3,,12.1
7/21/2016,23:30:00,,12.63,,0.01,,0.1,,6.42,,6.4,,58.7,,12.1
7/21/2016,23:45:00,,12.47,,0.01,,0,,6.42,,5.5,,58.1,,12.1
7/22/2016,0:00:00,,12.64,,0.01,,0.1,,6.43,,5.7,,57.9,,12
7/22/2016,0:15:00,,12.76,,0.01,,0.1,,6.43,,1.3,,58,,12.1
7/22/2016,0:30:00,,12.73,,0.01,,0.1,,6.43,,7.6,,58.4,,12.1
7/22/2016,0:45:00,,12.57,,0.01,,0.1,,6.44,,8.6,,59,,12.1
7/22/2016,1:00:00,,12.79,,0.01,,0.1,,6.44,,9.4,,58.6,,12.1
7/22/2016,1:15:00,,12.85,,0.01,,0.1,,6.44,,9,,58.9,,12.1
7/22/2016,1:30:00,,12.72,,0.01,,0.1,,6.44,,8.7,,58.4,,12.1
7/22/2016,1:45:00,,12.68,,0.01,,0.1,,6.44,,9.3,,58.7,,12.1
7/22/2016,2:00:00,,13.14,,0.02,,0.2,,6.43,,9.9,,58.9,,12.1
7/22/2016,2:15:00,,12.87,,0.01,,0.1,,6.44,,9.8,,58.6,,12.1
7/22/2016,2:30:00,,12.91,,0.01,,0.1,,6.44,,9.7,,58.8,,12.1
7/22/2016,2:45:00,,12.99,,0.02,,0.2,,6.44,,9.4,,58.9,,12.1
7/22/2016,3:00:00,,13.04,,0.02,,0.2,,6.44,,3.2,,59.3,,12.1
7/22/2016,3:15:00,,12.96,,0.02,,0.2,,6.44,,2.7,,59,,12.1
7/22/2016,3:30:00,,12.84,,0.01,,0.1,,6.44,,3,,59.1,,12.1
7/22/2016,3:45:00,,12.87,,0.01,,0.1,,6.44,,3.4,,58.8,,12.1
7/22/2016,4:00:00,,12.97,,0.02,,0.2,,6.44,,9.2,,59.3,,12.1
7/22/2016,4:15:00,,12.96,,0.02,,0.2,,6.44,,8.3,,58.6,,12.1
7/22/2016,4:30:00,,12.95,,0.02,,0.1,,6.44,,7.9,,58.7,,12.1
7/22/2016,4:45:00,,13.08,,0.02,,0.2,,6.45,,4.1,,58.8,,12.1
7/22/2016,5:00:00,,12.89,,0.01,,0.1,,6.44,,4.7,,58.8,,12.1
7/22/2016,5:15:00,,13,,0.02,,0.2,,6.43,,5.1,,58.3,,12.1
7/22/2016,5:30:00,,12.83,,0.01,,0.1,,6.44,,5.1,,58.9,,12.1
7/22/2016,5:45:00,,12.91,,0.01,,0.1,,6.45,,6.3,,58.2,,12.1
7/22/2016,6:00:00,,12.91,,0.01,,0.1,,6.44,,6.7,,59.2,,12.1
7/22/2016,6:15:00,,12.88,,0.01,,0.1,,6.45,,1.9,,59.1,,12.1
7/22/2016,6:30:00,,12.85,,0.01,,0.1,,6.46,,1.4,,58.4,,12.1
7/22/2016,6:45:00,,12.83,,0.01,,0.1,,6.45,,1.1,,59.2,,12.1
7/22/2016,7:00:00,,12.94,,0.02,,0.1,,6.44,,1.3,,58.5,,12.1
7/22/2016,7:15:00,,13.01,,0.02,,0.2,,6.42,,0.7,,59.6,,12.1
7/22/2016,7:30:00,,12.71,,0.01,,0.1,,6.42,,1.2,,58.1,,12.1
7/22/2016,7:45:00,,12.65,,0.01,,0.1,,6.42,,0.9,,58.7,,12.1
7/22/2016,8:00:00,,12.61,,0.01,,0.1,,6.42,,0.5,,59,,12.1
7/22/2016,8:15:00,,12.57,,0.01,,0.1,,6.41,,0.4,,59.2,,12
7/22/2016,8:30:00,,12.56,,0.01,,0.1,,6.41,,0.7,,58.1,,12.1
7/22/2016,8:45:00,,12.44,,0,,0,,6.41,,0.5,,58.8,,12.1
7/22/2016,9:00:00,,12.63,,0.01,,0.1,,6.41,,0.4,,59.4,,12.1
7/22/2016,9:15:00,,12.72,,0.01,,0.1,,6.4,,0.5,,59.2,,12.1
7/22/2016,9:30:00,,12.78,,0.01,,0.1,,6.39,,0.4,,59.5,,12.1
7/22/2016,9:45:00,,12.59,,0.01,,0.1,,6.4,,0.4,,59.2,,12.1
7/22/2016,10:00:00,,12.67,,0.01,,0.1,,6.4,,0.4,,58.1,,12
7/22/2016,10:15:00,,12.52,,0.01,,0.1,,6.39,,0.4,,59.5,,12
7/22/2016,10:30:00,,12.28,,0,,0,,6.39,,0.4,,58.3,,12.1
7/22/2016,10:45:00,,12.27,,0,,0,,6.38,,0.5,,59,,12
7/22/2016,11:00:00,,12.46,,0,,0,,6.37,,0.4,,58.5,,12
7/22/2016,11:15:00,,12.25,,0,,0,,6.37,,0.4,,58.6,,12
7/22/2016,11:30:00,,12.37,,0,,0,,6.36,,0.6,,58,,12
7/22/2016,11:45:00,,12.2,,0,,0,,6.37,,0.8,,58.8,,12
7/22/2016,12:00:00,,12.28,,0,,0,,6.35,,0.1,,59.6,,12
7/22/2016,12:15:00,,12.29,,0,,0,,6.36,,0.5,,58.3,,12
7/22/2016,12:30:00,,12.29,,0,,0,,6.36,,0.4,,59.2,,12
7/22/2016,12:45:00,,12.31,,0,,0,,6.37,,0.3,,59,,12
7/22/2016,13:00:00,,12.28,,0,,0,,6.38,,0.6,,58.6,,12
7/22/2016,13:15:00,,12.17,,0,,0,,6.38,,0.2,,59.1,,12
7/22/2016,13:30:00,,12.08,,0,,0,,6.39,,0.3,,59,,12
7/22/2016,13:45:00,,12.09,,0,,0,,6.39,,0.7,,60,,12
7/22/2016,14:00:00,,11.91,,0,,0,,6.41,,0.4,,59.9,,12
7/22/2016,14:15:00,,11.81,,0,,0,,6.4,,0.4,,60.9,,12
7/22/2016,14:30:00,,11.96,,0,,0,,6.39,,1.4,,61.1,,12
7/22/2016,14:45:00,,11.85,,0,,0,,6.39,,0.4,,59.1,,12
7/22/2016,15:00:00,,11.92,,0,,0,,6.38,,0.5,,59.8,,12
7/22/2016,15:15:00,,11.72,,0,,0,,6.37,,0.7,,59,,12
7/22/2016,15:30:00,,11.85,,0,,0,,6.36,,0.7,,60,,12
7/22/2016,15:45:00,,11.83,,0,,0,,6.36,,0.8,,59.6,,12
7/22/2016,16:00:00,,11.81,,0,,0,,6.35,,0.9,,58.7,,12
7/22/2016,16:15:00,,11.8,,0,,0,,6.34,,0.9,,59,,12
7/22/2016,16:30:00,,11.84,,0,,0,,6.34,,0.8,,59.7,,12
7/22/2016,16:45:00,,11.87,,0,,0,,6.34,,0.8,,59.8,,12
7/22/2016,17:00:00,,11.93,,0,,0,,6.34,,0.9,,59.3,,12
7/22/2016,17:15:00,,11.86,,0,,0,,6.35,,1.4,,58.9,,12
7/22/2016,17:30:00,,11.91,,0,,0,,6.35,,1.4,,58.7,,12
7/22/2016,17:45:00,,11.75,,0,,0,,6.34,,1.5,,59.5,,12
7/22/2016,18:00:00,,11.86,,0,,0,,6.35,,1.3,,58.4,,12
7/22/2016,18:15:00,,11.84,,0,,0,,6.33,,1.5,,59.2,,12
7/22/2016,18:30:00,,11.7,,0,,0,,6.34,,12.1,,59,,12
7/22/2016,18:45:00,,11.93,,0,,0,,6.33,,12.8,,59,,12
7/22/2016,19:00:00,,11.95,,0,,0,,6.33,,13,,59.2,,12
7/22/2016,19:15:00,,11.69,,0,,0,,6.34,,14.3,,57.8,,12
7/22/2016,19:30:00,,11.83,,0,,0,,6.35,,12.1,,58.6,,12
7/22/2016,19:45:00,,11.99,,0,,0,,6.35,,13.9,,59.3,,12
7/22/2016,20:00:00,,11.9,,0,,0,,6.36,,8.8,,58.3,,12
7/22/2016,20:15:00,,11.9,,0,,0,,6.35,,8.6,,58.2,,12
7/22/2016,20:30:00,,11.64,,0,,0,,6.35,,8.9,,58.3,,12
7/22/2016,20:45:00,,11.86,,0,,0,,6.36,,8.7,,58,,12
7/22/2016,21:00:00,,11.88,,0,,0,,6.36,,8.7,,58.2,,12
7/22/2016,21:15:00,,11.81,,0,,0,,6.38,,8.5,,58.5,,12
7/22/2016,21:30:00,,12.08,,0,,0,,6.39,,8.4,,59.2,,12
7/22/2016,21:45:00,,11.82,,0,,0,,6.4,,11.5,,58.9,,12
7/22/2016,22:00:00,,11.92,,0,,0,,6.4,,12,,58.7,,12
7/22/2016,22:15:00,,11.78,,0,,0,,6.41,,13,,58.1,,12
7/22/2016,22:30:00,,11.77,,0,,0,,6.41,,13.6,,58.8,,12
7/22/2016,22:45:00,,11.94,,0,,0,,6.4,,6.5,,58.4,,12
7/22/2016,23:00:00,,11.96,,0,,0,,6.39,,5.9,,59.1,,12
7/22/2016,23:15:00,,11.9,,0,,0,,6.4,,6.2,,58.8,,12
7/22/2016,23:30:00,,11.79,,0,,0,,6.4,,6.1,,58.7,,12
7/22/2016,23:45:00,,11.96,,0,,0,,6.39,,6.4,,58.6,,12
7/23/2016,0:00:00,,12.02,,0,,0,,6.39,,13.1,,59.2,,12
7/23/2016,0:15:00,,11.97,,0,,0,,6.39,,5.8,,58.7,,12
7/23/2016,0:30:00,,12.03,,0,,0,,6.4,,6.6,,58.3,,12
7/23/2016,0:45:00,,11.95,,0,,0,,6.41,,6.6,,58.9,,12
7/23/2016,1:00:00,,12.46,,0,,0,,6.41,,13.9,,59.1,,12
7/23/2016,1:15:00,,12.34,,0,,0,,6.41,,14.2,,58.2,,12
7/23/2016,1:30:00,,12.18,,0,,0,,6.42,,12.2,,58.2,,12
7/23/2016,1:45:00,,12.26,,0,,0,,6.41,,10.9,,58.5,,12
7/23/2016,2:00:00,,12.38,,0,,0,,6.41,,10.9,,58.7,,12
7/23/2016,2:15:00,,12.43,,0,,0,,6.42,,9.8,,58.6,,12
7/23/2016,2:30:00,,12.69,,0.01,,0.1,,6.42,,9.9,,59.4,,12
7/23/2016,2:45:00,,12.63,,0.01,,0.1,,6.42,,9.5,,58.6,,12
7/23/2016,3:00:00,,12.67,,0.01,,0.1,,6.42,,4.2,,58.6,,12
7/23/2016,3:15:00,,12.63,,0.01,,0.1,,6.41,,4.6,,59,,12
7/23/2016,3:30:00,,12.58,,0.01,,0.1,,6.41,,4.8,,58.7,,12
7/23/2016,3:45:00,,12.84,,0.01,,0.1,,6.4,,4.8,,58.6,,12
7/23/2016,4:00:00,,12.79,,0.01,,0.1,,6.41,,4.7,,58.8,,12
7/23/2016,4:15:00,,12.81,,0.01,,0.1,,6.42,,8.4,,58.5,,12
7/23/2016,4:30:00,,12.99,,0.02,,0.2,,6.41,,11.6,,59,,12
7/23/2016,4:45:00,,12.83,,0.01,,0.1,,6.42,,12.2,,57.6,,12
7/23/2016,5:00:00,,12.79,,0.01,,0.1,,6.42,,12.8,,57.5,,12
7/23/2016,5:15:00,,12.64,,0.01,,0.1,,6.41,,12,,58.7,,12
7/23/2016,5:30:00,,12.8,,0.01,,0.1,,6.39,,12.6,,59.8,,12
7/23/2016,5:45:00,,12.82,,0.01,,0.1,,6.4,,4.7,,59.8,,12
7/23/2016,6:00:00,,12.68,,0.01,,0.1,,6.42,,12.3,,58.2,,12
7/23/2016,6:15:00,,12.56,,0.01,,0.1,,6.42,,12.8,,58.7,,12
7/23/2016,6:30:00,,12.72,,0.01,,0.1,,6.42,,11.6,,58.5,,12
7/23/2016,6:45:00,,12.6,,0.01,,0.1,,6.42,,11.1,,58.7,,12
7/23/2016,7:00:00,,12.71,,0.01,,0.1,,6.42,,9.1,,58.6,,12
7/23/2016,7:15:00,,12.66,,0.01,,0.1,,6.42,,8.6,,56.7,,12
7/23/2016,7:30:00,,12.57,,0.01,,0.1,,6.41,,8.4,,59.2,,12
7/23/2016,7:45:00,,12.77,,0.01,,0.1,,6.41,,8.6,,58.8,,12
7/23/2016,8:00:00,,12.62,,0.01,,0.1,,6.41,,8.7,,57.4,,12
7/23/2016,8:15:00,,12.77,,0.01,,0.1,,6.42,,8.9,,58.2,,12
7/23/2016,8:30:00,,12.4,,0,,0,,6.43,,9.4,,58.9,,12
7/23/2016,8:45:00,,12.47,,0,,0,,6.42,,8.4,,58.6,,12
7/23/2016,9:00:00,,12.45,,0,,0,,6.42,,9.3,,59,,12
7/23/2016,9:15:00,,12.27,,0,,0,,6.41,,8.9,,59,,12
7/23/2016,9:30:00,,12.39,,0,,0,,6.41,,8.6,,58.5,,12
7/23/2016,9:45:00,,12.44,,0,,0,,6.41,,9.1,,58.9,,12
7/23/2016,10:00:00,,12.49,,0.01,,0.1,,6.41,,8.4,,58.4,,12
7/23/2016,10:15:00,,12.29,,0,,0,,6.4,,8.4,,57.9,,12
7/23/2016,10:30:00,,12.15,,0,,0,,6.39,,8.4,,57.7,,12
7/23/2016,10:45:00,,12.49,,0.01,,0.1,,6.39,,8.5,,58.8,,12
7/23/2016,11:00:00,,12.03,,0,,0,,6.38,,8.9,,59.1,,12
7/23/2016,11:15:00,,12.17,,0,,0,,6.38,,11,,58.7,,12
7/23/2016,11:30:00,,12.11,,0,,0,,6.37,,9,,59.7,,12
7/23/2016,11:45:00,,12.11,,0,,0,,6.37,,6,,59.4,,12
7/23/2016,12:00:00,,12.1,,0,,0,,6.37,,6.8,,59.3,,12
7/23/2016,12:15:00,,11.85,,0,,0,,6.38,,6,,59.1,,12
7/23/2016,12:30:00,,11.8,,0,,0,,6.38,,1,,58.4,,12
7/23/2016,12:45:00,,11.92,,0,,0,,6.37,,0.7,,58.6,,12
7/23/2016,13:00:00,,12.13,,0,,0,,6.35,,0.6,,58.8,,12
7/23/2016,13:15:00,,11.83,,0,,0,,6.36,,0.7,,58.4,,12
7/23/2016,13:30:00,,11.78,,0,,0,,6.35,,1.4,,58.2,,12
7/23/2016,13:45:00,,11.99,,0,,0,,6.34,,2.1,,58.6,,12
7/23/2016,14:00:00,,11.84,,0,,0,,6.33,,8.1,,57.9,,12
7/23/2016,14:15:00,,11.97,,0,,0,,6.33,,8.2,,58.8,,12
7/23/2016,14:30:00,,11.75,,0,,0,,6.33,,8.2,,57.7,,12
7/23/2016,14:45:00,,11.76,,0,,0,,6.32,,7.9,,57.9,,12
7/23/2016,15:00:00,,11.89,,0,,0,,6.32,,8.1,,58.2,,12
7/23/2016,15:15:00,,11.63,,0,,0,,6.32,,8.3,,58.3,,12
7/23/2016,15:30:00,,11.71,,0,,0,,6.33,,8.1,,57.8,,12
7/23/2016,15:45:00,,11.82,,0,,0,,6.31,,7.7,,58.6,,11.9
7/23/2016,16:00:00,,11.61,,0,,0,,6.32,,7.7,,58.1,,12
7/23/2016,16:15:00,,11.75,,0,,0,,6.31,,7.4,,59.6,,11.9
7/23/2016,16:30:00,,11.74,,0,,0,,6.31,,20.5,,58.3,,12
7/23/2016,16:45:00,,11.56,,0,,0,,6.31,,8.3,,58.4,,11.9
7/23/2016,17:00:00,,11.91,,0,,0,,6.31,,8.8,,58,,12
7/23/2016,17:15:00,,11.59,,0,,0,,6.31,,11.1,,58.2,,12
7/23/2016,17:30:00,,11.77,,0,,0,,6.3,,10.8,,58.9,,11.9
7/23/2016,17:45:00,,11.5,,0,,0,,6.3,,9.9,,58.5,,12
7/23/2016,18:00:00,,11.72,,0,,0,,6.3,,10.4,,58.3,,12
7/23/2016,18:15:00,,11.74,,0,,0,,6.29,,9.9,,58.8,,11.9
7/23/2016,18:30:00,,11.58,,0,,0,,6.3,,10.3,,57,,12
7/23/2016,18:45:00,,11.79,,0,,0,,6.3,,9.9,,58.3,,11.9
7/23/2016,19:00:00,,11.63,,0,,0,,6.31,,10.3,,58.1,,11.9
7/23/2016,19:15:00,,11.56,,0,,0,,6.32,,9.9,,57.7,,11.9
7/23/2016,19:30:00,,11.5,,0,,0,,6.32,,10.3,,58.9,,12
7/23/2016,19:45:00,,11.65,,0,,0,,6.32,,10.3,,58.2,,12
7/23/2016,20:00:00,,11.57,,0,,0,,6.32,,10.4,,58.6,,12
7/23/2016,20:15:00,,11.46,,0,,0,,6.33,,10.3,,58.5,,12
7/23/2016,20:30:00,,11.68,,0,,0,,6.33,,10.3,,58.3,,12
7/23/2016,20:45:00,,11.56,,0,,0,,6.35,,10.4,,58.7,,11.9
7/23/2016,21:00:00,,11.41,,0,,0,,6.35,,10.3,,58.3,,11.9
7/23/2016,21:15:00,,11.62,,0,,0,,6.34,,10.2,,59,,11.9
7/23/2016,21:30:00,,11.63,,0,,0,,6.34,,10.4,,58.4,,11.9
7/23/2016,21:45:00,,11.56,,0,,0,,6.35,,10.2,,57.9,,11.9
7/23/2016,22:00:00,,11.51,,0,,0,,6.35,,9.9,,59,,11.9
7/23/2016,22:15:00,,11.66,,0,,0,,6.35,,10.1,,57.9,,11.9
7/23/2016,22:30:00,,11.71,,0,,0,,6.35,,10.4,,58.4,,12
7/23/2016,22:45:00,,11.65,,0,,0,,6.36,,9.6,,58,,11.9
7/23/2016,23:00:00,,11.51,,0,,0,,6.37,,9.7,,58.8,,11.9
7/23/2016,23:15:00,,11.57,,0,,0,,6.37,,9.2,,59.1,,11.9
7/23/2016,23:30:00,,11.61,,0,,0,,6.38,,7.7,,58.8,,11.9
7/23/2016,23:45:00,,11.8,,0,,0,,6.37,,3.6,,57.2,,11.9
7/24/2016,0:00:00,,11.51,,0,,0,,6.41,,2.7,,56.4,,11.9
7/24/2016,0:15:00,,11.66,,0,,0,,6.41,,7.6,,56,,12
7/24/2016,0:30:00,,11.7,,0,,0,,6.41,,8.5,,57.3,,11.9
7/24/2016,0:45:00,,11.86,,0,,0,,6.4,,2.3,,56.4,,11.9
7/24/2016,1:00:00,,11.73,,0,,0,,6.4,,2.5,,60,,12
7/24/2016,1:15:00,,11.75,,0,,0,,6.4,,2.9,,59.6,,11.9
7/24/2016,1:30:00,,11.6,,0,,0,,6.4,,9.2,,59.3,,11.9
7/24/2016,1:45:00,,11.74,,0,,0,,6.4,,9.4,,59.4,,11.9
7/24/2016,2:00:00,,11.79,,0,,0,,6.41,,8.9,,57.7,,11.9
7/24/2016,2:15:00,,11.7,,0,,0,,6.42,,8.7,,58.2,,11.9
7/24/2016,2:30:00,,11.82,,0,,0,,6.42,,8.8,,58.1,,11.9
7/24/2016,2:45:00,,12.1,,0,,0,,6.41,,7.3,,58.6,,11.9
7/24/2016,3:00:00,,11.89,,0,,0,,6.42,,7.1,,58.9,,11.9
7/24/2016,3:15:00,,11.79,,0,,0,,6.43,,7.3,,57.8,,12
7/24/2016,3:30:00,,11.98,,0,,0,,6.43,,7.3,,58.7,,11.9
7/24/2016,3:45:00,,12.09,,0,,0,,6.42,,7.4,,57.9,,12
7/24/2016,4:00:00,,12.04,,0,,0,,6.41,,7.5,,58,,12
7/24/2016,4:15:00,,12.07,,0,,0,,6.41,,7.2,,58.1,,12
7/24/2016,4:30:00,,12.17,,0,,0,,6.39,,7.3,,58.4,,11.9
7/24/2016,4:45:00,,12.06,,0,,0,,6.39,,8.1,,58.2,,11.9
7/24/2016,5:00:00,,12.24,,0,,0,,6.39,,7.7,,58.3,,12
7/24/2016,5:15:00,,12.01,,0,,0,,6.39,,8.2,,58.3,,11.9
7/24/2016,5:30:00,,12.19,,0,,0,,6.39,,7.4,,58.6,,12
7/24/2016,5:45:00,,12.19,,0,,0,,6.4,,8.2,,58.5,,12
7/24/2016,6:00:00,,12.41,,0,,0,,6.4,,8.8,,58.1,,12
7/24/2016,6:15:00,,12.16,,0,,0,,6.4,,8.1,,59.1,,12
7/24/2016,6:30:00,,12.26,,0,,0,,6.4,,7,,58.9,,12
7/24/2016,6:45:00,,12.26,,0,,0,,6.41,,7.5,,58.3,,12
7/24/2016,7:00:00,,12.19,,0,,0,,6.4,,8.3,,58.4,,12
7/24/2016,7:15:00,,12.2,,0,,0,,6.41,,6.7,,58.4,,12
7/24/2016,7:30:00,,12.14,,0,,0,,6.42,,7.4,,57.8,,12
7/24/2016,7:45:00,,12.19,,0,,0,,6.41,,8.4,,58.4,,12
7/24/2016,8:00:00,,12.05,,0,,0,,6.41,,10,,58.5,,12
7/24/2016,8:15:00,,12.21,,0,,0,,6.41,,9.5,,58.9,,11.9
7/24/2016,8:30:00,,12.1,,0,,0,,6.42,,6.7,,56.7,,11.9
7/24/2016,8:45:00,,11.98,,0,,0,,6.41,,8.2,,57.5,,12
7/24/2016,9:00:00,,12.07,,0,,0,,6.42,,6.8,,58.2,,12
7/24/2016,9:15:00,,11.97,,0,,0,,6.42,,7.2,,59,,12
7/24/2016,9:30:00,,12.05,,0,,0,,6.42,,8.6,,58.7,,12
7/24/2016,9:45:00,,12.12,,0,,0,,6.41,,7.7,,59.3,,12
7/24/2016,10:00:00,,11.95,,0,,0,,6.41,,8.7,,59.3,,12
7/24/2016,10:15:00,,12.07,,0,,0,,6.4,,8.6,,59.1,,12
7/24/2016,10:30:00,,11.91,,0,,0,,6.4,,8,,59.2,,11.9
7/24/2016,10:45:00,,12.31,,0,,0,,6.42,,33.5,,58.6,,11.9
7/24/2016,11:00:00,,11.83,,0,,0,,6.39,,7.4,,58.5,,11.9
7/24/2016,11:15:00,,11.84,,0,,0,,6.4,,8,,58.9,,11.9
7/24/2016,11:30:00,,11.85,,0,,0,,6.37,,16.1,,59.1,,11.9
7/24/2016,11:45:00,,11.66,,0,,0,,6.37,,7.2,,59.6,,11.9
7/24/2016,12:00:00,,11.73,,0,,0,,6.38,,7.4,,59.3,,11.9
7/24/2016,12:15:00,,11.85,,0,,0,,6.37,,10.4,,58.6,,11.9
7/24/2016,12:30:00,,11.71,,0,,0,,6.38,,7.7,,57,,11.9
7/24/2016,12:45:00,,11.78,,0,,0,,6.36,,9.3,,58.3,,11.9
7/24/2016,13:00:00,,11.68,,0,,0,,6.36,,7.5,,57.5,,11.9
7/24/2016,13:15:00,,11.55,,0,,0,,6.36,,7.3,,58.2,,11.9
7/24/2016,13:30:00,,11.69,,0,,0,,6.35,,7.3,,57.3,,11.9
7/24/2016,13:45:00,,11.79,,0,,0,,6.36,,7.5,,57.3,,11.9
7/24/2016,14:00:00,,11.68,,0,,0,,6.35,,7.5,,58.7,,11.9
7/24/2016,14:15:00,,11.69,,0,,0,,6.34,,7.7,,57.2,,11.9
7/24/2016,14:30:00,,11.57,,0,,0,,6.34,,7.3,,56.4,,11.9
7/24/2016,14:45:00,,11.78,,0,,0,,6.32,,8.9,,56.8,,11.9
7/24/2016,15:00:00,,11.75,,0,,0,,6.31,,9.9,,58.4,,11.9
7/24/2016,15:15:00,,11.87,,0,,0,,6.32,,9.4,,57.4,,11.9
7/24/2016,15:30:00,,11.71,,0,,0,,6.32,,12.9,,57.5,,11.9
7/24/2016,15:45:00,,11.53,,0,,0,,6.31,,11.2,,58,,11.9
7/24/2016,16:00:00,,11.54,,0,,0,,6.29,,13.1,,58.7,,11.9
7/24/2016,16:15:00,,11.38,,0,,0,,6.3,,21.3,,56.2,,11.9
7/24/2016,16:30:00,,11.52,,0,,0,,6.29,,29.5,,57.2,,11.9
7/24/2016,16:45:00,,11.45,,0,,0,,6.3,,12.9,,58,,11.9
7/24/2016,17:00:00,,11.44,,0,,0,,6.29,,11.4,,57.9,,11.9
7/24/2016,17:15:00,,11.56,,0,,0,,6.29,,5.7,,57.9,,11.9
7/24/2016,17:30:00,,11.51,,0,,0,,6.28,,5.5,,59,,11.9
7/24/2016,17:45:00,,11.56,,0,,0,,6.28,,11.9,,58.5,,11.9
7/24/2016,18:00:00,,11.5,,0,,0,,6.27,,12.2,,58.6,,11.9
7/24/2016,18:15:00,,11.5,,0,,0,,6.27,,9.5,,58.6,,11.9
7/24/2016,18:30:00,,11.46,,0,,0,,6.27,,7.3,,59.2,,11.9
7/24/2016,18:45:00,,11.59,,0,,0,,6.27,,7,,58.2,,11.9
7/24/2016,19:00:00,,11.37,,0,,0,,6.27,,6.9,,57.9,,11.9
7/24/2016,19:15:00,,11.47,,0,,0,,6.27,,7.2,,58.3,,11.9
7/24/2016,19:30:00,,11.32,,0,,0,,6.28,,6.8,,57.3,,11.9
7/24/2016,19:45:00,,11.36,,0,,0,,6.3,,6.9,,58,,11.9
7/24/2016,20:00:00,,11.51,,0,,0,,6.29,,6.8,,58.6,,11.9
7/24/2016,20:15:00,,11.23,,0,,0,,6.28,,6.8,,58.1,,11.9
7/24/2016,20:30:00,,11.46,,0,,0,,6.29,,6.8,,58.4,,11.9
7/24/2016,20:45:00,,11.59,,0,,0,,6.3,,6.9,,58.8,,11.9
7/24/2016,21:00:00,,11.62,,0,,0,,6.3,,7.1,,58.9,,11.9
7/24/2016,21:15:00,,11.75,,0,,0,,6.3,,7,,57.7,,11.9
7/24/2016,21:30:00,,11.41,,0,,0,,6.32,,7.1,,58.3,,11.9
7/24/2016,21:45:00,,11.46,,0,,0,,6.33,,7,,57.9,,11.9
7/24/2016,22:00:00,,11.4,,0,,0,,6.35,,7.3,,57.8,,11.9
7/24/2016,22:15:00,,11.6,,0,,0,,6.34,,10.1,,58.8,,11.9
7/24/2016,22:30:00,,11.64,,0,,0,,6.35,,9.6,,58.8,,11.9
7/24/2016,22:45:00,,11.52,,0,,0,,6.35,,8.5,,59.3,,11.9
7/24/2016,23:00:00,,11.59,,0,,0,,6.36,,8.3,,58.3,,11.9
7/24/2016,23:15:00,,11.71,,0,,0,,6.35,,2.3,,58.2,,11.9
7/24/2016,23:30:00,,11.68,,0,,0,,6.35,,1.9,,59.1,,11.9
7/24/2016,23:45:00,,11.71,,0,,0,,6.36,,4,,58,,11.9
7/25/2016,0:00:00,,11.61,,0,,0,,6.37,,8.8,,58.3,,11.9
7/25/2016,0:15:00,,11.81,,0,,0,,6.36,,9.2,,58.4,,11.9
7/25/2016,0:30:00,,11.77,,0,,0,,6.38,,9.2,,58.4,,11.9
7/25/2016,0:45:00,,11.62,,0,,0,,6.38,,9.2,,58,,11.9
7/25/2016,1:00:00,,11.88,,0,,0,,6.39,,3.7,,57.6,,11.9
7/25/2016,1:15:00,,12.03,,0,,0,,6.39,,3.7,,58.6,,11.9
7/25/2016,1:30:00,,12.05,,0,,0,,6.4,,7.4,,59,,11.9
7/25/2016,1:45:00,,11.87,,0,,0,,6.4,,9.5,,58.1,,11.9
7/25/2016,2:00:00,,12.05,,0,,0,,6.39,,9.8,,58.8,,11.9
7/25/2016,2:15:00,,12.03,,0,,0,,6.4,,9.9,,59.2,,11.9
7/25/2016,2:30:00,,11.87,,0,,0,,6.41,,10,,58.7,,11.9
7/25/2016,2:45:00,,12.17,,0,,0,,6.4,,10.1,,58.5,,11.9
7/25/2016,3:00:00,,11.96,,0,,0,,6.42,,9.7,,57.4,,11.9
7/25/2016,3:15:00,,12.05,,0,,0,,6.41,,9.4,,58.4,,11.9
7/25/2016,3:30:00,,12.08,,0,,0,,6.42,,9.7,,57.7,,11.9
7/25/2016,3:45:00,,11.99,,0,,0,,6.42,,10,,58.4,,11.9
7/25/2016,4:00:00,,11.88,,0,,0,,6.43,,9.8,,56.8,,11.9
7/25/2016,4:15:00,,12.12,,0,,0,,6.43,,9.7,,58.5,,11.9
7/25/2016,4:30:00,,11.84,,0,,0,,6.43,,9.6,,58.3,,11.9
7/25/2016,4:45:00,,11.91,,0,,0,,6.44,,9,,58.5,,11.9
7/25/2016,5:00:00,,12.01,,0,,0,,6.44,,9,,58.4,,11.9
7/25/2016,5:15:00,,11.86,,0,,0,,6.43,,8.8,,58.6,,11.9
7/25/2016,5:30:00,,11.85,,0,,0,,6.44,,8.7,,58.2,,11.9
7/25/2016,5:45:00,,11.73,,0,,0,,6.45,,8.9,,58.8,,11.9
7/25/2016,6:00:00,,11.78,,0,,0,,6.45,,8.5,,58.8,,11.9
7/25/2016,6:15:00,,11.87,,0,,0,,6.45,,5.2,,59.2,,11.9
7/25/2016,6:30:00,,11.59,,0,,0,,6.45,,10.1,,59.2,,11.9
7/25/2016,6:45:00,,11.69,,0,,0,,6.46,,9.2,,58.6,,11.9
7/25/2016,7:00:00,,11.75,,0,,0,,6.45,,9.4,,59.3,,11.9
7/25/2016,7:15:00,,11.75,,0,,0,,6.46,,9.2,,58.7,,11.9
7/25/2016,7:30:00,,11.75,,0,,0,,6.47,,8.9,,58.3,,11.9
7/25/2016,7:45:00,,11.7,,0,,0,,6.45,,8.8,,59.2,,11.9
7/25/2016,8:00:00,,11.65,,0,,0,,6.45,,9.4,,59.3,,11.9
7/25/2016,8:15:00,,11.84,,0,,0,,6.45,,9.2,,58.3,,11.9
7/25/2016,8:30:00,,11.59,,0,,0,,6.45,,9.9,,58.6,,11.9
7/25/2016,8:45:00,,11.77,,0,,0,,6.46,,9.5,,58.8,,11.9
7/25/2016,9:00:00,,11.7,,0,,0,,6.45,,8.8,,59.1,,11.9
7/25/2016,9:15:00,,11.53,,0,,0,,6.44,,9.1,,59.1,,11.9
7/25/2016,9:30:00,,11.47,,0,,0,,6.43,,9.1,,58.9,,11.9
7/25/2016,9:45:00,,11.57,,0,,0,,6.44,,8.9,,58.8,,11.9
7/25/2016,10:00:00,,11.49,,0,,0,,6.43,,9,,58.6,,11.9
7/25/2016,10:15:00,,11.52,,0,,0,,6.43,,9.1,,59.2,,11.9
7/25/2016,10:30:00,,11.49,,0,,0,,6.41,,8.5,,58.9,,11.9
7/25/2016,10:45:00,,11.37,,0,,0,,6.41,,8.2,,59.2,,11.9
7/25/2016,11:00:00,,11.27,,0,,0,,6.4,,7.5,,59.2,,11.9
7/25/2016,11:15:00,,11.44,,0,,0,,6.38,,8.3,,58.7,,11.9
7/25/2016,11:30:00,,11.35,,0,,0,,6.39,,8.5,,58.6,,11.9
7/25/2016,11:45:00,,11.3,,0,,0,,6.38,,7.1,,59.1,,11.9
7/25/2016,12:00:00,,11.3,,0,,0,,6.34,,6.8,,59,,11.9
7/25/2016,12:15:00,,11.31,,0,,0,,6.35,,7,,58.7,,11.9
7/25/2016,12:30:00,,11.04,,0,,0,,6.35,,6.5,,59,,11.9
7/25/2016,12:45:00,,11.14,,0,,0,,6.34,,6.4,,58.7,,11.9
7/25/2016,13:00:00,,11.04,,0,,0,,6.34,,6.5,,58.3,,11.9
7/25/2016,13:15:00,,11.07,,0,,0,,6.36,,6.4,,58.6,,11.9
7/25/2016,13:30:00,,11.06,,0,,0,,6.33,,6.5,,58.4,,11.8
7/25/2016,13:45:00,,10.99,,0,,0,,6.33,,6.3,,58.7,,11.8
7/25/2016,14:00:00,,11.01,,0,,0,,6.33,,6.3,,59.1,,11.9
7/25/2016,14:15:00,,11.1,,0,,0,,6.34,,6.1,,58.1,,11.8
7/25/2016,14:30:00,,10.88,,0,,0,,6.31,,6.6,,58.8,,11.8
7/25/2016,14:45:00,,11.01,,0,,0,,6.31,,6.4,,58.7,,11.8
7/25/2016,15:00:00,,11.01,,0,,0,,6.32,,6.3,,58.6,,11.8
7/25/2016,15:15:00,,11.01,,0,,0,,6.3,,6.3,,58.5,,11.8
7/25/2016,15:30:00,,10.98,,0,,0,,6.29,,6.2,,58.5,,11.8
7/25/2016,15:45:00,,11.1,,0,,0,,6.3,,6.2,,59,,11.8
7/25/2016,16:00:00,,10.86,,0,,0,,6.3,,6.1,,58.7,,11.8
7/25/2016,16:15:00,,10.89,,0,,0,,6.29,,6.1,,58.7,,11.8
7/25/2016,16:30:00,,10.9,,0,,0,,6.28,,5.9,,59.2,,11.8
7/25/2016,16:45:00,,10.77,,0,,0,,6.28,,6.2,,58.4,,11.8
7/25/2016,17:00:00,,10.77,,0,,0,,6.27,,6.2,,59.1,,11.8
7/25/2016,17:15:00,,10.86,,0,,0,,6.27,,6,,58.6,,11.8
7/25/2016,17:30:00,,10.87,,0,,0,,6.27,,6,,58.7,,11.8
7/25/2016,17:45:00,,10.77,,0,,0,,6.25,,6.1,,58.9,,11.8
7/25/2016,18:00:00,,10.75,,0,,0,,6.25,,5.9,,59.1,,11.8
7/25/2016,18:15:00,,10.88,,0,,0,,6.25,,6.4,,59.4,,11.8
7/25/2016,18:30:00,,10.87,,0,,0,,6.25,,6,,59.4,,11.8
7/25/2016,18:45:00,,10.82,,0,,0,,6.25,,5.9,,58.7,,11.8
7/25/2016,19:00:00,,10.75,,0,,0,,6.25,,6,,59.1,,11.8
7/25/2016,19:15:00,,10.99,,0,,0,,6.25,,6.1,,59.1,,11.8
7/25/2016,19:30:00,,10.67,,0,,0,,6.26,,6.1,,58.8,,11.8
7/25/2016,19:45:00,,10.69,,0,,0,,6.26,,6,,58.9,,11.8
7/25/2016,20:00:00,,10.6,,0,,0,,6.26,,5.9,,58.6,,11.8
7/25/2016,20:15:00,,10.85,,0,,0,,6.26,,6.2,,59,,11.8
7/25/2016,20:30:00,,10.78,,0,,0,,6.28,,6.6,,58.4,,11.8
7/25/2016,20:45:00,,10.8,,0,,0,,6.28,,6.3,,58.2,,11.8
7/25/2016,21:00:00,,10.89,,0,,0,,6.28,,6.4,,59.2,,11.8
7/25/2016,21:15:00,,10.92,,0,,0,,6.29,,6.4,,58.6,,11.8
7/25/2016,21:30:00,,10.99,,0,,0,,6.29,,6.3,,58.5,,11.8
7/25/2016,21:45:00,,10.94,,0,,0,,6.3,,6.4,,58.6,,11.8
7/25/2016,22:00:00,,10.93,,0,,0,,6.31,,6.4,,58.7,,11.8
7/25/2016,22:15:00,,10.92,,0,,0,,6.31,,6.4,,58.6,,11.8
7/25/2016,22:30:00,,10.9,,0,,0,,6.31,,6.8,,58.8,,11.8
7/25/2016,22:45:00,,10.91,,0,,0,,6.32,,6.9,,58.6,,11.8
7/25/2016,23:00:00,,10.95,,0,,0,,6.31,,8.1,,58.5,,11.8
7/25/2016,23:15:00,,11.16,,0,,0,,6.32,,9.5,,58.4,,11.8
7/25/2016,23:30:00,,11.33,,0,,0,,6.35,,8.9,,58.8,,11.8
7/25/2016,23:45:00,,11.4,,0,,0,,6.36,,7.3,,59.4,,11.8
7/26/2016,0:00:00,,11.48,,0,,0,,6.38,,7,,58.7,,11.8
7/26/2016,0:15:00,,11.6,,0,,0,,6.36,,6.6,,59.1,,11.8
7/26/2016,0:30:00,,11.51,,0,,0,,6.38,,6.6,,59.4,,11.8
7/26/2016,0:45:00,,11.49,,0,,0,,6.36,,6.8,,59.2,,11.8
7/26/2016,1:00:00,,11.54,,0,,0,,6.37,,6.6,,59.1,,11.8
7/26/2016,1:15:00,,11.57,,0,,0,,6.37,,7.2,,58.4,,11.8
7/26/2016,1:30:00,,11.7,,0,,0,,6.37,,6.9,,58.9,,11.8
7/26/2016,1:45:00,,11.7,,0,,0,,6.35,,8.8,,58.9,,11.8
7/26/2016,2:00:00,,11.78,,0,,0,,6.38,,9.6,,59,,11.9
7/26/2016,2:15:00,,11.85,,0,,0,,6.38,,6.8,,58.7,,11.9
7/26/2016,2:30:00,,11.87,,0,,0,,6.39,,6.6,,59.4,,11.8
7/26/2016,2:45:00,,11.75,,0,,0,,6.39,,6.5,,59.3,,11.9
7/26/2016,3:00:00,,12.03,,0,,0,,6.38,,6.5,,60.1,,11.9
7/26/2016,3:15:00,,11.97,,0,,0,,6.4,,6.5,,58.8,,11.9
7/26/2016,3:30:00,,11.95,,0,,0,,6.39,,6.6,,59,,11.9
7/26/2016,3:45:00,,11.98,,0,,0,,6.41,,6.5,,58.8,,11.9
7/26/2016,4:00:00,,11.84,,0,,0,,6.39,,6.7,,59.6,,11.9
7/26/2016,4:15:00,,12.07,,0,,0,,6.41,,7.1,,59.2,,11.9
7/26/2016,4:30:00,,12.04,,0,,0,,6.41,,9.6,,59.4,,11.9
7/26/2016,4:45:00,,12.06,,0,,0,,6.41,,9.8,,59.2,,11.9
7/26/2016,5:00:00,,12.02,,0,,0,,6.43,,10.5,,59.1,,11.9
7/26/2016,5:15:00,,12.09,,0,,0,,6.42,,10.9,,59.8,,11.9
7/26/2016,5:30:00,,12.17,,0,,0,,6.4,,11.5,,59.5,,11.9
7/26/2016,5:45:00,,12.01,,0,,0,,6.41,,11.5,,59.3,,11.9
7/26/2016,6:00:00,,12.18,,0,,0,,6.42,,4.3,,59.2,,11.9
7/26/2016,6:15:00,,11.97,,0,,0,,6.4,,2.9,,59.2,,11.9
7/26/2016,6:30:00,,11.92,,0,,0,,6.42,,2.4,,60,,11.9
7/26/2016,6:45:00,,12.09,,0,,0,,6.41,,1.5,,60,,11.9
7/26/2016,7:00:00,,12.05,,0,,0,,6.43,,1.9,,59.8,,11.8
7/26/2016,7:15:00,,12.12,,0,,0,,6.41,,2.3,,60.3,,11.9
7/26/2016,7:30:00,,11.89,,0,,0,,6.4,,6.3,,60.3,,11.9
7/26/2016,7:45:00,,11.91,,0,,0,,6.4,,6.9,,60.4,,11.9
7/26/2016,8:00:00,,11.9,,0,,0,,6.43,,6.6,,60.6,,11.9
7/26/2016,8:15:00,,11.84,,0,,0,,6.43,,7,,60.3,,11.8
7/26/2016,8:30:00,,11.96,,0,,0,,6.43,,7.3,,59.8,,11.9
7/26/2016,8:45:00,,11.82,,0,,0,,6.46,,7.4,,59.8,,11.9
7/26/2016,9:00:00,,11.8,,0,,0,,6.44,,7.6,,60.2,,11.9
7/26/2016,9:15:00,,11.82,,0,,0,,6.45,,7.8,,60.1,,11.9
7/26/2016,9:30:00,,11.68,,0,,0,,6.46,,7.7,,59.6,,11.9
7/26/2016,9:45:00,,11.8,,0,,0,,6.45,,8.1,,59.9,,11.9
7/26/2016,10:00:00,,11.75,,0,,0,,6.43,,8.5,,60.1,,11.9
7/26/2016,10:15:00,,11.73,,0,,0,,6.44,,8.9,,60.1,,11.9
7/26/2016,10:30:00,,11.69,,0,,0,,6.42,,8.9,,59.7,,11.9
7/26/2016,10:45:00,,11.74,,0,,0,,6.42,,28.7,,58.9,,11.9
7/26/2016,11:00:00,,11.67,,0,,0,,6.41,,2.6,,59.7,,11.8
7/26/2016,11:15:00,,11.58,,0,,0,,6.41,,2.4,,59.8,,11.9
7/26/2016,11:30:00,,11.51,,0,,0,,6.4,,2.5,,59.8,,11.8
7/26/2016,11:45:00,,11.55,,0,,0,,6.4,,1.8,,59.3,,11.8
7/26/2016,12:00:00,,11.6,,0,,0,,6.39,,1.8,,59.6,,11.8
7/26/2016,12:15:00,,11.46,,0,,0,,6.39,,1.6,,59.2,,11.8
7/26/2016,12:30:00,,11.37,,0,,0,,6.39,,2.3,,59.4,,11.9
7/26/2016,12:45:00,,11.36,,0,,0,,6.38,,13.4,,59.3,,11.9
7/26/2016,13:00:00,,11.4,,0,,0,,6.38,,12.9,,59.3,,11.8
7/26/2016,13:15:00,,11.29,,0,,0,,6.37,,12.3,,59,,11.8
7/26/2016,13:30:00,,11.46,,0,,0,,6.36,,12.7,,58.7,,11.8
7/26/2016,13:45:00,,11.22,,0,,0,,6.36,,12.7,,58.9,,11.8
7/26/2016,14:00:00,,11.44,,0,,0,,6.35,,12.3,,59.2,,11.8
7/26/2016,14:15:00,,11.31,,0,,0,,6.34,,12,,59.2,,11.8
7/26/2016,14:30:00,,11.27,,0,,0,,6.34,,11.9,,55,,11.8
7/26/2016,14:45:00,,11.17,,0,,0,,6.34,,12.1,,59.2,,11.8
7/26/2016,15:00:00,,11.33,,0,,0,,6.33,,11.6,,58.9,,11.8
7/26/2016,15:15:00,,11.21,,0,,0,,6.32,,11.2,,59.3,,11.8
7/26/2016,15:30:00,,11.27,,0,,0,,6.32,,10.8,,59.5,,11.8
7/26/2016,15:45:00,,11.13,,0,,0,,6.32,,11.1,,58.8,,11.8
7/26/2016,16:00:00,,11.1,,0,,0,,6.31,,10.9,,59.1,,11.8
7/26/2016,16:15:00,,10.99,,0,,0,,6.32,,10.8,,58.6,,11.8
7/26/2016,16:30:00,,11.07,,0,,0,,6.31,,8.5,,58.9,,11.8
7/26/2016,16:45:00,,10.96,,0,,0,,6.3,,8.3,,59,,11.8
7/26/2016,17:00:00,,11.04,,0,,0,,6.3,,7.9,,59.1,,11.8
7/26/2016,17:15:00,,11.01,,0,,0,,6.29,,8,,59.2,,11.8
7/26/2016,17:30:00,,10.98,,0,,0,,6.28,,7.7,,59.1,,11.8
7/26/2016,17:45:00,,11.07,,0,,0,,6.28,,7.9,,59.5,,11.8
7/26/2016,18:00:00,,11.07,,0,,0,,6.28,,7.9,,59.3,,11.8
7/26/2016,18:15:00,,11,,0,,0,,6.28,,7.6,,59,,11.8
7/26/2016,18:30:00,,10.95,,0,,0,,6.28,,7.7,,59,,11.8
7/26/2016,18:45:00,,11.07,,0,,0,,6.27,,7.5,,59.2,,11.8
7/26/2016,19:00:00,,10.96,,0,,0,,6.28,,7.7,,59.1,,11.8
7/26/2016,19:15:00,,10.9,,0,,0,,6.28,,7.7,,59.4,,11.8
7/26/2016,19:30:00,,10.87,,0,,0,,6.29,,7.5,,59.2,,11.8
7/26/2016,19:45:00,,10.87,,0,,0,,6.29,,7.5,,59.3,,11.8
7/26/2016,20:00:00,,11.09,,0,,0,,6.28,,7.4,,60.4,,11.8
7/26/2016,20:15:00,,11.07,,0,,0,,6.29,,7.6,,59.4,,11.8
7/26/2016,20:30:00,,10.84,,0,,0,,6.3,,7.6,,59.2,,11.8
7/26/2016,20:45:00,,11.05,,0,,0,,6.29,,7.4,,59.5,,11.8
7/26/2016,21:00:00,,10.87,,0,,0,,6.29,,7.3,,59.3,,11.8
7/26/2016,21:15:00,,10.91,,0,,0,,6.3,,7.5,,59.3,,11.8
7/26/2016,21:30:00,,11,,0,,0,,6.29,,7.4,,59.4,,11.8
7/26/2016,21:45:00,,10.96,,0,,0,,6.3,,7.5,,59.5,,11.8
7/26/2016,22:00:00,,11.12,,0,,0,,6.31,,7.4,,59.4,,11.8
7/26/2016,22:15:00,,11.11,,0,,0,,6.31,,7.3,,59,,11.8
7/26/2016,22:30:00,,11.24,,0,,0,,6.32,,7.3,,59.6,,11.8
7/26/2016,22:45:00,,11.12,,0,,0,,6.33,,7.5,,59.5,,11.8
7/26/2016,23:00:00,,11.33,,0,,0,,6.33,,7.6,,59.5,,11.8
7/26/2016,23:15:00,,11.32,,0,,0,,6.35,,7.5,,59.1,,11.8
7/26/2016,23:30:00,,11.49,,0,,0,,6.34,,7.6,,59.6,,11.8
7/26/2016,23:45:00,,11.72,,0,,0,,6.34,,7.6,,59.4,,11.8
7/27/2016,0:00:00,,11.59,,0,,0,,6.35,,7.6,,58.8,,11.8
7/27/2016,0:15:00,,11.75,,0,,0,,6.34,,7.9,,59.7,,11.8
7/27/2016,0:30:00,,11.78,,0,,0,,6.35,,7.8,,59.1,,11.8
7/27/2016,0:45:00,,11.69,,0,,0,,6.35,,7.9,,59,,11.8
7/27/2016,1:00:00,,11.78,,0,,0,,6.36,,8.1,,58.8,,11.8
7/27/2016,1:15:00,,11.82,,0,,0,,6.36,,8.3,,58.9,,11.8
7/27/2016,1:30:00,,11.92,,0,,0,,6.35,,8.2,,58.6,,11.8
7/27/2016,1:45:00,,11.99,,0,,0,,6.35,,9.5,,59.3,,11.8
7/27/2016,2:00:00,,11.99,,0,,0,,6.36,,4.2,,59,,11.8
7/27/2016,2:15:00,,11.95,,0,,0,,6.35,,4.7,,59.7,,11.8
7/27/2016,2:30:00,,11.97,,0,,0,,6.35,,11.5,,58.8,,11.8
7/27/2016,2:45:00,,12.05,,0,,0,,6.35,,11,,59.2,,11.8
7/27/2016,3:00:00,,12.03,,0,,0,,6.34,,9.2,,60,,11.8
7/27/2016,3:15:00,,12.03,,0,,0,,6.35,,11.1,,59.9,,11.8
7/27/2016,3:30:00,,11.96,,0,,0,,6.35,,11.8,,59.3,,11.8
7/27/2016,3:45:00,,12,,0,,0,,6.35,,11,,59.2,,11.8
7/27/2016,4:00:00,,12.23,,0,,0,,6.36,,11.2,,59.3,,11.9
7/27/2016,4:15:00,,11.91,,0,,0,,6.37,,8.3,,58.9,,11.8
7/27/2016,4:30:00,,12.13,,0,,0,,6.37,,8.1,,59.5,,11.9
7/27/2016,4:45:00,,12.15,,0,,0,,6.37,,8,,59.6,,11.9
7/27/2016,5:00:00,,12.35,,0,,0,,6.38,,8,,59.6,,11.8
7/27/2016,5:15:00,,12.25,,0,,0,,6.37,,8,,59.1,,11.8
7/27/2016,5:30:00,,12.27,,0,,0,,6.37,,8,,59.4,,11.8
7/27/2016,5:45:00,,12.4,,0,,0,,6.37,,8,,59.6,,11.9
7/27/2016,6:00:00,,12.35,,0,,0,,6.38,,8,,60,,11.9
7/27/2016,6:15:00,,12.35,,0,,0,,6.38,,8.3,,59.5,,11.9
7/27/2016,6:30:00,,12.28,,0,,0,,6.38,,8.1,,59.3,,11.9
7/27/2016,6:45:00,,12.22,,0,,0,,6.37,,8.1,,59.9,,11.9
7/27/2016,7:00:00,,12.25,,0,,0,,6.37,,8.3,,59.7,,11.9
7/27/2016,7:15:00,,12.08,,0,,0,,6.38,,8.2,,59.6,,11.9
7/27/2016,7:30:00,,11.92,,0,,0,,6.39,,10.9,,59.3,,11.9
7/27/2016,7:45:00,,12,,0,,0,,6.39,,11.9,,60.1,,11.9
7/27/2016,8:00:00,,11.99,,0,,0,,6.4,,13.2,,59.7,,11.9
7/27/2016,8:15:00,,12.06,,0,,0,,6.41,,9.6,,60,,11.8
7/27/2016,8:30:00,,11.82,,0,,0,,6.43,,11.8,,60.2,,11.8
7/27/2016,8:45:00,,11.78,,0,,0,,6.43,,10,,59.5,,11.8
7/27/2016,9:00:00,,11.9,,0,,0,,6.43,,8.1,,60.1,,11.8
7/27/2016,9:15:00,,11.69,,0,,0,,6.43,,7.8,,59.4,,11.8
7/27/2016,9:30:00,,11.59,,0,,0,,6.43,,8,,59.8,,11.8
7/27/2016,9:45:00,,11.58,,0,,0,,6.4,,8.3,,59.8,,11.8
7/27/2016,10:00:00,,11.45,,0,,0,,6.39,,8.7,,60.2,,11.8
7/27/2016,10:15:00,,11.4,,0,,0,,6.37,,8.5,,60.8,,11.8
7/27/2016,10:30:00,,11.4,,0,,0,,6.37,,8.8,,60.5,,11.8
7/27/2016,10:45:00,,11.32,,0,,0,,6.36,,9.1,,60.7,,11.8
7/27/2016,11:00:00,,11.38,,0,,0,,6.35,,9.1,,60.6,,11.8
7/27/2016,11:15:00,,11.33,,0,,0,,6.36,,9.3,,59.5,,11.8
7/27/2016,11:30:00,,11.25,,0,,0,,6.34,,9.7,,60,,11.8
7/27/2016,11:45:00,,11.37,,0,,0,,6.33,,12.1,,60.1,,11.8
7/27/2016,12:00:00,,11.32,,0,,0,,6.34,,12.1,,59.6,,11.8
7/27/2016,12:15:00,,11.35,,0,,0,,6.32,,11.9,,60,,11.8
7/27/2016,12:30:00,,11.18,,0,,0,,6.32,,10.3,,59.6,,11.8
7/27/2016,12:45:00,,11.27,,0,,0,,6.31,,8.2,,59.5,,11.8
7/27/2016,13:00:00,,11.22,,0,,0,,6.31,,8.2,,59.9,,11.8
7/27/2016,13:15:00,,11.28,,0,,0,,6.31,,7.9,,59.5,,11.8
7/27/2016,13:30:00,,11.28,,0,,0,,6.3,,7.9,,59.1,,11.8
7/27/2016,13:45:00,,11.23,,0,,0,,6.3,,8.2,,59,,11.8
7/27/2016,14:00:00,,11.13,,0,,0,,6.3,,8.6,,59.6,,11.8
7/27/2016,14:15:00,,11.11,,0,,0,,6.29,,8.4,,59.7,,11.8
7/27/2016,14:30:00,,11.21,,0,,0,,6.29,,9,,59.7,,11.8
7/27/2016,14:45:00,,11.08,,0,,0,,6.28,,12.7,,59.7,,11.8
7/27/2016,15:00:00,,11.17,,0,,0,,6.27,,12.3,,59.2,,11.8
7/27/2016,15:15:00,,11,,0,,0,,6.27,,12,,60,,11.8
7/27/2016,15:30:00,,11.11,,0,,0,,6.26,,11.1,,59.2,,11.8
7/27/2016,15:45:00,,11.06,,0,,0,,6.26,,11.6,,59.6,,11.8
7/27/2016,16:00:00,,11.09,,0,,0,,6.26,,12.4,,59.1,,11.8
7/27/2016,16:15:00,,11.16,,0,,0,,6.25,,12.3,,59.4,,11.8
7/27/2016,16:30:00,,11.08,,0,,0,,6.26,,0,,59.4,,11.8
7/27/2016,16:45:00,,10.84,,0,,0,,6.25,,24.6,,59.1,,11.8
7/27/2016,17:00:00,,11,,0,,0,,6.25,,9.3,,59.2,,11.8
7/27/2016,17:15:00,,11.12,,0,,0,,6.25,,14.9,,58.9,,11.8
7/27/2016,17:30:00,,11.04,,0,,0,,6.24,,29.1,,59,,11.8
7/27/2016,17:45:00,,10.9,,0,,0,,6.24,,107.7,,59.1,,11.8
7/27/2016,18:00:00,,11.06,,0,,0,,6.23,,33.4,,59.5,,11.8
7/27/2016,18:15:00,,10.99,,0,,0,,6.23,,18.8,,59.1,,11.8
7/27/2016,18:30:00,,10.83,,0,,0,,6.24,,28.4,,59.1,,11.8
7/27/2016,18:45:00,,11,,0,,0,,6.23,,25.8,,59.3,,11.8
7/27/2016,19:00:00,,10.99,,0,,0,,6.23,,30.6,,59.5,,11.8
7/27/2016,19:15:00,,11.14,,0,,0,,6.23,,10,,59.4,,11.8
7/27/2016,19:30:00,,11.09,,0,,0,,6.23,,51.9,,58.8,,11.8
7/27/2016,19:45:00,,11.19,,0,,0,,6.23,,6.4,,59.8,,11.8
7/27/2016,20:00:00,,11.01,,0,,0,,6.23,,7.4,,59.5,,11.8
7/27/2016,20:15:00,,11.01,,0,,0,,6.24,,10.8,,59.4,,11.8
7/27/2016,20:30:00,,11.13,,0,,0,,6.25,,16.7,,59.7,,11.8
7/27/2016,20:45:00,,11.05,,0,,0,,6.26,,76.5,,59.3,,11.8
7/27/2016,21:00:00,,11.03,,0,,0,,6.28,,2.9,,58.9,,11.8
7/27/2016,21:15:00,,11.13,,0,,0,,6.29,,0.4,,59.1,,11.8
7/27/2016,21:30:00,,11.04,,0,,0,,6.29,,0,,59.5,,11.8
7/27/2016,21:45:00,,11.16,,0,,0,,6.3,,0.4,,59.4,,11.8
7/27/2016,22:00:00,,11.11,,0,,0,,6.3,,0,,59.5,,11.8
7/27/2016,22:15:00,,11.14,,0,,0,,6.3,,194.9,,59.2,,11.8
7/27/2016,22:30:00,,11.3,,0,,0,,6.31,,0,,59.3,,11.8
7/27/2016,22:45:00,,11.34,,0,,0,,6.32,,0,,59.2,,11.8
7/27/2016,23:00:00,,11.45,,0,,0,,6.33,,0,,59.2,,11.8
7/27/2016,23:15:00,,11.61,,0,,0,,6.33,,0,,59.4,,11.8
7/27/2016,23:30:00,,11.64,,0,,0,,6.33,,0,,59,,11.8
7/27/2016,23:45:00,,11.6,,0,,0,,6.34,,0,,59.1,,11.8
7/28/2016,0:00:00,,11.69,,0,,0,,6.33,,0,,59.4,,11.8
7/28/2016,0:15:00,,11.84,,0,,0,,6.34,,0,,59.1,,11.8
7/28/2016,0:30:00,,11.8,,0,,0,,6.34,,0,,59.6,,11.8
7/28/2016,0:45:00,,11.79,,0,,0,,6.34,,0,,59.6,,11.8
7/28/2016,1:00:00,,11.89,,0,,0,,6.34,,0,,59.4,,11.8
7/28/2016,1:15:00,,11.97,,0,,0,,6.35,,0,,59.5,,11.8
7/28/2016,1:30:00,,12.05,,0,,0,,6.34,,7,,59.2,,11.8
7/28/2016,1:45:00,,12.22,,0,,0,,6.34,,0,,59.4,,11.8
7/28/2016,2:00:00,,12.17,,0,,0,,6.35,,0,,59.9,,11.8
7/28/2016,2:15:00,,12.23,,0,,0,,6.35,,0,,59.1,,11.8
7/28/2016,2:30:00,,12.32,,0,,0,,6.35,,0,,59.4,,11.8
7/28/2016,2:45:00,,12.44,,0,,0,,6.35,,0,,59.4,,11.8
7/28/2016,3:00:00,,12.6,,0.01,,0.1,,6.36,,0,,59.5,,11.8
7/28/2016,3:15:00,,12.99,,0.02,,0.2,,6.36,,0,,59.7,,11.8
7/28/2016,3:30:00,,12.83,,0.01,,0.1,,6.36,,0,,59.5,,11.8
7/28/2016,3:45:00,,13.03,,0.02,,0.2,,6.37,,0,,59.4,,11.9
7/28/2016,4:00:00,,13.28,,0.02,,0.2,,6.38,,0,,59.3,,11.9
7/28/2016,4:15:00,,13.46,,0.03,,0.3,,6.38,,0,,59.7,,11.9
7/28/2016,4:30:00,,13.46,,0.03,,0.3,,6.39,,0,,59.5,,11.9
7/28/2016,4:45:00,,13.33,,0.02,,0.2,,6.39,,0,,59.5,,11.9
7/28/2016,5:00:00,,13.09,,0.02,,0.2,,6.4,,0,,59.3,,11.9
7/28/2016,5:15:00,,13.35,,0.02,,0.2,,6.4,,0,,59.8,,11.9
7/28/2016,5:30:00,,13.3,,0.02,,0.2,,6.41,,0,,60.2,,11.9
7/28/2016,5:45:00,,13.3,,0.02,,0.2,,6.4,,0,,60.2,,11.9
7/28/2016,6:00:00,,13.09,,0.02,,0.2,,6.4,,0,,60.1,,11.9
7/28/2016,6:15:00,,13.07,,0.02,,0.2,,6.38,,0,,60.1,,11.9
7/28/2016,6:30:00,,13.09,,0.02,,0.2,,6.38,,0,,59.8,,11.9
7/28/2016,6:45:00,,13.05,,0.02,,0.2,,6.38,,0,,60.3,,11.9
7/28/2016,7:00:00,,13.13,,0.02,,0.2,,6.38,,0,,60.5,,11.9
7/28/2016,7:15:00,,12.96,,0.02,,0.2,,6.38,,0,,60,,11.9
7/28/2016,7:30:00,,13.08,,0.02,,0.2,,6.37,,0,,59.6,,11.9
7/28/2016,7:45:00,,12.88,,0.01,,0.1,,6.36,,0,,60.4,,11.9
7/28/2016,8:00:00,,12.79,,0.01,,0.1,,6.36,,0,,60.2,,11.9
7/28/2016,8:15:00,,12.93,,0.02,,0.1,,6.36,,0,,60.1,,11.9
7/28/2016,8:30:00,,12.82,,0.01,,0.1,,6.35,,0,,60,,11.8
7/28/2016,8:45:00,,12.66,,0.01,,0.1,,6.34,,0,,60,,11.9
7/28/2016,9:00:00,,12.63,,0.01,,0.1,,6.33,,0,,60.1,,11.8
7/28/2016,9:15:00,,12.68,,0.01,,0.1,,6.33,,0,,60,,11.9
7/28/2016,9:30:00,,12.49,,0.01,,0.1,,6.33,,16.5,,59.9,,11.9
7/28/2016,9:45:00,,12.43,,0,,0,,6.33,,0,,60.4,,11.8
7/28/2016,10:00:00,,12.37,,0,,0,,6.32,,0,,60,,11.8
7/28/2016,10:15:00,,12.46,,0,,0,,6.31,,0,,60.2,,11.8
7/28/2016,10:30:00,,12.4,,0,,0,,6.32,,0,,59.9,,11.8
7/28/2016,10:45:00,,12.38,,0,,0,,6.32,,0,,60.4,,11.9
7/28/2016,11:00:00,,12.24,,0,,0,,6.32,,0,,60.3,,11.8
7/28/2016,11:15:00,,12.25,,0,,0,,6.31,,0,,60.1,,11.8
7/28/2016,11:30:00,,12.12,,0,,0,,6.3,,0,,60.5,,11.8
7/28/2016,11:45:00,,12.03,,0,,0,,6.3,,0,,60,,11.8
7/28/2016,12:00:00,,11.95,,0,,0,,6.31,,0,,60.4,,11.8
7/28/2016,12:15:00,,12.13,,0,,0,,6.31,,0,,58.8,,11.8
7/28/2016,12:30:00,,12.12,,0,,0,,6.3,,0,,60.5,,11.8
7/28/2016,12:45:00,,12,,0,,0,,6.3,,0,,60,,11.8
7/28/2016,13:00:00,,11.95,,0,,0,,6.3,,0,,60,,11.8
7/28/2016,13:15:00,,12.01,,0,,0,,6.3,,0,,60.1,,11.8
7/28/2016,13:30:00,,12.03,,0,,0,,6.3,,0,,60.4,,11.8
7/28/2016,13:45:00,,12.04,,0,,0,,6.3,,0,,59.9,,11.8
7/28/2016,14:00:00,,11.82,,0,,0,,6.3,,0,,60.1,,11.8
7/28/2016,14:15:00,,11.7,,0,,0,,6.3,,0,,60.3,,11.8
7/28/2016,14:30:00,,11.75,,0,,0,,6.3,,0,,60.4,,11.8
7/28/2016,14:45:00,,11.72,,0,,0,,6.29,,0,,60,,11.8
7/28/2016,15:00:00,,11.87,,0,,0,,6.29,,0,,60.1,,11.8
7/28/2016,15:15:00,,11.45,,0,,0,,6.29,,0,,59.7,,11.8
7/28/2016,15:30:00,,11.52,,0,,0,,6.29,,0,,60.4,,11.8
7/28/2016,15:45:00,,11.5,,0,,0,,6.28,,0,,60.7,,11.8
7/28/2016,16:00:00,,11.5,,0,,0,,6.28,,0,,60.1,,11.8
7/28/2016,16:15:00,,11.46,,0,,0,,6.28,,0,,60.5,,11.8
7/28/2016,16:30:00,,11.44,,0,,0,,6.27,,0,,60.5,,11.8
7/28/2016,16:45:00,,11.27,,0,,0,,6.27,,0,,59.8,,11.8
7/28/2016,17:00:00,,11.34,,0,,0,,6.27,,0,,60.1,,11.8
7/28/2016,17:15:00,,11.36,,0,,0,,6.27,,0,,60.3,,11.8
7/28/2016,17:30:00,,11.39,,0,,0,,6.27,,0,,60.3,,11.8
7/28/2016,17:45:00,,11.18,,0,,0,,6.27,,0,,60.2,,11.8
7/28/2016,18:00:00,,11.26,,0,,0,,6.26,,0,,60.6,,11.8
7/28/2016,18:15:00,,11.32,,0,,0,,6.26,,0,,60.6,,11.8
7/28/2016,18:30:00,,11.18,,0,,0,,6.26,,0,,60.3,,11.8
7/28/2016,18:45:00,,11.15,,0,,0,,6.26,,0,,60.1,,11.8
7/28/2016,19:00:00,,11.18,,0,,0,,6.26,,0,,60.3,,11.8
7/28/2016,19:15:00,,11.22,,0,,0,,6.27,,0,,60.1,,11.8
7/28/2016,19:30:00,,11.29,,0,,0,,6.27,,0,,60.7,,11.8
7/28/2016,19:45:00,,11.22,,0,,0,,6.27,,0,,59.9,,11.8
7/28/2016,20:00:00,,11.31,,0,,0,,6.27,,0,,60.7,,11.8
7/28/2016,20:15:00,,11.3,,0,,0,,6.27,,0,,60.2,,11.8
7/28/2016,20:30:00,,11.36,,0,,0,,6.27,,0,,60.3,,11.8
7/28/2016,20:45:00,,11.21,,0,,0,,6.29,,0,,60.1,,11.8
7/28/2016,21:00:00,,11.3,,0,,0,,6.28,,0,,59.9,,11.8
7/28/2016,21:15:00,,11.31,,0,,0,,6.29,,0,,59.7,,11.8
7/28/2016,21:30:00,,11.31,,0,,0,,6.3,,0,,59.7,,11.8
7/28/2016,21:45:00,,11.19,,0,,0,,6.3,,0,,59.7,,11.8
7/28/2016,22:00:00,,11.37,,0,,0,,6.31,,0,,60.7,,11.8
7/28/2016,22:15:00,,11.34,,0,,0,,6.31,,0,,59.5,,11.8
7/28/2016,22:30:00,,11.58,,0,,0,,6.32,,0,,59.8,,11.8
7/28/2016,22:45:00,,11.52,,0,,0,,6.33,,0,,59.8,,11.8
7/28/2016,23:00:00,,11.49,,0,,0,,6.33,,0,,59.5,,11.8
7/28/2016,23:15:00,,11.5,,0,,0,,6.33,,0,,59.5,,11.8
7/28/2016,23:30:00,,11.64,,0,,0,,6.34,,0,,59.8,,11.8
7/28/2016,23:45:00,,11.62,,0,,0,,6.34,,0,,59.8,,11.8
7/29/2016,0:00:00,,13.95,,0.04,,0.4,,6.23,,1.2,,0.1,,11.8
7/29/2016,0:15:00,,16.11,,0.08,,0.9,,5.93,,0,,0.1,,11.8
7/29/2016,0:30:00,,17.4,,0.11,,1.2,,7.18,,0,,0.1,,11.9
7/29/2016,0:45:00,,18.16,,0.13,,1.4,,6.75,,0,,0.1,,11.9
7/29/2016,1:00:00,,18.91,,0.15,,1.6,,6.32,,0,,0,,12
7/29/2016,1:15:00,,19.44,,0.16,,1.7,,7.43,,0,,0,,12
7/29/2016,1:30:00,,19.83,,0.17,,1.8,,6.7,,0,,0.1,,12.1
7/29/2016,1:45:00,,20.37,,0.18,,2,,7.47,,0,,0.1,,12.1
7/29/2016,2:00:00,,20.7,,0.19,,2.1,,6.71,,0,,0.1,,12.1
7/29/2016,2:15:00,,20.95,,0.19,,2.2,,7.1,,0,,0,,12.2
7/29/2016,2:30:00,,21.23,,0.2,,2.3,,7.12,,0,,0,,12.2
7/29/2016,2:45:00,,21.44,,0.21,,2.4,,7.53,,0,,0.1,,12.2
7/29/2016,3:00:00,,21.59,,0.21,,2.4,,7.29,,0,,0,,12.2
7/29/2016,3:15:00,,21.71,,0.21,,2.4,,7.34,,0,,0,,12.2
7/29/2016,3:30:00,,21.8,,0.21,,2.5,,8.12,,0,,0.1,,12.2
7/29/2016,3:45:00,,21.86,,0.22,,2.5,,7.44,,0,,0,,12.3
Recovery finished at 072916 035541,,,,,,,,,,,,,,,
